2026-01-06 19:17:24.822  INFO 15552 --- [main] org.example.kortex.KortexApplication     : Starting KortexApplication using Java 21.0.1 on DESKTOP-4APF200 with PID 15552 (C:\java Ultimate\Kortex\target\classes started by 7 in C:\java Ultimate\Kortex)
2026-01-06 19:17:24.835  INFO 15552 --- [main] org.example.kortex.KortexApplication     : No active profile set, falling back to 1 default profile: "default"
2026-01-06 19:17:29.946  INFO 15552 --- [main] .s.d.r.c.RepositoryConfigurationDelegate : Bootstrapping Spring Data JPA repositories in DEFAULT mode.
2026-01-06 19:17:30.166  INFO 15552 --- [main] .s.d.r.c.RepositoryConfigurationDelegate : Finished Spring Data repository scanning in 194 ms. Found 7 JPA repository interfaces.
2026-01-06 19:17:31.750  INFO 15552 --- [main] o.s.b.w.embedded.tomcat.TomcatWebServer  : Tomcat initialized with port(s): 8080 (http)
2026-01-06 19:17:31.772  INFO 15552 --- [main] o.apache.catalina.core.StandardService   : Starting service [Tomcat]
2026-01-06 19:17:31.773  INFO 15552 --- [main] org.apache.catalina.core.StandardEngine  : Starting Servlet engine: [Apache Tomcat/9.0.73]
2026-01-06 19:17:32.098  INFO 15552 --- [main] o.a.c.c.C.[Tomcat].[localhost].[/]       : Initializing Spring embedded WebApplicationContext
2026-01-06 19:17:32.099  INFO 15552 --- [main] w.s.c.ServletWebServerApplicationContext : Root WebApplicationContext: initialization completed in 7098 ms
2026-01-06 19:17:33.802  INFO 15552 --- [main] o.hibernate.jpa.internal.util.LogHelper  : HHH000204: Processing PersistenceUnitInfo [name: default]
2026-01-06 19:17:34.379  INFO 15552 --- [main] org.hibernate.Version                    : HHH000412: Hibernate ORM core version 5.6.15.Final
2026-01-06 19:17:34.703  INFO 15552 --- [main] o.hibernate.annotations.common.Version   : HCANN000001: Hibernate Commons Annotations {5.1.2.Final}
2026-01-06 19:17:35.422  INFO 15552 --- [main] com.zaxxer.hikari.HikariDataSource       : HikariPool-1 - Starting...
2026-01-06 19:17:35.902  INFO 15552 --- [main] com.zaxxer.hikari.HikariDataSource       : HikariPool-1 - Start completed.
2026-01-06 19:17:35.949  INFO 15552 --- [main] org.hibernate.dialect.Dialect            : HHH000400: Using dialect: org.hibernate.dialect.PostgreSQLDialect
2026-01-06 19:17:40.428  INFO 15552 --- [main] o.h.e.t.j.p.i.JtaPlatformInitiator       : HHH000490: Using JtaPlatform implementation: [org.hibernate.engine.transaction.jta.platform.internal.NoJtaPlatform]
2026-01-06 19:17:40.452  INFO 15552 --- [main] j.LocalContainerEntityManagerFactoryBean : Initialized JPA EntityManagerFactory for persistence unit 'default'
2026-01-06 19:17:40.989  INFO 15552 --- [main] o.s.aop.framework.CglibAopProxy          : Unable to proxy interface-implementing method [public final void org.springframework.web.filter.OncePerRequestFilter.doFilter(javax.servlet.ServletRequest,javax.servlet.ServletResponse,javax.servlet.FilterChain) throws javax.servlet.ServletException,java.io.IOException] because it is marked as final: Consider using interface-based JDK proxies instead!
2026-01-06 19:17:40.990  INFO 15552 --- [main] o.s.aop.framework.CglibAopProxy          : Unable to proxy interface-implementing method [public final void org.springframework.web.filter.GenericFilterBean.init(javax.servlet.FilterConfig) throws javax.servlet.ServletException] because it is marked as final: Consider using interface-based JDK proxies instead!
2026-01-06 19:17:41.519  INFO 15552 --- [main] o.s.s.web.DefaultSecurityFilterChain     : Will secure any request with [org.springframework.security.web.session.DisableEncodeUrlFilter@6cb759d5, org.springframework.security.web.context.request.async.WebAsyncManagerIntegrationFilter@2ba9765b, org.springframework.security.web.context.SecurityContextPersistenceFilter@415419a4, org.springframework.security.web.header.HeaderWriterFilter@490704a5, org.springframework.security.web.authentication.logout.LogoutFilter@65b7678a, org.example.kortex.config.JwtFilter@22d47f09, org.springframework.security.web.savedrequest.RequestCacheAwareFilter@4a9f0360, org.springframework.security.web.servletapi.SecurityContextHolderAwareRequestFilter@6f12b637, org.springframework.security.web.authentication.AnonymousAuthenticationFilter@49bc1f6c, org.springframework.security.web.session.SessionManagementFilter@519eab1e, org.springframework.security.web.access.ExceptionTranslationFilter@2bf45b7c, org.springframework.security.web.access.intercept.FilterSecurityInterceptor@40696fc6]
2026-01-06 19:17:42.834  INFO 15552 --- [main] o.s.b.a.e.web.EndpointLinksResolver      : Exposing 1 endpoint(s) beneath base path '/actuator'
2026-01-06 19:17:43.254  INFO 15552 --- [main] o.s.b.w.embedded.tomcat.TomcatWebServer  : Tomcat started on port(s): 8080 (http) with context path ''
2026-01-06 19:17:43.266  INFO 15552 --- [main] org.example.kortex.KortexApplication     : Started KortexApplication in 19.662 seconds (JVM running for 21.467)
2026-01-06 19:17:43.731  INFO 15552 --- [RMI TCP Connection(2)-26.93.201.44] o.a.c.c.C.[Tomcat].[localhost].[/]       : Initializing Spring DispatcherServlet 'dispatcherServlet'
2026-01-06 19:17:43.732  INFO 15552 --- [RMI TCP Connection(2)-26.93.201.44] o.s.web.servlet.DispatcherServlet        : Initializing Servlet 'dispatcherServlet'
2026-01-06 19:17:43.733  INFO 15552 --- [RMI TCP Connection(2)-26.93.201.44] o.s.web.servlet.DispatcherServlet        : Completed initialization in 1 ms
2026-01-06 19:17:46.715  INFO 15552 --- [http-nio-8080-exec-1] org.example.kortex.config.JwtFilter      : JWT токен не найден в запросе
2026-01-06 19:17:46.768  INFO 15552 --- [http-nio-8080-exec-2] org.example.kortex.config.JwtFilter      : JWT токен не найден в запросе
2026-01-06 19:17:46.768  INFO 15552 --- [http-nio-8080-exec-3] org.example.kortex.config.JwtFilter      : JWT токен не найден в запросе
2026-01-06 19:17:46.832  INFO 15552 --- [http-nio-8080-exec-4] org.example.kortex.config.JwtFilter      : JWT токен не найден в запросе
2026-01-06 19:18:10.057  INFO 15552 --- [http-nio-8080-exec-7] org.example.kortex.config.JwtFilter      : JWT токен не найден в запросе
2026-01-06 19:18:10.075  INFO 15552 --- [http-nio-8080-exec-9] org.example.kortex.config.JwtFilter      : JWT токен не найден в запросе
2026-01-06 19:18:10.075  INFO 15552 --- [http-nio-8080-exec-8] org.example.kortex.config.JwtFilter      : JWT токен не найден в запросе
2026-01-06 19:18:11.691  INFO 15552 --- [http-nio-8080-exec-10] org.example.kortex.config.JwtFilter      : JWT токен не найден в запросе
2026-01-06 19:18:11.790  INFO 15552 --- [http-nio-8080-exec-2] org.example.kortex.config.JwtFilter      : JWT токен не найден в запросе
2026-01-06 19:18:11.790  INFO 15552 --- [http-nio-8080-exec-1] org.example.kortex.config.JwtFilter      : JWT токен не найден в запросе
2026-01-06 19:18:19.711  INFO 15552 --- [SpringApplicationShutdownHook] j.LocalContainerEntityManagerFactoryBean : Closing JPA EntityManagerFactory for persistence unit 'default'
2026-01-06 19:18:19.714  INFO 15552 --- [SpringApplicationShutdownHook] com.zaxxer.hikari.HikariDataSource       : HikariPool-1 - Shutdown initiated...
2026-01-06 19:18:19.722  INFO 15552 --- [SpringApplicationShutdownHook] com.zaxxer.hikari.HikariDataSource       : HikariPool-1 - Shutdown completed.
2026-01-06 19:18:32.700  INFO 980 --- [main] org.example.kortex.KortexApplication     : Starting KortexApplication using Java 21.0.1 on DESKTOP-4APF200 with PID 980 (C:\java Ultimate\Kortex\target\classes started by 7 in C:\java Ultimate\Kortex)
2026-01-06 19:18:32.704  INFO 980 --- [main] org.example.kortex.KortexApplication     : No active profile set, falling back to 1 default profile: "default"
2026-01-06 19:18:35.197  INFO 980 --- [main] .s.d.r.c.RepositoryConfigurationDelegate : Bootstrapping Spring Data JPA repositories in DEFAULT mode.
2026-01-06 19:18:35.331  INFO 980 --- [main] .s.d.r.c.RepositoryConfigurationDelegate : Finished Spring Data repository scanning in 122 ms. Found 7 JPA repository interfaces.
2026-01-06 19:18:36.006  INFO 980 --- [main] o.s.b.w.embedded.tomcat.TomcatWebServer  : Tomcat initialized with port(s): 8080 (http)
2026-01-06 19:18:36.016  INFO 980 --- [main] o.apache.catalina.core.StandardService   : Starting service [Tomcat]
2026-01-06 19:18:36.016  INFO 980 --- [main] org.apache.catalina.core.StandardEngine  : Starting Servlet engine: [Apache Tomcat/9.0.73]
2026-01-06 19:18:36.120  INFO 980 --- [main] o.a.c.c.C.[Tomcat].[localhost].[/]       : Initializing Spring embedded WebApplicationContext
2026-01-06 19:18:36.121  INFO 980 --- [main] w.s.c.ServletWebServerApplicationContext : Root WebApplicationContext: initialization completed in 3330 ms
2026-01-06 19:18:36.393  INFO 980 --- [main] o.hibernate.jpa.internal.util.LogHelper  : HHH000204: Processing PersistenceUnitInfo [name: default]
2026-01-06 19:18:36.455  INFO 980 --- [main] org.hibernate.Version                    : HHH000412: Hibernate ORM core version 5.6.15.Final
2026-01-06 19:18:36.644  INFO 980 --- [main] o.hibernate.annotations.common.Version   : HCANN000001: Hibernate Commons Annotations {5.1.2.Final}
2026-01-06 19:18:36.773  INFO 980 --- [main] com.zaxxer.hikari.HikariDataSource       : HikariPool-1 - Starting...
2026-01-06 19:18:37.020  INFO 980 --- [main] com.zaxxer.hikari.HikariDataSource       : HikariPool-1 - Start completed.
2026-01-06 19:18:37.041  INFO 980 --- [main] org.hibernate.dialect.Dialect            : HHH000400: Using dialect: org.hibernate.dialect.PostgreSQLDialect
2026-01-06 19:18:38.856  INFO 980 --- [main] o.h.e.t.j.p.i.JtaPlatformInitiator       : HHH000490: Using JtaPlatform implementation: [org.hibernate.engine.transaction.jta.platform.internal.NoJtaPlatform]
2026-01-06 19:18:38.890  INFO 980 --- [main] j.LocalContainerEntityManagerFactoryBean : Initialized JPA EntityManagerFactory for persistence unit 'default'
2026-01-06 19:18:39.490  INFO 980 --- [main] o.s.aop.framework.CglibAopProxy          : Unable to proxy interface-implementing method [public final void org.springframework.web.filter.OncePerRequestFilter.doFilter(javax.servlet.ServletRequest,javax.servlet.ServletResponse,javax.servlet.FilterChain) throws javax.servlet.ServletException,java.io.IOException] because it is marked as final: Consider using interface-based JDK proxies instead!
2026-01-06 19:18:39.490  INFO 980 --- [main] o.s.aop.framework.CglibAopProxy          : Unable to proxy interface-implementing method [public final void org.springframework.web.filter.GenericFilterBean.init(javax.servlet.FilterConfig) throws javax.servlet.ServletException] because it is marked as final: Consider using interface-based JDK proxies instead!
2026-01-06 19:18:40.639  INFO 980 --- [main] o.s.s.web.DefaultSecurityFilterChain     : Will secure any request with [org.springframework.security.web.session.DisableEncodeUrlFilter@7683ea43, org.springframework.security.web.context.request.async.WebAsyncManagerIntegrationFilter@15a41088, org.springframework.security.web.context.SecurityContextPersistenceFilter@277474fc, org.springframework.security.web.header.HeaderWriterFilter@638341b0, org.springframework.security.web.authentication.logout.LogoutFilter@63e0057a, org.example.kortex.config.JwtFilter@61503d00, org.springframework.security.web.savedrequest.RequestCacheAwareFilter@33425171, org.springframework.security.web.servletapi.SecurityContextHolderAwareRequestFilter@44aa5585, org.springframework.security.web.authentication.AnonymousAuthenticationFilter@3b663112, org.springframework.security.web.session.SessionManagementFilter@239bc43f, org.springframework.security.web.access.ExceptionTranslationFilter@22e1a1dc, org.springframework.security.web.access.intercept.FilterSecurityInterceptor@28dd8786]
2026-01-06 19:18:42.145  INFO 980 --- [main] o.s.b.a.e.web.EndpointLinksResolver      : Exposing 1 endpoint(s) beneath base path '/actuator'
2026-01-06 19:18:43.013  INFO 980 --- [main] o.s.b.w.embedded.tomcat.TomcatWebServer  : Tomcat started on port(s): 8080 (http) with context path ''
2026-01-06 19:18:43.064  INFO 980 --- [main] org.example.kortex.KortexApplication     : Started KortexApplication in 10.965 seconds (JVM running for 11.994)
2026-01-06 19:18:44.033  INFO 980 --- [RMI TCP Connection(3)-26.93.201.44] o.a.c.c.C.[Tomcat].[localhost].[/]       : Initializing Spring DispatcherServlet 'dispatcherServlet'
2026-01-06 19:18:44.033  INFO 980 --- [RMI TCP Connection(3)-26.93.201.44] o.s.web.servlet.DispatcherServlet        : Initializing Servlet 'dispatcherServlet'
2026-01-06 19:18:44.035  INFO 980 --- [RMI TCP Connection(3)-26.93.201.44] o.s.web.servlet.DispatcherServlet        : Completed initialization in 1 ms
2026-01-06 19:18:44.268  INFO 980 --- [http-nio-8080-exec-2] org.example.kortex.config.JwtFilter      : JWT токен не найден в запросе
2026-01-06 19:18:44.835  INFO 980 --- [http-nio-8080-exec-1] org.example.kortex.config.JwtFilter      : JWT токен не найден в запросе
2026-01-06 19:18:45.218  INFO 980 --- [http-nio-8080-exec-10] org.example.kortex.config.JwtFilter      : JWT токен не найден в запросе
2026-01-06 19:18:45.239  INFO 980 --- [http-nio-8080-exec-10] o.e.k.products.api.ProductController     : Асинхронный запрос товаров: category=null, query=null, page=0, size=12
2026-01-06 19:18:45.264  INFO 980 --- [Async-1] o.e.k.products.domain.ProductService     : Запрос на выдачу всех товаров с фильром: ProductSearchFilter[category=null, query=null, pageSize=12, pageNumber=0]
2026-01-06 19:18:45.435  INFO 980 --- [Async-1] o.e.k.products.domain.ProductService     : Поиск завершен за 153 мс, найдено: 3004 товаров
2026-01-06 19:18:45.436  INFO 980 --- [Async-1] o.e.k.products.domain.ProductService     : Выдача всех товаров с фильтром: ProductSearchFilter[category=null, query=null, pageSize=12, pageNumber=0]
2026-01-06 19:18:45.523  INFO 980 --- [http-nio-8080-exec-3] org.example.kortex.config.JwtFilter      : JWT токен не найден в запросе
2026-01-06 19:18:45.523  INFO 980 --- [http-nio-8080-exec-1] org.example.kortex.config.JwtFilter      : JWT токен не найден в запросе
2026-01-06 19:18:45.523  INFO 980 --- [http-nio-8080-exec-8] org.example.kortex.config.JwtFilter      : JWT токен не найден в запросе
2026-01-06 19:18:45.523  INFO 980 --- [http-nio-8080-exec-7] org.example.kortex.config.JwtFilter      : JWT токен не найден в запросе
2026-01-06 19:18:45.542 ERROR 980 --- [http-nio-8080-exec-5] o.a.c.c.C.[.[.[/].[dispatcherServlet]    : Servlet.service() for servlet [dispatcherServlet] in context with path [] threw exception

org.springframework.security.web.firewall.RequestRejectedException: The request was rejected because the URL contained a potentially malicious String "//"
	at org.springframework.security.web.firewall.StrictHttpFirewall.rejectedBlocklistedUrls(StrictHttpFirewall.java:535) ~[spring-security-web-5.7.7.jar:5.7.7]
	at org.springframework.security.web.firewall.StrictHttpFirewall.getFirewalledRequest(StrictHttpFirewall.java:505) ~[spring-security-web-5.7.7.jar:5.7.7]
	at org.springframework.security.web.FilterChainProxy.doFilterInternal(FilterChainProxy.java:206) ~[spring-security-web-5.7.7.jar:5.7.7]
	at org.springframework.security.web.FilterChainProxy.doFilter(FilterChainProxy.java:186) ~[spring-security-web-5.7.7.jar:5.7.7]
	at org.springframework.web.filter.DelegatingFilterProxy.invokeDelegate(DelegatingFilterProxy.java:354) ~[spring-web-5.3.26.jar:5.3.26]
	at org.springframework.web.filter.DelegatingFilterProxy.doFilter(DelegatingFilterProxy.java:267) ~[spring-web-5.3.26.jar:5.3.26]
	at org.apache.catalina.core.ApplicationFilterChain.internalDoFilter(ApplicationFilterChain.java:178) ~[tomcat-embed-core-9.0.73.jar:9.0.73]
	at org.apache.catalina.core.ApplicationFilterChain.doFilter(ApplicationFilterChain.java:153) ~[tomcat-embed-core-9.0.73.jar:9.0.73]
	at org.springframework.web.filter.RequestContextFilter.doFilterInternal(RequestContextFilter.java:100) ~[spring-web-5.3.26.jar:5.3.26]
	at org.springframework.web.filter.OncePerRequestFilter.doFilter(OncePerRequestFilter.java:117) ~[spring-web-5.3.26.jar:5.3.26]
	at org.apache.catalina.core.ApplicationFilterChain.internalDoFilter(ApplicationFilterChain.java:178) ~[tomcat-embed-core-9.0.73.jar:9.0.73]
	at org.apache.catalina.core.ApplicationFilterChain.doFilter(ApplicationFilterChain.java:153) ~[tomcat-embed-core-9.0.73.jar:9.0.73]
	at org.springframework.web.filter.FormContentFilter.doFilterInternal(FormContentFilter.java:93) ~[spring-web-5.3.26.jar:5.3.26]
	at org.springframework.web.filter.OncePerRequestFilter.doFilter(OncePerRequestFilter.java:117) ~[spring-web-5.3.26.jar:5.3.26]
	at org.apache.catalina.core.ApplicationFilterChain.internalDoFilter(ApplicationFilterChain.java:178) ~[tomcat-embed-core-9.0.73.jar:9.0.73]
	at org.apache.catalina.core.ApplicationFilterChain.doFilter(ApplicationFilterChain.java:153) ~[tomcat-embed-core-9.0.73.jar:9.0.73]
	at org.springframework.boot.actuate.metrics.web.servlet.WebMvcMetricsFilter.doFilterInternal(WebMvcMetricsFilter.java:96) ~[spring-boot-actuator-2.7.10.jar:2.7.10]
	at org.springframework.web.filter.OncePerRequestFilter.doFilter(OncePerRequestFilter.java:117) ~[spring-web-5.3.26.jar:5.3.26]
	at org.apache.catalina.core.ApplicationFilterChain.internalDoFilter(ApplicationFilterChain.java:178) ~[tomcat-embed-core-9.0.73.jar:9.0.73]
	at org.apache.catalina.core.ApplicationFilterChain.doFilter(ApplicationFilterChain.java:153) ~[tomcat-embed-core-9.0.73.jar:9.0.73]
	at org.springframework.web.filter.CharacterEncodingFilter.doFilterInternal(CharacterEncodingFilter.java:201) ~[spring-web-5.3.26.jar:5.3.26]
	at org.springframework.web.filter.OncePerRequestFilter.doFilter(OncePerRequestFilter.java:117) ~[spring-web-5.3.26.jar:5.3.26]
	at org.apache.catalina.core.ApplicationFilterChain.internalDoFilter(ApplicationFilterChain.java:178) ~[tomcat-embed-core-9.0.73.jar:9.0.73]
	at org.apache.catalina.core.ApplicationFilterChain.doFilter(ApplicationFilterChain.java:153) ~[tomcat-embed-core-9.0.73.jar:9.0.73]
	at org.apache.catalina.core.StandardWrapperValve.invoke(StandardWrapperValve.java:167) ~[tomcat-embed-core-9.0.73.jar:9.0.73]
	at org.apache.catalina.core.StandardContextValve.invoke(StandardContextValve.java:90) ~[tomcat-embed-core-9.0.73.jar:9.0.73]
	at org.apache.catalina.authenticator.AuthenticatorBase.invoke(AuthenticatorBase.java:492) ~[tomcat-embed-core-9.0.73.jar:9.0.73]
	at org.apache.catalina.core.StandardHostValve.invoke(StandardHostValve.java:130) ~[tomcat-embed-core-9.0.73.jar:9.0.73]
	at org.apache.catalina.valves.ErrorReportValve.invoke(ErrorReportValve.java:93) ~[tomcat-embed-core-9.0.73.jar:9.0.73]
	at org.apache.catalina.core.StandardEngineValve.invoke(StandardEngineValve.java:74) ~[tomcat-embed-core-9.0.73.jar:9.0.73]
	at org.apache.catalina.connector.CoyoteAdapter.service(CoyoteAdapter.java:343) ~[tomcat-embed-core-9.0.73.jar:9.0.73]
	at org.apache.coyote.http11.Http11Processor.service(Http11Processor.java:389) ~[tomcat-embed-core-9.0.73.jar:9.0.73]
	at org.apache.coyote.AbstractProcessorLight.process(AbstractProcessorLight.java:63) ~[tomcat-embed-core-9.0.73.jar:9.0.73]
	at org.apache.coyote.AbstractProtocol$ConnectionHandler.process(AbstractProtocol.java:926) ~[tomcat-embed-core-9.0.73.jar:9.0.73]
	at org.apache.tomcat.util.net.NioEndpoint$SocketProcessor.doRun(NioEndpoint.java:1791) ~[tomcat-embed-core-9.0.73.jar:9.0.73]
	at org.apache.tomcat.util.net.SocketProcessorBase.run(SocketProcessorBase.java:49) ~[tomcat-embed-core-9.0.73.jar:9.0.73]
	at org.apache.tomcat.util.threads.ThreadPoolExecutor.runWorker(ThreadPoolExecutor.java:1191) ~[tomcat-embed-core-9.0.73.jar:9.0.73]
	at org.apache.tomcat.util.threads.ThreadPoolExecutor$Worker.run(ThreadPoolExecutor.java:659) ~[tomcat-embed-core-9.0.73.jar:9.0.73]
	at org.apache.tomcat.util.threads.TaskThread$WrappingRunnable.run(TaskThread.java:61) ~[tomcat-embed-core-9.0.73.jar:9.0.73]
	at java.base/java.lang.Thread.run(Thread.java:1583) ~[na:na]

2026-01-06 19:18:48.441  INFO 980 --- [http-nio-8080-exec-9] org.example.kortex.config.JwtFilter      : JWT токен не найден в запросе
2026-01-06 19:18:48.472  INFO 980 --- [http-nio-8080-exec-4] org.example.kortex.config.JwtFilter      : JWT токен не найден в запросе
2026-01-06 19:18:48.521  INFO 980 --- [http-nio-8080-exec-10] org.example.kortex.config.JwtFilter      : JWT токен не найден в запросе
2026-01-06 19:18:48.529  INFO 980 --- [http-nio-8080-exec-2] org.example.kortex.config.JwtFilter      : JWT токен не найден в запросе
2026-01-06 19:18:55.755  INFO 980 --- [http-nio-8080-exec-7] org.example.kortex.config.JwtFilter      : JWT токен не найден в запросе
2026-01-06 19:18:55.794  INFO 980 --- [http-nio-8080-exec-2] org.example.kortex.config.JwtFilter      : JWT токен не найден в запросе
2026-01-06 19:18:55.797  INFO 980 --- [http-nio-8080-exec-2] o.e.k.products.api.ProductController     : Асинхронный запрос товаров: category=null, query=null, page=0, size=12
2026-01-06 19:18:55.799  INFO 980 --- [Async-2] o.e.k.products.domain.ProductService     : Запрос на выдачу всех товаров с фильром: ProductSearchFilter[category=null, query=null, pageSize=12, pageNumber=0]
2026-01-06 19:18:55.814  INFO 980 --- [Async-2] o.e.k.products.domain.ProductService     : Поиск завершен за 15 мс, найдено: 3004 товаров
2026-01-06 19:18:55.814  INFO 980 --- [Async-2] o.e.k.products.domain.ProductService     : Выдача всех товаров с фильтром: ProductSearchFilter[category=null, query=null, pageSize=12, pageNumber=0]
2026-01-06 19:18:55.825  INFO 980 --- [http-nio-8080-exec-8] org.example.kortex.config.JwtFilter      : JWT токен не найден в запросе
2026-01-06 19:18:55.825  INFO 980 --- [http-nio-8080-exec-1] org.example.kortex.config.JwtFilter      : JWT токен не найден в запросе
2026-01-06 19:18:55.825  INFO 980 --- [http-nio-8080-exec-10] org.example.kortex.config.JwtFilter      : JWT токен не найден в запросе
2026-01-06 19:18:55.825  INFO 980 --- [http-nio-8080-exec-5] org.example.kortex.config.JwtFilter      : JWT токен не найден в запросе
2026-01-06 19:18:55.833 ERROR 980 --- [http-nio-8080-exec-6] o.a.c.c.C.[.[.[/].[dispatcherServlet]    : Servlet.service() for servlet [dispatcherServlet] in context with path [] threw exception

org.springframework.security.web.firewall.RequestRejectedException: The request was rejected because the URL contained a potentially malicious String "//"
	at org.springframework.security.web.firewall.StrictHttpFirewall.rejectedBlocklistedUrls(StrictHttpFirewall.java:535) ~[spring-security-web-5.7.7.jar:5.7.7]
	at org.springframework.security.web.firewall.StrictHttpFirewall.getFirewalledRequest(StrictHttpFirewall.java:505) ~[spring-security-web-5.7.7.jar:5.7.7]
	at org.springframework.security.web.FilterChainProxy.doFilterInternal(FilterChainProxy.java:206) ~[spring-security-web-5.7.7.jar:5.7.7]
	at org.springframework.security.web.FilterChainProxy.doFilter(FilterChainProxy.java:186) ~[spring-security-web-5.7.7.jar:5.7.7]
	at org.springframework.web.filter.DelegatingFilterProxy.invokeDelegate(DelegatingFilterProxy.java:354) ~[spring-web-5.3.26.jar:5.3.26]
	at org.springframework.web.filter.DelegatingFilterProxy.doFilter(DelegatingFilterProxy.java:267) ~[spring-web-5.3.26.jar:5.3.26]
	at org.apache.catalina.core.ApplicationFilterChain.internalDoFilter(ApplicationFilterChain.java:178) ~[tomcat-embed-core-9.0.73.jar:9.0.73]
	at org.apache.catalina.core.ApplicationFilterChain.doFilter(ApplicationFilterChain.java:153) ~[tomcat-embed-core-9.0.73.jar:9.0.73]
	at org.springframework.web.filter.RequestContextFilter.doFilterInternal(RequestContextFilter.java:100) ~[spring-web-5.3.26.jar:5.3.26]
	at org.springframework.web.filter.OncePerRequestFilter.doFilter(OncePerRequestFilter.java:117) ~[spring-web-5.3.26.jar:5.3.26]
	at org.apache.catalina.core.ApplicationFilterChain.internalDoFilter(ApplicationFilterChain.java:178) ~[tomcat-embed-core-9.0.73.jar:9.0.73]
	at org.apache.catalina.core.ApplicationFilterChain.doFilter(ApplicationFilterChain.java:153) ~[tomcat-embed-core-9.0.73.jar:9.0.73]
	at org.springframework.web.filter.FormContentFilter.doFilterInternal(FormContentFilter.java:93) ~[spring-web-5.3.26.jar:5.3.26]
	at org.springframework.web.filter.OncePerRequestFilter.doFilter(OncePerRequestFilter.java:117) ~[spring-web-5.3.26.jar:5.3.26]
	at org.apache.catalina.core.ApplicationFilterChain.internalDoFilter(ApplicationFilterChain.java:178) ~[tomcat-embed-core-9.0.73.jar:9.0.73]
	at org.apache.catalina.core.ApplicationFilterChain.doFilter(ApplicationFilterChain.java:153) ~[tomcat-embed-core-9.0.73.jar:9.0.73]
	at org.springframework.boot.actuate.metrics.web.servlet.WebMvcMetricsFilter.doFilterInternal(WebMvcMetricsFilter.java:96) ~[spring-boot-actuator-2.7.10.jar:2.7.10]
	at org.springframework.web.filter.OncePerRequestFilter.doFilter(OncePerRequestFilter.java:117) ~[spring-web-5.3.26.jar:5.3.26]
	at org.apache.catalina.core.ApplicationFilterChain.internalDoFilter(ApplicationFilterChain.java:178) ~[tomcat-embed-core-9.0.73.jar:9.0.73]
	at org.apache.catalina.core.ApplicationFilterChain.doFilter(ApplicationFilterChain.java:153) ~[tomcat-embed-core-9.0.73.jar:9.0.73]
	at org.springframework.web.filter.CharacterEncodingFilter.doFilterInternal(CharacterEncodingFilter.java:201) ~[spring-web-5.3.26.jar:5.3.26]
	at org.springframework.web.filter.OncePerRequestFilter.doFilter(OncePerRequestFilter.java:117) ~[spring-web-5.3.26.jar:5.3.26]
	at org.apache.catalina.core.ApplicationFilterChain.internalDoFilter(ApplicationFilterChain.java:178) ~[tomcat-embed-core-9.0.73.jar:9.0.73]
	at org.apache.catalina.core.ApplicationFilterChain.doFilter(ApplicationFilterChain.java:153) ~[tomcat-embed-core-9.0.73.jar:9.0.73]
	at org.apache.catalina.core.StandardWrapperValve.invoke(StandardWrapperValve.java:167) ~[tomcat-embed-core-9.0.73.jar:9.0.73]
	at org.apache.catalina.core.StandardContextValve.invoke(StandardContextValve.java:90) ~[tomcat-embed-core-9.0.73.jar:9.0.73]
	at org.apache.catalina.authenticator.AuthenticatorBase.invoke(AuthenticatorBase.java:492) ~[tomcat-embed-core-9.0.73.jar:9.0.73]
	at org.apache.catalina.core.StandardHostValve.invoke(StandardHostValve.java:130) ~[tomcat-embed-core-9.0.73.jar:9.0.73]
	at org.apache.catalina.valves.ErrorReportValve.invoke(ErrorReportValve.java:93) ~[tomcat-embed-core-9.0.73.jar:9.0.73]
	at org.apache.catalina.core.StandardEngineValve.invoke(StandardEngineValve.java:74) ~[tomcat-embed-core-9.0.73.jar:9.0.73]
	at org.apache.catalina.connector.CoyoteAdapter.service(CoyoteAdapter.java:343) ~[tomcat-embed-core-9.0.73.jar:9.0.73]
	at org.apache.coyote.http11.Http11Processor.service(Http11Processor.java:389) ~[tomcat-embed-core-9.0.73.jar:9.0.73]
	at org.apache.coyote.AbstractProcessorLight.process(AbstractProcessorLight.java:63) ~[tomcat-embed-core-9.0.73.jar:9.0.73]
	at org.apache.coyote.AbstractProtocol$ConnectionHandler.process(AbstractProtocol.java:926) ~[tomcat-embed-core-9.0.73.jar:9.0.73]
	at org.apache.tomcat.util.net.NioEndpoint$SocketProcessor.doRun(NioEndpoint.java:1791) ~[tomcat-embed-core-9.0.73.jar:9.0.73]
	at org.apache.tomcat.util.net.SocketProcessorBase.run(SocketProcessorBase.java:49) ~[tomcat-embed-core-9.0.73.jar:9.0.73]
	at org.apache.tomcat.util.threads.ThreadPoolExecutor.runWorker(ThreadPoolExecutor.java:1191) ~[tomcat-embed-core-9.0.73.jar:9.0.73]
	at org.apache.tomcat.util.threads.ThreadPoolExecutor$Worker.run(ThreadPoolExecutor.java:659) ~[tomcat-embed-core-9.0.73.jar:9.0.73]
	at org.apache.tomcat.util.threads.TaskThread$WrappingRunnable.run(TaskThread.java:61) ~[tomcat-embed-core-9.0.73.jar:9.0.73]
	at java.base/java.lang.Thread.run(Thread.java:1583) ~[na:na]

2026-01-06 19:18:56.517  INFO 980 --- [http-nio-8080-exec-4] org.example.kortex.config.JwtFilter      : JWT токен не найден в запросе
2026-01-06 19:18:56.559  INFO 980 --- [http-nio-8080-exec-3] org.example.kortex.config.JwtFilter      : JWT токен не найден в запросе
2026-01-06 19:18:56.561  INFO 980 --- [http-nio-8080-exec-3] o.e.k.products.api.ProductController     : Асинхронный запрос товаров: category=null, query=null, page=0, size=12
2026-01-06 19:18:56.563  INFO 980 --- [Async-3] o.e.k.products.domain.ProductService     : Запрос на выдачу всех товаров с фильром: ProductSearchFilter[category=null, query=null, pageSize=12, pageNumber=0]
2026-01-06 19:18:56.577  INFO 980 --- [Async-3] o.e.k.products.domain.ProductService     : Поиск завершен за 13 мс, найдено: 3004 товаров
2026-01-06 19:18:56.578  INFO 980 --- [Async-3] o.e.k.products.domain.ProductService     : Выдача всех товаров с фильтром: ProductSearchFilter[category=null, query=null, pageSize=12, pageNumber=0]
2026-01-06 19:18:56.589  INFO 980 --- [http-nio-8080-exec-5] org.example.kortex.config.JwtFilter      : JWT токен не найден в запросе
2026-01-06 19:18:56.589  INFO 980 --- [http-nio-8080-exec-2] org.example.kortex.config.JwtFilter      : JWT токен не найден в запросе
2026-01-06 19:18:56.589  INFO 980 --- [http-nio-8080-exec-8] org.example.kortex.config.JwtFilter      : JWT токен не найден в запросе
2026-01-06 19:18:56.589  INFO 980 --- [http-nio-8080-exec-9] org.example.kortex.config.JwtFilter      : JWT токен не найден в запросе
2026-01-06 19:18:56.593 ERROR 980 --- [http-nio-8080-exec-7] o.a.c.c.C.[.[.[/].[dispatcherServlet]    : Servlet.service() for servlet [dispatcherServlet] in context with path [] threw exception

org.springframework.security.web.firewall.RequestRejectedException: The request was rejected because the URL contained a potentially malicious String "//"
	at org.springframework.security.web.firewall.StrictHttpFirewall.rejectedBlocklistedUrls(StrictHttpFirewall.java:535) ~[spring-security-web-5.7.7.jar:5.7.7]
	at org.springframework.security.web.firewall.StrictHttpFirewall.getFirewalledRequest(StrictHttpFirewall.java:505) ~[spring-security-web-5.7.7.jar:5.7.7]
	at org.springframework.security.web.FilterChainProxy.doFilterInternal(FilterChainProxy.java:206) ~[spring-security-web-5.7.7.jar:5.7.7]
	at org.springframework.security.web.FilterChainProxy.doFilter(FilterChainProxy.java:186) ~[spring-security-web-5.7.7.jar:5.7.7]
	at org.springframework.web.filter.DelegatingFilterProxy.invokeDelegate(DelegatingFilterProxy.java:354) ~[spring-web-5.3.26.jar:5.3.26]
	at org.springframework.web.filter.DelegatingFilterProxy.doFilter(DelegatingFilterProxy.java:267) ~[spring-web-5.3.26.jar:5.3.26]
	at org.apache.catalina.core.ApplicationFilterChain.internalDoFilter(ApplicationFilterChain.java:178) ~[tomcat-embed-core-9.0.73.jar:9.0.73]
	at org.apache.catalina.core.ApplicationFilterChain.doFilter(ApplicationFilterChain.java:153) ~[tomcat-embed-core-9.0.73.jar:9.0.73]
	at org.springframework.web.filter.RequestContextFilter.doFilterInternal(RequestContextFilter.java:100) ~[spring-web-5.3.26.jar:5.3.26]
	at org.springframework.web.filter.OncePerRequestFilter.doFilter(OncePerRequestFilter.java:117) ~[spring-web-5.3.26.jar:5.3.26]
	at org.apache.catalina.core.ApplicationFilterChain.internalDoFilter(ApplicationFilterChain.java:178) ~[tomcat-embed-core-9.0.73.jar:9.0.73]
	at org.apache.catalina.core.ApplicationFilterChain.doFilter(ApplicationFilterChain.java:153) ~[tomcat-embed-core-9.0.73.jar:9.0.73]
	at org.springframework.web.filter.FormContentFilter.doFilterInternal(FormContentFilter.java:93) ~[spring-web-5.3.26.jar:5.3.26]
	at org.springframework.web.filter.OncePerRequestFilter.doFilter(OncePerRequestFilter.java:117) ~[spring-web-5.3.26.jar:5.3.26]
	at org.apache.catalina.core.ApplicationFilterChain.internalDoFilter(ApplicationFilterChain.java:178) ~[tomcat-embed-core-9.0.73.jar:9.0.73]
	at org.apache.catalina.core.ApplicationFilterChain.doFilter(ApplicationFilterChain.java:153) ~[tomcat-embed-core-9.0.73.jar:9.0.73]
	at org.springframework.boot.actuate.metrics.web.servlet.WebMvcMetricsFilter.doFilterInternal(WebMvcMetricsFilter.java:96) ~[spring-boot-actuator-2.7.10.jar:2.7.10]
	at org.springframework.web.filter.OncePerRequestFilter.doFilter(OncePerRequestFilter.java:117) ~[spring-web-5.3.26.jar:5.3.26]
	at org.apache.catalina.core.ApplicationFilterChain.internalDoFilter(ApplicationFilterChain.java:178) ~[tomcat-embed-core-9.0.73.jar:9.0.73]
	at org.apache.catalina.core.ApplicationFilterChain.doFilter(ApplicationFilterChain.java:153) ~[tomcat-embed-core-9.0.73.jar:9.0.73]
	at org.springframework.web.filter.CharacterEncodingFilter.doFilterInternal(CharacterEncodingFilter.java:201) ~[spring-web-5.3.26.jar:5.3.26]
	at org.springframework.web.filter.OncePerRequestFilter.doFilter(OncePerRequestFilter.java:117) ~[spring-web-5.3.26.jar:5.3.26]
	at org.apache.catalina.core.ApplicationFilterChain.internalDoFilter(ApplicationFilterChain.java:178) ~[tomcat-embed-core-9.0.73.jar:9.0.73]
	at org.apache.catalina.core.ApplicationFilterChain.doFilter(ApplicationFilterChain.java:153) ~[tomcat-embed-core-9.0.73.jar:9.0.73]
	at org.apache.catalina.core.StandardWrapperValve.invoke(StandardWrapperValve.java:167) ~[tomcat-embed-core-9.0.73.jar:9.0.73]
	at org.apache.catalina.core.StandardContextValve.invoke(StandardContextValve.java:90) ~[tomcat-embed-core-9.0.73.jar:9.0.73]
	at org.apache.catalina.authenticator.AuthenticatorBase.invoke(AuthenticatorBase.java:492) ~[tomcat-embed-core-9.0.73.jar:9.0.73]
	at org.apache.catalina.core.StandardHostValve.invoke(StandardHostValve.java:130) ~[tomcat-embed-core-9.0.73.jar:9.0.73]
	at org.apache.catalina.valves.ErrorReportValve.invoke(ErrorReportValve.java:93) ~[tomcat-embed-core-9.0.73.jar:9.0.73]
	at org.apache.catalina.core.StandardEngineValve.invoke(StandardEngineValve.java:74) ~[tomcat-embed-core-9.0.73.jar:9.0.73]
	at org.apache.catalina.connector.CoyoteAdapter.service(CoyoteAdapter.java:343) ~[tomcat-embed-core-9.0.73.jar:9.0.73]
	at org.apache.coyote.http11.Http11Processor.service(Http11Processor.java:389) ~[tomcat-embed-core-9.0.73.jar:9.0.73]
	at org.apache.coyote.AbstractProcessorLight.process(AbstractProcessorLight.java:63) ~[tomcat-embed-core-9.0.73.jar:9.0.73]
	at org.apache.coyote.AbstractProtocol$ConnectionHandler.process(AbstractProtocol.java:926) ~[tomcat-embed-core-9.0.73.jar:9.0.73]
	at org.apache.tomcat.util.net.NioEndpoint$SocketProcessor.doRun(NioEndpoint.java:1791) ~[tomcat-embed-core-9.0.73.jar:9.0.73]
	at org.apache.tomcat.util.net.SocketProcessorBase.run(SocketProcessorBase.java:49) ~[tomcat-embed-core-9.0.73.jar:9.0.73]
	at org.apache.tomcat.util.threads.ThreadPoolExecutor.runWorker(ThreadPoolExecutor.java:1191) ~[tomcat-embed-core-9.0.73.jar:9.0.73]
	at org.apache.tomcat.util.threads.ThreadPoolExecutor$Worker.run(ThreadPoolExecutor.java:659) ~[tomcat-embed-core-9.0.73.jar:9.0.73]
	at org.apache.tomcat.util.threads.TaskThread$WrappingRunnable.run(TaskThread.java:61) ~[tomcat-embed-core-9.0.73.jar:9.0.73]
	at java.base/java.lang.Thread.run(Thread.java:1583) ~[na:na]

2026-01-06 19:18:57.869  INFO 980 --- [http-nio-8080-exec-1] org.example.kortex.config.JwtFilter      : JWT токен не найден в запросе
2026-01-06 19:18:57.888  INFO 980 --- [http-nio-8080-exec-3] org.example.kortex.config.JwtFilter      : JWT токен не найден в запросе
2026-01-06 19:18:57.888  INFO 980 --- [http-nio-8080-exec-6] org.example.kortex.config.JwtFilter      : JWT токен не найден в запросе
2026-01-06 19:19:42.572  INFO 980 --- [http-nio-8080-exec-7] org.example.kortex.config.JwtFilter      : JWT токен не найден в запросе
2026-01-06 19:19:42.915  INFO 980 --- [http-nio-8080-exec-10] org.example.kortex.config.JwtFilter      : JWT токен не найден в запросе
2026-01-06 19:20:05.373  INFO 980 --- [http-nio-8080-exec-3] org.example.kortex.config.JwtFilter      : JWT токен не найден в запросе
2026-01-06 19:20:05.519  INFO 980 --- [http-nio-8080-exec-6] org.example.kortex.config.JwtFilter      : JWT токен не найден в запросе
2026-01-06 19:20:05.539  INFO 980 --- [http-nio-8080-exec-1] org.example.kortex.config.JwtFilter      : JWT токен не найден в запросе
2026-01-06 19:20:05.540  INFO 980 --- [http-nio-8080-exec-6] o.e.k.products.api.ProductController     : Асинхронный запрос товаров: category=null, query=null, page=0, size=12
2026-01-06 19:20:05.554  INFO 980 --- [Async-4] o.e.k.products.domain.ProductService     : Запрос на выдачу всех товаров с фильром: ProductSearchFilter[category=null, query=null, pageSize=12, pageNumber=0]
2026-01-06 19:20:05.632  INFO 980 --- [Async-4] o.e.k.products.domain.ProductService     : Поиск завершен за 67 мс, найдено: 3004 товаров
2026-01-06 19:20:05.632  INFO 980 --- [Async-4] o.e.k.products.domain.ProductService     : Выдача всех товаров с фильтром: ProductSearchFilter[category=null, query=null, pageSize=12, pageNumber=0]
2026-01-06 19:20:05.668  INFO 980 --- [http-nio-8080-exec-2] org.example.kortex.config.JwtFilter      : JWT токен не найден в запросе
2026-01-06 19:20:05.669  INFO 980 --- [http-nio-8080-exec-4] org.example.kortex.config.JwtFilter      : JWT токен не найден в запросе
2026-01-06 19:20:05.669  INFO 980 --- [http-nio-8080-exec-5] org.example.kortex.config.JwtFilter      : JWT токен не найден в запросе
2026-01-06 19:20:05.669  INFO 980 --- [http-nio-8080-exec-7] org.example.kortex.config.JwtFilter      : JWT токен не найден в запросе
2026-01-06 19:20:05.679 ERROR 980 --- [http-nio-8080-exec-8] o.a.c.c.C.[.[.[/].[dispatcherServlet]    : Servlet.service() for servlet [dispatcherServlet] in context with path [] threw exception

org.springframework.security.web.firewall.RequestRejectedException: The request was rejected because the URL contained a potentially malicious String "//"
	at org.springframework.security.web.firewall.StrictHttpFirewall.rejectedBlocklistedUrls(StrictHttpFirewall.java:535) ~[spring-security-web-5.7.7.jar:5.7.7]
	at org.springframework.security.web.firewall.StrictHttpFirewall.getFirewalledRequest(StrictHttpFirewall.java:505) ~[spring-security-web-5.7.7.jar:5.7.7]
	at org.springframework.security.web.FilterChainProxy.doFilterInternal(FilterChainProxy.java:206) ~[spring-security-web-5.7.7.jar:5.7.7]
	at org.springframework.security.web.FilterChainProxy.doFilter(FilterChainProxy.java:186) ~[spring-security-web-5.7.7.jar:5.7.7]
	at org.springframework.web.filter.DelegatingFilterProxy.invokeDelegate(DelegatingFilterProxy.java:354) ~[spring-web-5.3.26.jar:5.3.26]
	at org.springframework.web.filter.DelegatingFilterProxy.doFilter(DelegatingFilterProxy.java:267) ~[spring-web-5.3.26.jar:5.3.26]
	at org.apache.catalina.core.ApplicationFilterChain.internalDoFilter(ApplicationFilterChain.java:178) ~[tomcat-embed-core-9.0.73.jar:9.0.73]
	at org.apache.catalina.core.ApplicationFilterChain.doFilter(ApplicationFilterChain.java:153) ~[tomcat-embed-core-9.0.73.jar:9.0.73]
	at org.springframework.web.filter.RequestContextFilter.doFilterInternal(RequestContextFilter.java:100) ~[spring-web-5.3.26.jar:5.3.26]
	at org.springframework.web.filter.OncePerRequestFilter.doFilter(OncePerRequestFilter.java:117) ~[spring-web-5.3.26.jar:5.3.26]
	at org.apache.catalina.core.ApplicationFilterChain.internalDoFilter(ApplicationFilterChain.java:178) ~[tomcat-embed-core-9.0.73.jar:9.0.73]
	at org.apache.catalina.core.ApplicationFilterChain.doFilter(ApplicationFilterChain.java:153) ~[tomcat-embed-core-9.0.73.jar:9.0.73]
	at org.springframework.web.filter.FormContentFilter.doFilterInternal(FormContentFilter.java:93) ~[spring-web-5.3.26.jar:5.3.26]
	at org.springframework.web.filter.OncePerRequestFilter.doFilter(OncePerRequestFilter.java:117) ~[spring-web-5.3.26.jar:5.3.26]
	at org.apache.catalina.core.ApplicationFilterChain.internalDoFilter(ApplicationFilterChain.java:178) ~[tomcat-embed-core-9.0.73.jar:9.0.73]
	at org.apache.catalina.core.ApplicationFilterChain.doFilter(ApplicationFilterChain.java:153) ~[tomcat-embed-core-9.0.73.jar:9.0.73]
	at org.springframework.boot.actuate.metrics.web.servlet.WebMvcMetricsFilter.doFilterInternal(WebMvcMetricsFilter.java:96) ~[spring-boot-actuator-2.7.10.jar:2.7.10]
	at org.springframework.web.filter.OncePerRequestFilter.doFilter(OncePerRequestFilter.java:117) ~[spring-web-5.3.26.jar:5.3.26]
	at org.apache.catalina.core.ApplicationFilterChain.internalDoFilter(ApplicationFilterChain.java:178) ~[tomcat-embed-core-9.0.73.jar:9.0.73]
	at org.apache.catalina.core.ApplicationFilterChain.doFilter(ApplicationFilterChain.java:153) ~[tomcat-embed-core-9.0.73.jar:9.0.73]
	at org.springframework.web.filter.CharacterEncodingFilter.doFilterInternal(CharacterEncodingFilter.java:201) ~[spring-web-5.3.26.jar:5.3.26]
	at org.springframework.web.filter.OncePerRequestFilter.doFilter(OncePerRequestFilter.java:117) ~[spring-web-5.3.26.jar:5.3.26]
	at org.apache.catalina.core.ApplicationFilterChain.internalDoFilter(ApplicationFilterChain.java:178) ~[tomcat-embed-core-9.0.73.jar:9.0.73]
	at org.apache.catalina.core.ApplicationFilterChain.doFilter(ApplicationFilterChain.java:153) ~[tomcat-embed-core-9.0.73.jar:9.0.73]
	at org.apache.catalina.core.StandardWrapperValve.invoke(StandardWrapperValve.java:167) ~[tomcat-embed-core-9.0.73.jar:9.0.73]
	at org.apache.catalina.core.StandardContextValve.invoke(StandardContextValve.java:90) ~[tomcat-embed-core-9.0.73.jar:9.0.73]
	at org.apache.catalina.authenticator.AuthenticatorBase.invoke(AuthenticatorBase.java:492) ~[tomcat-embed-core-9.0.73.jar:9.0.73]
	at org.apache.catalina.core.StandardHostValve.invoke(StandardHostValve.java:130) ~[tomcat-embed-core-9.0.73.jar:9.0.73]
	at org.apache.catalina.valves.ErrorReportValve.invoke(ErrorReportValve.java:93) ~[tomcat-embed-core-9.0.73.jar:9.0.73]
	at org.apache.catalina.core.StandardEngineValve.invoke(StandardEngineValve.java:74) ~[tomcat-embed-core-9.0.73.jar:9.0.73]
	at org.apache.catalina.connector.CoyoteAdapter.service(CoyoteAdapter.java:343) ~[tomcat-embed-core-9.0.73.jar:9.0.73]
	at org.apache.coyote.http11.Http11Processor.service(Http11Processor.java:389) ~[tomcat-embed-core-9.0.73.jar:9.0.73]
	at org.apache.coyote.AbstractProcessorLight.process(AbstractProcessorLight.java:63) ~[tomcat-embed-core-9.0.73.jar:9.0.73]
	at org.apache.coyote.AbstractProtocol$ConnectionHandler.process(AbstractProtocol.java:926) ~[tomcat-embed-core-9.0.73.jar:9.0.73]
	at org.apache.tomcat.util.net.NioEndpoint$SocketProcessor.doRun(NioEndpoint.java:1791) ~[tomcat-embed-core-9.0.73.jar:9.0.73]
	at org.apache.tomcat.util.net.SocketProcessorBase.run(SocketProcessorBase.java:49) ~[tomcat-embed-core-9.0.73.jar:9.0.73]
	at org.apache.tomcat.util.threads.ThreadPoolExecutor.runWorker(ThreadPoolExecutor.java:1191) ~[tomcat-embed-core-9.0.73.jar:9.0.73]
	at org.apache.tomcat.util.threads.ThreadPoolExecutor$Worker.run(ThreadPoolExecutor.java:659) ~[tomcat-embed-core-9.0.73.jar:9.0.73]
	at org.apache.tomcat.util.threads.TaskThread$WrappingRunnable.run(TaskThread.java:61) ~[tomcat-embed-core-9.0.73.jar:9.0.73]
	at java.base/java.lang.Thread.run(Thread.java:1583) ~[na:na]

2026-01-06 19:20:07.044  INFO 980 --- [http-nio-8080-exec-7] org.example.kortex.config.JwtFilter      : JWT токен не найден в запросе
2026-01-06 19:20:07.064  INFO 980 --- [http-nio-8080-exec-5] org.example.kortex.config.JwtFilter      : JWT токен не найден в запросе
2026-01-06 19:20:07.066  INFO 980 --- [http-nio-8080-exec-2] org.example.kortex.config.JwtFilter      : JWT токен не найден в запросе
2026-01-06 19:23:21.194  INFO 12940 --- [main] org.example.kortex.KortexApplication     : Starting KortexApplication using Java 21.0.1 on DESKTOP-4APF200 with PID 12940 (C:\java Ultimate\Kortex\target\classes started by 7 in C:\java Ultimate\Kortex)
2026-01-06 19:23:21.201  INFO 12940 --- [main] org.example.kortex.KortexApplication     : No active profile set, falling back to 1 default profile: "default"
2026-01-06 19:23:22.711  INFO 12940 --- [main] .s.d.r.c.RepositoryConfigurationDelegate : Bootstrapping Spring Data JPA repositories in DEFAULT mode.
2026-01-06 19:23:22.879  INFO 12940 --- [main] .s.d.r.c.RepositoryConfigurationDelegate : Finished Spring Data repository scanning in 157 ms. Found 7 JPA repository interfaces.
2026-01-06 19:23:23.521  INFO 12940 --- [main] o.s.b.w.embedded.tomcat.TomcatWebServer  : Tomcat initialized with port(s): 8080 (http)
2026-01-06 19:23:23.530  INFO 12940 --- [main] o.apache.catalina.core.StandardService   : Starting service [Tomcat]
2026-01-06 19:23:23.531  INFO 12940 --- [main] org.apache.catalina.core.StandardEngine  : Starting Servlet engine: [Apache Tomcat/9.0.73]
2026-01-06 19:23:23.657  INFO 12940 --- [main] o.a.c.c.C.[Tomcat].[localhost].[/]       : Initializing Spring embedded WebApplicationContext
2026-01-06 19:23:23.657  INFO 12940 --- [main] w.s.c.ServletWebServerApplicationContext : Root WebApplicationContext: initialization completed in 2385 ms
2026-01-06 19:23:24.034  INFO 12940 --- [main] o.hibernate.jpa.internal.util.LogHelper  : HHH000204: Processing PersistenceUnitInfo [name: default]
2026-01-06 19:23:24.121  INFO 12940 --- [main] org.hibernate.Version                    : HHH000412: Hibernate ORM core version 5.6.15.Final
2026-01-06 19:23:24.287  INFO 12940 --- [main] o.hibernate.annotations.common.Version   : HCANN000001: Hibernate Commons Annotations {5.1.2.Final}
2026-01-06 19:23:24.386  INFO 12940 --- [main] com.zaxxer.hikari.HikariDataSource       : HikariPool-1 - Starting...
2026-01-06 19:23:24.615  INFO 12940 --- [main] com.zaxxer.hikari.HikariDataSource       : HikariPool-1 - Start completed.
2026-01-06 19:23:24.634  INFO 12940 --- [main] org.hibernate.dialect.Dialect            : HHH000400: Using dialect: org.hibernate.dialect.PostgreSQLDialect
2026-01-06 19:23:25.745  INFO 12940 --- [main] o.h.e.t.j.p.i.JtaPlatformInitiator       : HHH000490: Using JtaPlatform implementation: [org.hibernate.engine.transaction.jta.platform.internal.NoJtaPlatform]
2026-01-06 19:23:25.758  INFO 12940 --- [main] j.LocalContainerEntityManagerFactoryBean : Initialized JPA EntityManagerFactory for persistence unit 'default'
2026-01-06 19:23:26.188  INFO 12940 --- [main] o.s.aop.framework.CglibAopProxy          : Unable to proxy interface-implementing method [public final void org.springframework.web.filter.OncePerRequestFilter.doFilter(javax.servlet.ServletRequest,javax.servlet.ServletResponse,javax.servlet.FilterChain) throws javax.servlet.ServletException,java.io.IOException] because it is marked as final: Consider using interface-based JDK proxies instead!
2026-01-06 19:23:26.188  INFO 12940 --- [main] o.s.aop.framework.CglibAopProxy          : Unable to proxy interface-implementing method [public final void org.springframework.web.filter.GenericFilterBean.init(javax.servlet.FilterConfig) throws javax.servlet.ServletException] because it is marked as final: Consider using interface-based JDK proxies instead!
2026-01-06 19:23:26.798  INFO 12940 --- [main] o.s.s.web.DefaultSecurityFilterChain     : Will secure any request with [org.springframework.security.web.session.DisableEncodeUrlFilter@662061e3, org.springframework.security.web.context.request.async.WebAsyncManagerIntegrationFilter@1921b43c, org.springframework.security.web.context.SecurityContextPersistenceFilter@2059c3ff, org.springframework.security.web.header.HeaderWriterFilter@56351c02, org.springframework.security.web.authentication.logout.LogoutFilter@5c552f08, org.example.kortex.config.JwtFilter@63551c66, org.springframework.security.web.savedrequest.RequestCacheAwareFilter@46c475ba, org.springframework.security.web.servletapi.SecurityContextHolderAwareRequestFilter@e47637c, org.springframework.security.web.authentication.AnonymousAuthenticationFilter@1a34772e, org.springframework.security.web.session.SessionManagementFilter@7d4e424e, org.springframework.security.web.access.ExceptionTranslationFilter@c4ca86a, org.springframework.security.web.access.intercept.FilterSecurityInterceptor@24482a4f]
2026-01-06 19:23:27.386  INFO 12940 --- [main] o.s.b.a.e.web.EndpointLinksResolver      : Exposing 1 endpoint(s) beneath base path '/actuator'
2026-01-06 19:23:27.442  INFO 12940 --- [main] o.s.b.w.embedded.tomcat.TomcatWebServer  : Tomcat started on port(s): 8080 (http) with context path ''
2026-01-06 19:23:27.453  INFO 12940 --- [main] org.example.kortex.KortexApplication     : Started KortexApplication in 6.976 seconds (JVM running for 8.626)
2026-01-06 19:23:27.768  INFO 12940 --- [RMI TCP Connection(1)-26.93.201.44] o.a.c.c.C.[Tomcat].[localhost].[/]       : Initializing Spring DispatcherServlet 'dispatcherServlet'
2026-01-06 19:23:27.769  INFO 12940 --- [RMI TCP Connection(1)-26.93.201.44] o.s.web.servlet.DispatcherServlet        : Initializing Servlet 'dispatcherServlet'
2026-01-06 19:23:27.771  INFO 12940 --- [RMI TCP Connection(1)-26.93.201.44] o.s.web.servlet.DispatcherServlet        : Completed initialization in 1 ms
2026-01-06 19:23:41.541  INFO 12940 --- [http-nio-8080-exec-1] org.example.kortex.config.JwtFilter      : JWT токен не найден в запросе
2026-01-06 19:23:41.675  INFO 12940 --- [http-nio-8080-exec-9] org.example.kortex.config.JwtFilter      : JWT токен не найден в запросе
2026-01-06 19:23:41.693  INFO 12940 --- [http-nio-8080-exec-10] org.example.kortex.config.JwtFilter      : JWT токен не найден в запросе
2026-01-06 19:23:41.699  INFO 12940 --- [http-nio-8080-exec-9] o.e.k.products.api.ProductController     : Асинхронный запрос товаров: category=null, query=null, page=0, size=12
2026-01-06 19:23:41.714  INFO 12940 --- [Async-1] o.e.k.products.domain.ProductService     : Запрос на выдачу всех товаров с фильром: ProductSearchFilter[category=null, query=null, pageSize=12, pageNumber=0]
2026-01-06 19:23:41.877  INFO 12940 --- [Async-1] o.e.k.products.domain.ProductService     : Поиск завершен за 143 мс, найдено: 3004 товаров
2026-01-06 19:23:41.878  INFO 12940 --- [Async-1] o.e.k.products.domain.ProductService     : Выдача всех товаров с фильтром: ProductSearchFilter[category=null, query=null, pageSize=12, pageNumber=0]
2026-01-06 19:23:41.921  INFO 12940 --- [http-nio-8080-exec-5] org.example.kortex.config.JwtFilter      : JWT токен не найден в запросе
2026-01-06 19:23:41.922  INFO 12940 --- [http-nio-8080-exec-4] org.example.kortex.config.JwtFilter      : JWT токен не найден в запросе
2026-01-06 19:23:41.922  INFO 12940 --- [http-nio-8080-exec-2] org.example.kortex.config.JwtFilter      : JWT токен не найден в запросе
2026-01-06 19:23:41.922  INFO 12940 --- [http-nio-8080-exec-7] org.example.kortex.config.JwtFilter      : JWT токен не найден в запросе
2026-01-06 19:23:41.937 ERROR 12940 --- [http-nio-8080-exec-6] o.a.c.c.C.[.[.[/].[dispatcherServlet]    : Servlet.service() for servlet [dispatcherServlet] in context with path [] threw exception

org.springframework.security.web.firewall.RequestRejectedException: The request was rejected because the URL contained a potentially malicious String "//"
	at org.springframework.security.web.firewall.StrictHttpFirewall.rejectedBlocklistedUrls(StrictHttpFirewall.java:535) ~[spring-security-web-5.7.7.jar:5.7.7]
	at org.springframework.security.web.firewall.StrictHttpFirewall.getFirewalledRequest(StrictHttpFirewall.java:505) ~[spring-security-web-5.7.7.jar:5.7.7]
	at org.springframework.security.web.FilterChainProxy.doFilterInternal(FilterChainProxy.java:206) ~[spring-security-web-5.7.7.jar:5.7.7]
	at org.springframework.security.web.FilterChainProxy.doFilter(FilterChainProxy.java:186) ~[spring-security-web-5.7.7.jar:5.7.7]
	at org.springframework.web.filter.DelegatingFilterProxy.invokeDelegate(DelegatingFilterProxy.java:354) ~[spring-web-5.3.26.jar:5.3.26]
	at org.springframework.web.filter.DelegatingFilterProxy.doFilter(DelegatingFilterProxy.java:267) ~[spring-web-5.3.26.jar:5.3.26]
	at org.apache.catalina.core.ApplicationFilterChain.internalDoFilter(ApplicationFilterChain.java:178) ~[tomcat-embed-core-9.0.73.jar:9.0.73]
	at org.apache.catalina.core.ApplicationFilterChain.doFilter(ApplicationFilterChain.java:153) ~[tomcat-embed-core-9.0.73.jar:9.0.73]
	at org.springframework.web.filter.RequestContextFilter.doFilterInternal(RequestContextFilter.java:100) ~[spring-web-5.3.26.jar:5.3.26]
	at org.springframework.web.filter.OncePerRequestFilter.doFilter(OncePerRequestFilter.java:117) ~[spring-web-5.3.26.jar:5.3.26]
	at org.apache.catalina.core.ApplicationFilterChain.internalDoFilter(ApplicationFilterChain.java:178) ~[tomcat-embed-core-9.0.73.jar:9.0.73]
	at org.apache.catalina.core.ApplicationFilterChain.doFilter(ApplicationFilterChain.java:153) ~[tomcat-embed-core-9.0.73.jar:9.0.73]
	at org.springframework.web.filter.FormContentFilter.doFilterInternal(FormContentFilter.java:93) ~[spring-web-5.3.26.jar:5.3.26]
	at org.springframework.web.filter.OncePerRequestFilter.doFilter(OncePerRequestFilter.java:117) ~[spring-web-5.3.26.jar:5.3.26]
	at org.apache.catalina.core.ApplicationFilterChain.internalDoFilter(ApplicationFilterChain.java:178) ~[tomcat-embed-core-9.0.73.jar:9.0.73]
	at org.apache.catalina.core.ApplicationFilterChain.doFilter(ApplicationFilterChain.java:153) ~[tomcat-embed-core-9.0.73.jar:9.0.73]
	at org.springframework.boot.actuate.metrics.web.servlet.WebMvcMetricsFilter.doFilterInternal(WebMvcMetricsFilter.java:96) ~[spring-boot-actuator-2.7.10.jar:2.7.10]
	at org.springframework.web.filter.OncePerRequestFilter.doFilter(OncePerRequestFilter.java:117) ~[spring-web-5.3.26.jar:5.3.26]
	at org.apache.catalina.core.ApplicationFilterChain.internalDoFilter(ApplicationFilterChain.java:178) ~[tomcat-embed-core-9.0.73.jar:9.0.73]
	at org.apache.catalina.core.ApplicationFilterChain.doFilter(ApplicationFilterChain.java:153) ~[tomcat-embed-core-9.0.73.jar:9.0.73]
	at org.springframework.web.filter.CharacterEncodingFilter.doFilterInternal(CharacterEncodingFilter.java:201) ~[spring-web-5.3.26.jar:5.3.26]
	at org.springframework.web.filter.OncePerRequestFilter.doFilter(OncePerRequestFilter.java:117) ~[spring-web-5.3.26.jar:5.3.26]
	at org.apache.catalina.core.ApplicationFilterChain.internalDoFilter(ApplicationFilterChain.java:178) ~[tomcat-embed-core-9.0.73.jar:9.0.73]
	at org.apache.catalina.core.ApplicationFilterChain.doFilter(ApplicationFilterChain.java:153) ~[tomcat-embed-core-9.0.73.jar:9.0.73]
	at org.apache.catalina.core.StandardWrapperValve.invoke(StandardWrapperValve.java:167) ~[tomcat-embed-core-9.0.73.jar:9.0.73]
	at org.apache.catalina.core.StandardContextValve.invoke(StandardContextValve.java:90) ~[tomcat-embed-core-9.0.73.jar:9.0.73]
	at org.apache.catalina.authenticator.AuthenticatorBase.invoke(AuthenticatorBase.java:492) ~[tomcat-embed-core-9.0.73.jar:9.0.73]
	at org.apache.catalina.core.StandardHostValve.invoke(StandardHostValve.java:130) ~[tomcat-embed-core-9.0.73.jar:9.0.73]
	at org.apache.catalina.valves.ErrorReportValve.invoke(ErrorReportValve.java:93) ~[tomcat-embed-core-9.0.73.jar:9.0.73]
	at org.apache.catalina.core.StandardEngineValve.invoke(StandardEngineValve.java:74) ~[tomcat-embed-core-9.0.73.jar:9.0.73]
	at org.apache.catalina.connector.CoyoteAdapter.service(CoyoteAdapter.java:343) ~[tomcat-embed-core-9.0.73.jar:9.0.73]
	at org.apache.coyote.http11.Http11Processor.service(Http11Processor.java:389) ~[tomcat-embed-core-9.0.73.jar:9.0.73]
	at org.apache.coyote.AbstractProcessorLight.process(AbstractProcessorLight.java:63) ~[tomcat-embed-core-9.0.73.jar:9.0.73]
	at org.apache.coyote.AbstractProtocol$ConnectionHandler.process(AbstractProtocol.java:926) ~[tomcat-embed-core-9.0.73.jar:9.0.73]
	at org.apache.tomcat.util.net.NioEndpoint$SocketProcessor.doRun(NioEndpoint.java:1791) ~[tomcat-embed-core-9.0.73.jar:9.0.73]
	at org.apache.tomcat.util.net.SocketProcessorBase.run(SocketProcessorBase.java:49) ~[tomcat-embed-core-9.0.73.jar:9.0.73]
	at org.apache.tomcat.util.threads.ThreadPoolExecutor.runWorker(ThreadPoolExecutor.java:1191) ~[tomcat-embed-core-9.0.73.jar:9.0.73]
	at org.apache.tomcat.util.threads.ThreadPoolExecutor$Worker.run(ThreadPoolExecutor.java:659) ~[tomcat-embed-core-9.0.73.jar:9.0.73]
	at org.apache.tomcat.util.threads.TaskThread$WrappingRunnable.run(TaskThread.java:61) ~[tomcat-embed-core-9.0.73.jar:9.0.73]
	at java.base/java.lang.Thread.run(Thread.java:1583) ~[na:na]

2026-01-06 19:24:21.126  INFO 12940 --- [http-nio-8080-exec-8] org.example.kortex.config.JwtFilter      : JWT токен не найден в запросе
2026-01-06 19:24:21.151  INFO 12940 --- [http-nio-8080-exec-9] org.example.kortex.config.JwtFilter      : JWT токен не найден в запросе
2026-01-06 19:24:21.152  INFO 12940 --- [http-nio-8080-exec-10] org.example.kortex.config.JwtFilter      : JWT токен не найден в запросе
2026-01-06 19:24:23.846  INFO 12940 --- [http-nio-8080-exec-1] org.example.kortex.config.JwtFilter      : JWT токен не найден в запросе
2026-01-06 19:24:23.950  INFO 12940 --- [http-nio-8080-exec-9] org.example.kortex.config.JwtFilter      : JWT токен не найден в запросе
2026-01-06 19:24:23.953  INFO 12940 --- [http-nio-8080-exec-9] o.e.k.products.api.ProductController     : Асинхронный запрос товаров: category=null, query=null, page=0, size=12
2026-01-06 19:24:24.010  INFO 12940 --- [Async-2] o.e.k.products.domain.ProductService     : Запрос на выдачу всех товаров с фильром: ProductSearchFilter[category=null, query=null, pageSize=12, pageNumber=0]
2026-01-06 19:24:24.076  INFO 12940 --- [Async-2] o.e.k.products.domain.ProductService     : Поиск завершен за 60 мс, найдено: 3004 товаров
2026-01-06 19:24:24.077  INFO 12940 --- [Async-2] o.e.k.products.domain.ProductService     : Выдача всех товаров с фильтром: ProductSearchFilter[category=null, query=null, pageSize=12, pageNumber=0]
2026-01-06 19:24:24.108  INFO 12940 --- [http-nio-8080-exec-7] org.example.kortex.config.JwtFilter      : JWT токен не найден в запросе
2026-01-06 19:24:24.108  INFO 12940 --- [http-nio-8080-exec-4] org.example.kortex.config.JwtFilter      : JWT токен не найден в запросе
2026-01-06 19:24:24.110  INFO 12940 --- [http-nio-8080-exec-2] org.example.kortex.config.JwtFilter      : JWT токен не найден в запросе
2026-01-06 19:24:24.110  INFO 12940 --- [http-nio-8080-exec-3] org.example.kortex.config.JwtFilter      : JWT токен не найден в запросе
2026-01-06 19:24:24.154 ERROR 12940 --- [http-nio-8080-exec-8] o.a.c.c.C.[.[.[/].[dispatcherServlet]    : Servlet.service() for servlet [dispatcherServlet] in context with path [] threw exception

org.springframework.security.web.firewall.RequestRejectedException: The request was rejected because the URL contained a potentially malicious String "//"
	at org.springframework.security.web.firewall.StrictHttpFirewall.rejectedBlocklistedUrls(StrictHttpFirewall.java:535) ~[spring-security-web-5.7.7.jar:5.7.7]
	at org.springframework.security.web.firewall.StrictHttpFirewall.getFirewalledRequest(StrictHttpFirewall.java:505) ~[spring-security-web-5.7.7.jar:5.7.7]
	at org.springframework.security.web.FilterChainProxy.doFilterInternal(FilterChainProxy.java:206) ~[spring-security-web-5.7.7.jar:5.7.7]
	at org.springframework.security.web.FilterChainProxy.doFilter(FilterChainProxy.java:186) ~[spring-security-web-5.7.7.jar:5.7.7]
	at org.springframework.web.filter.DelegatingFilterProxy.invokeDelegate(DelegatingFilterProxy.java:354) ~[spring-web-5.3.26.jar:5.3.26]
	at org.springframework.web.filter.DelegatingFilterProxy.doFilter(DelegatingFilterProxy.java:267) ~[spring-web-5.3.26.jar:5.3.26]
	at org.apache.catalina.core.ApplicationFilterChain.internalDoFilter(ApplicationFilterChain.java:178) ~[tomcat-embed-core-9.0.73.jar:9.0.73]
	at org.apache.catalina.core.ApplicationFilterChain.doFilter(ApplicationFilterChain.java:153) ~[tomcat-embed-core-9.0.73.jar:9.0.73]
	at org.springframework.web.filter.RequestContextFilter.doFilterInternal(RequestContextFilter.java:100) ~[spring-web-5.3.26.jar:5.3.26]
	at org.springframework.web.filter.OncePerRequestFilter.doFilter(OncePerRequestFilter.java:117) ~[spring-web-5.3.26.jar:5.3.26]
	at org.apache.catalina.core.ApplicationFilterChain.internalDoFilter(ApplicationFilterChain.java:178) ~[tomcat-embed-core-9.0.73.jar:9.0.73]
	at org.apache.catalina.core.ApplicationFilterChain.doFilter(ApplicationFilterChain.java:153) ~[tomcat-embed-core-9.0.73.jar:9.0.73]
	at org.springframework.web.filter.FormContentFilter.doFilterInternal(FormContentFilter.java:93) ~[spring-web-5.3.26.jar:5.3.26]
	at org.springframework.web.filter.OncePerRequestFilter.doFilter(OncePerRequestFilter.java:117) ~[spring-web-5.3.26.jar:5.3.26]
	at org.apache.catalina.core.ApplicationFilterChain.internalDoFilter(ApplicationFilterChain.java:178) ~[tomcat-embed-core-9.0.73.jar:9.0.73]
	at org.apache.catalina.core.ApplicationFilterChain.doFilter(ApplicationFilterChain.java:153) ~[tomcat-embed-core-9.0.73.jar:9.0.73]
	at org.springframework.boot.actuate.metrics.web.servlet.WebMvcMetricsFilter.doFilterInternal(WebMvcMetricsFilter.java:96) ~[spring-boot-actuator-2.7.10.jar:2.7.10]
	at org.springframework.web.filter.OncePerRequestFilter.doFilter(OncePerRequestFilter.java:117) ~[spring-web-5.3.26.jar:5.3.26]
	at org.apache.catalina.core.ApplicationFilterChain.internalDoFilter(ApplicationFilterChain.java:178) ~[tomcat-embed-core-9.0.73.jar:9.0.73]
	at org.apache.catalina.core.ApplicationFilterChain.doFilter(ApplicationFilterChain.java:153) ~[tomcat-embed-core-9.0.73.jar:9.0.73]
	at org.springframework.web.filter.CharacterEncodingFilter.doFilterInternal(CharacterEncodingFilter.java:201) ~[spring-web-5.3.26.jar:5.3.26]
	at org.springframework.web.filter.OncePerRequestFilter.doFilter(OncePerRequestFilter.java:117) ~[spring-web-5.3.26.jar:5.3.26]
	at org.apache.catalina.core.ApplicationFilterChain.internalDoFilter(ApplicationFilterChain.java:178) ~[tomcat-embed-core-9.0.73.jar:9.0.73]
	at org.apache.catalina.core.ApplicationFilterChain.doFilter(ApplicationFilterChain.java:153) ~[tomcat-embed-core-9.0.73.jar:9.0.73]
	at org.apache.catalina.core.StandardWrapperValve.invoke(StandardWrapperValve.java:167) ~[tomcat-embed-core-9.0.73.jar:9.0.73]
	at org.apache.catalina.core.StandardContextValve.invoke(StandardContextValve.java:90) ~[tomcat-embed-core-9.0.73.jar:9.0.73]
	at org.apache.catalina.authenticator.AuthenticatorBase.invoke(AuthenticatorBase.java:492) ~[tomcat-embed-core-9.0.73.jar:9.0.73]
	at org.apache.catalina.core.StandardHostValve.invoke(StandardHostValve.java:130) ~[tomcat-embed-core-9.0.73.jar:9.0.73]
	at org.apache.catalina.valves.ErrorReportValve.invoke(ErrorReportValve.java:93) ~[tomcat-embed-core-9.0.73.jar:9.0.73]
	at org.apache.catalina.core.StandardEngineValve.invoke(StandardEngineValve.java:74) ~[tomcat-embed-core-9.0.73.jar:9.0.73]
	at org.apache.catalina.connector.CoyoteAdapter.service(CoyoteAdapter.java:343) ~[tomcat-embed-core-9.0.73.jar:9.0.73]
	at org.apache.coyote.http11.Http11Processor.service(Http11Processor.java:389) ~[tomcat-embed-core-9.0.73.jar:9.0.73]
	at org.apache.coyote.AbstractProcessorLight.process(AbstractProcessorLight.java:63) ~[tomcat-embed-core-9.0.73.jar:9.0.73]
	at org.apache.coyote.AbstractProtocol$ConnectionHandler.process(AbstractProtocol.java:926) ~[tomcat-embed-core-9.0.73.jar:9.0.73]
	at org.apache.tomcat.util.net.NioEndpoint$SocketProcessor.doRun(NioEndpoint.java:1791) ~[tomcat-embed-core-9.0.73.jar:9.0.73]
	at org.apache.tomcat.util.net.SocketProcessorBase.run(SocketProcessorBase.java:49) ~[tomcat-embed-core-9.0.73.jar:9.0.73]
	at org.apache.tomcat.util.threads.ThreadPoolExecutor.runWorker(ThreadPoolExecutor.java:1191) ~[tomcat-embed-core-9.0.73.jar:9.0.73]
	at org.apache.tomcat.util.threads.ThreadPoolExecutor$Worker.run(ThreadPoolExecutor.java:659) ~[tomcat-embed-core-9.0.73.jar:9.0.73]
	at org.apache.tomcat.util.threads.TaskThread$WrappingRunnable.run(TaskThread.java:61) ~[tomcat-embed-core-9.0.73.jar:9.0.73]
	at java.base/java.lang.Thread.run(Thread.java:1583) ~[na:na]

2026-01-06 19:24:24.859  INFO 12940 --- [http-nio-8080-exec-6] org.example.kortex.config.JwtFilter      : JWT токен не найден в запросе
2026-01-06 19:24:24.878  INFO 12940 --- [http-nio-8080-exec-10] org.example.kortex.config.JwtFilter      : JWT токен не найден в запросе
2026-01-06 19:24:24.884  INFO 12940 --- [http-nio-8080-exec-9] org.example.kortex.config.JwtFilter      : JWT токен не найден в запросе
2026-01-06 19:24:26.307  INFO 12940 --- [http-nio-8080-exec-8] org.example.kortex.config.JwtFilter      : JWT токен не найден в запросе
2026-01-06 19:24:26.341  INFO 12940 --- [http-nio-8080-exec-2] org.example.kortex.config.JwtFilter      : JWT токен не найден в запросе
2026-01-06 19:24:26.342  INFO 12940 --- [http-nio-8080-exec-2] o.e.k.products.api.ProductController     : Асинхронный запрос товаров: category=null, query=null, page=0, size=12
2026-01-06 19:24:26.344  INFO 12940 --- [Async-3] o.e.k.products.domain.ProductService     : Запрос на выдачу всех товаров с фильром: ProductSearchFilter[category=null, query=null, pageSize=12, pageNumber=0]
2026-01-06 19:24:26.357  INFO 12940 --- [Async-3] o.e.k.products.domain.ProductService     : Поиск завершен за 13 мс, найдено: 3004 товаров
2026-01-06 19:24:26.357  INFO 12940 --- [Async-3] o.e.k.products.domain.ProductService     : Выдача всех товаров с фильтром: ProductSearchFilter[category=null, query=null, pageSize=12, pageNumber=0]
2026-01-06 19:24:26.365  INFO 12940 --- [http-nio-8080-exec-1] org.example.kortex.config.JwtFilter      : JWT токен не найден в запросе
2026-01-06 19:24:26.365  INFO 12940 --- [http-nio-8080-exec-3] org.example.kortex.config.JwtFilter      : JWT токен не найден в запросе
2026-01-06 19:24:26.365  INFO 12940 --- [http-nio-8080-exec-4] org.example.kortex.config.JwtFilter      : JWT токен не найден в запросе
2026-01-06 19:24:26.365  INFO 12940 --- [http-nio-8080-exec-8] org.example.kortex.config.JwtFilter      : JWT токен не найден в запросе
2026-01-06 19:24:26.368 ERROR 12940 --- [http-nio-8080-exec-6] o.a.c.c.C.[.[.[/].[dispatcherServlet]    : Servlet.service() for servlet [dispatcherServlet] in context with path [] threw exception

org.springframework.security.web.firewall.RequestRejectedException: The request was rejected because the URL contained a potentially malicious String "//"
	at org.springframework.security.web.firewall.StrictHttpFirewall.rejectedBlocklistedUrls(StrictHttpFirewall.java:535) ~[spring-security-web-5.7.7.jar:5.7.7]
	at org.springframework.security.web.firewall.StrictHttpFirewall.getFirewalledRequest(StrictHttpFirewall.java:505) ~[spring-security-web-5.7.7.jar:5.7.7]
	at org.springframework.security.web.FilterChainProxy.doFilterInternal(FilterChainProxy.java:206) ~[spring-security-web-5.7.7.jar:5.7.7]
	at org.springframework.security.web.FilterChainProxy.doFilter(FilterChainProxy.java:186) ~[spring-security-web-5.7.7.jar:5.7.7]
	at org.springframework.web.filter.DelegatingFilterProxy.invokeDelegate(DelegatingFilterProxy.java:354) ~[spring-web-5.3.26.jar:5.3.26]
	at org.springframework.web.filter.DelegatingFilterProxy.doFilter(DelegatingFilterProxy.java:267) ~[spring-web-5.3.26.jar:5.3.26]
	at org.apache.catalina.core.ApplicationFilterChain.internalDoFilter(ApplicationFilterChain.java:178) ~[tomcat-embed-core-9.0.73.jar:9.0.73]
	at org.apache.catalina.core.ApplicationFilterChain.doFilter(ApplicationFilterChain.java:153) ~[tomcat-embed-core-9.0.73.jar:9.0.73]
	at org.springframework.web.filter.RequestContextFilter.doFilterInternal(RequestContextFilter.java:100) ~[spring-web-5.3.26.jar:5.3.26]
	at org.springframework.web.filter.OncePerRequestFilter.doFilter(OncePerRequestFilter.java:117) ~[spring-web-5.3.26.jar:5.3.26]
	at org.apache.catalina.core.ApplicationFilterChain.internalDoFilter(ApplicationFilterChain.java:178) ~[tomcat-embed-core-9.0.73.jar:9.0.73]
	at org.apache.catalina.core.ApplicationFilterChain.doFilter(ApplicationFilterChain.java:153) ~[tomcat-embed-core-9.0.73.jar:9.0.73]
	at org.springframework.web.filter.FormContentFilter.doFilterInternal(FormContentFilter.java:93) ~[spring-web-5.3.26.jar:5.3.26]
	at org.springframework.web.filter.OncePerRequestFilter.doFilter(OncePerRequestFilter.java:117) ~[spring-web-5.3.26.jar:5.3.26]
	at org.apache.catalina.core.ApplicationFilterChain.internalDoFilter(ApplicationFilterChain.java:178) ~[tomcat-embed-core-9.0.73.jar:9.0.73]
	at org.apache.catalina.core.ApplicationFilterChain.doFilter(ApplicationFilterChain.java:153) ~[tomcat-embed-core-9.0.73.jar:9.0.73]
	at org.springframework.boot.actuate.metrics.web.servlet.WebMvcMetricsFilter.doFilterInternal(WebMvcMetricsFilter.java:96) ~[spring-boot-actuator-2.7.10.jar:2.7.10]
	at org.springframework.web.filter.OncePerRequestFilter.doFilter(OncePerRequestFilter.java:117) ~[spring-web-5.3.26.jar:5.3.26]
	at org.apache.catalina.core.ApplicationFilterChain.internalDoFilter(ApplicationFilterChain.java:178) ~[tomcat-embed-core-9.0.73.jar:9.0.73]
	at org.apache.catalina.core.ApplicationFilterChain.doFilter(ApplicationFilterChain.java:153) ~[tomcat-embed-core-9.0.73.jar:9.0.73]
	at org.springframework.web.filter.CharacterEncodingFilter.doFilterInternal(CharacterEncodingFilter.java:201) ~[spring-web-5.3.26.jar:5.3.26]
	at org.springframework.web.filter.OncePerRequestFilter.doFilter(OncePerRequestFilter.java:117) ~[spring-web-5.3.26.jar:5.3.26]
	at org.apache.catalina.core.ApplicationFilterChain.internalDoFilter(ApplicationFilterChain.java:178) ~[tomcat-embed-core-9.0.73.jar:9.0.73]
	at org.apache.catalina.core.ApplicationFilterChain.doFilter(ApplicationFilterChain.java:153) ~[tomcat-embed-core-9.0.73.jar:9.0.73]
	at org.apache.catalina.core.StandardWrapperValve.invoke(StandardWrapperValve.java:167) ~[tomcat-embed-core-9.0.73.jar:9.0.73]
	at org.apache.catalina.core.StandardContextValve.invoke(StandardContextValve.java:90) ~[tomcat-embed-core-9.0.73.jar:9.0.73]
	at org.apache.catalina.authenticator.AuthenticatorBase.invoke(AuthenticatorBase.java:492) ~[tomcat-embed-core-9.0.73.jar:9.0.73]
	at org.apache.catalina.core.StandardHostValve.invoke(StandardHostValve.java:130) ~[tomcat-embed-core-9.0.73.jar:9.0.73]
	at org.apache.catalina.valves.ErrorReportValve.invoke(ErrorReportValve.java:93) ~[tomcat-embed-core-9.0.73.jar:9.0.73]
	at org.apache.catalina.core.StandardEngineValve.invoke(StandardEngineValve.java:74) ~[tomcat-embed-core-9.0.73.jar:9.0.73]
	at org.apache.catalina.connector.CoyoteAdapter.service(CoyoteAdapter.java:343) ~[tomcat-embed-core-9.0.73.jar:9.0.73]
	at org.apache.coyote.http11.Http11Processor.service(Http11Processor.java:389) ~[tomcat-embed-core-9.0.73.jar:9.0.73]
	at org.apache.coyote.AbstractProcessorLight.process(AbstractProcessorLight.java:63) ~[tomcat-embed-core-9.0.73.jar:9.0.73]
	at org.apache.coyote.AbstractProtocol$ConnectionHandler.process(AbstractProtocol.java:926) ~[tomcat-embed-core-9.0.73.jar:9.0.73]
	at org.apache.tomcat.util.net.NioEndpoint$SocketProcessor.doRun(NioEndpoint.java:1791) ~[tomcat-embed-core-9.0.73.jar:9.0.73]
	at org.apache.tomcat.util.net.SocketProcessorBase.run(SocketProcessorBase.java:49) ~[tomcat-embed-core-9.0.73.jar:9.0.73]
	at org.apache.tomcat.util.threads.ThreadPoolExecutor.runWorker(ThreadPoolExecutor.java:1191) ~[tomcat-embed-core-9.0.73.jar:9.0.73]
	at org.apache.tomcat.util.threads.ThreadPoolExecutor$Worker.run(ThreadPoolExecutor.java:659) ~[tomcat-embed-core-9.0.73.jar:9.0.73]
	at org.apache.tomcat.util.threads.TaskThread$WrappingRunnable.run(TaskThread.java:61) ~[tomcat-embed-core-9.0.73.jar:9.0.73]
	at java.base/java.lang.Thread.run(Thread.java:1583) ~[na:na]

2026-01-06 19:24:27.596  INFO 12940 --- [http-nio-8080-exec-9] org.example.kortex.config.JwtFilter      : JWT токен не найден в запросе
2026-01-06 19:24:27.596  INFO 12940 --- [http-nio-8080-exec-5] org.example.kortex.config.JwtFilter      : JWT токен не найден в запросе
2026-01-06 19:24:45.782  INFO 12940 --- [http-nio-8080-exec-2] org.example.kortex.config.JwtFilter      : JWT токен не найден в запросе
2026-01-06 19:24:45.800  INFO 12940 --- [http-nio-8080-exec-7] org.example.kortex.config.JwtFilter      : JWT токен не найден в запросе
2026-01-06 19:24:45.802  INFO 12940 --- [http-nio-8080-exec-4] org.example.kortex.config.JwtFilter      : JWT токен не найден в запросе
2026-01-06 19:24:46.899  INFO 12940 --- [http-nio-8080-exec-8] org.example.kortex.config.JwtFilter      : JWT токен не найден в запросе
2026-01-06 19:24:46.927  INFO 12940 --- [http-nio-8080-exec-7] org.example.kortex.config.JwtFilter      : JWT токен не найден в запросе
2026-01-06 19:24:46.928  INFO 12940 --- [http-nio-8080-exec-7] o.e.k.products.api.ProductController     : Асинхронный запрос товаров: category=null, query=null, page=0, size=12
2026-01-06 19:24:46.930  INFO 12940 --- [Async-4] o.e.k.products.domain.ProductService     : Запрос на выдачу всех товаров с фильром: ProductSearchFilter[category=null, query=null, pageSize=12, pageNumber=0]
2026-01-06 19:24:46.941  INFO 12940 --- [Async-4] o.e.k.products.domain.ProductService     : Поиск завершен за 10 мс, найдено: 3004 товаров
2026-01-06 19:24:46.941  INFO 12940 --- [Async-4] o.e.k.products.domain.ProductService     : Выдача всех товаров с фильтром: ProductSearchFilter[category=null, query=null, pageSize=12, pageNumber=0]
2026-01-06 19:24:46.952  INFO 12940 --- [http-nio-8080-exec-1] org.example.kortex.config.JwtFilter      : JWT токен не найден в запросе
2026-01-06 19:24:46.952  INFO 12940 --- [http-nio-8080-exec-3] org.example.kortex.config.JwtFilter      : JWT токен не найден в запросе
2026-01-06 19:24:46.952  INFO 12940 --- [http-nio-8080-exec-10] org.example.kortex.config.JwtFilter      : JWT токен не найден в запросе
2026-01-06 19:24:46.952  INFO 12940 --- [http-nio-8080-exec-6] org.example.kortex.config.JwtFilter      : JWT токен не найден в запросе
2026-01-06 19:24:46.953 ERROR 12940 --- [http-nio-8080-exec-9] o.a.c.c.C.[.[.[/].[dispatcherServlet]    : Servlet.service() for servlet [dispatcherServlet] in context with path [] threw exception

org.springframework.security.web.firewall.RequestRejectedException: The request was rejected because the URL contained a potentially malicious String "//"
	at org.springframework.security.web.firewall.StrictHttpFirewall.rejectedBlocklistedUrls(StrictHttpFirewall.java:535) ~[spring-security-web-5.7.7.jar:5.7.7]
	at org.springframework.security.web.firewall.StrictHttpFirewall.getFirewalledRequest(StrictHttpFirewall.java:505) ~[spring-security-web-5.7.7.jar:5.7.7]
	at org.springframework.security.web.FilterChainProxy.doFilterInternal(FilterChainProxy.java:206) ~[spring-security-web-5.7.7.jar:5.7.7]
	at org.springframework.security.web.FilterChainProxy.doFilter(FilterChainProxy.java:186) ~[spring-security-web-5.7.7.jar:5.7.7]
	at org.springframework.web.filter.DelegatingFilterProxy.invokeDelegate(DelegatingFilterProxy.java:354) ~[spring-web-5.3.26.jar:5.3.26]
	at org.springframework.web.filter.DelegatingFilterProxy.doFilter(DelegatingFilterProxy.java:267) ~[spring-web-5.3.26.jar:5.3.26]
	at org.apache.catalina.core.ApplicationFilterChain.internalDoFilter(ApplicationFilterChain.java:178) ~[tomcat-embed-core-9.0.73.jar:9.0.73]
	at org.apache.catalina.core.ApplicationFilterChain.doFilter(ApplicationFilterChain.java:153) ~[tomcat-embed-core-9.0.73.jar:9.0.73]
	at org.springframework.web.filter.RequestContextFilter.doFilterInternal(RequestContextFilter.java:100) ~[spring-web-5.3.26.jar:5.3.26]
	at org.springframework.web.filter.OncePerRequestFilter.doFilter(OncePerRequestFilter.java:117) ~[spring-web-5.3.26.jar:5.3.26]
	at org.apache.catalina.core.ApplicationFilterChain.internalDoFilter(ApplicationFilterChain.java:178) ~[tomcat-embed-core-9.0.73.jar:9.0.73]
	at org.apache.catalina.core.ApplicationFilterChain.doFilter(ApplicationFilterChain.java:153) ~[tomcat-embed-core-9.0.73.jar:9.0.73]
	at org.springframework.web.filter.FormContentFilter.doFilterInternal(FormContentFilter.java:93) ~[spring-web-5.3.26.jar:5.3.26]
	at org.springframework.web.filter.OncePerRequestFilter.doFilter(OncePerRequestFilter.java:117) ~[spring-web-5.3.26.jar:5.3.26]
	at org.apache.catalina.core.ApplicationFilterChain.internalDoFilter(ApplicationFilterChain.java:178) ~[tomcat-embed-core-9.0.73.jar:9.0.73]
	at org.apache.catalina.core.ApplicationFilterChain.doFilter(ApplicationFilterChain.java:153) ~[tomcat-embed-core-9.0.73.jar:9.0.73]
	at org.springframework.boot.actuate.metrics.web.servlet.WebMvcMetricsFilter.doFilterInternal(WebMvcMetricsFilter.java:96) ~[spring-boot-actuator-2.7.10.jar:2.7.10]
	at org.springframework.web.filter.OncePerRequestFilter.doFilter(OncePerRequestFilter.java:117) ~[spring-web-5.3.26.jar:5.3.26]
	at org.apache.catalina.core.ApplicationFilterChain.internalDoFilter(ApplicationFilterChain.java:178) ~[tomcat-embed-core-9.0.73.jar:9.0.73]
	at org.apache.catalina.core.ApplicationFilterChain.doFilter(ApplicationFilterChain.java:153) ~[tomcat-embed-core-9.0.73.jar:9.0.73]
	at org.springframework.web.filter.CharacterEncodingFilter.doFilterInternal(CharacterEncodingFilter.java:201) ~[spring-web-5.3.26.jar:5.3.26]
	at org.springframework.web.filter.OncePerRequestFilter.doFilter(OncePerRequestFilter.java:117) ~[spring-web-5.3.26.jar:5.3.26]
	at org.apache.catalina.core.ApplicationFilterChain.internalDoFilter(ApplicationFilterChain.java:178) ~[tomcat-embed-core-9.0.73.jar:9.0.73]
	at org.apache.catalina.core.ApplicationFilterChain.doFilter(ApplicationFilterChain.java:153) ~[tomcat-embed-core-9.0.73.jar:9.0.73]
	at org.apache.catalina.core.StandardWrapperValve.invoke(StandardWrapperValve.java:167) ~[tomcat-embed-core-9.0.73.jar:9.0.73]
	at org.apache.catalina.core.StandardContextValve.invoke(StandardContextValve.java:90) ~[tomcat-embed-core-9.0.73.jar:9.0.73]
	at org.apache.catalina.authenticator.AuthenticatorBase.invoke(AuthenticatorBase.java:492) ~[tomcat-embed-core-9.0.73.jar:9.0.73]
	at org.apache.catalina.core.StandardHostValve.invoke(StandardHostValve.java:130) ~[tomcat-embed-core-9.0.73.jar:9.0.73]
	at org.apache.catalina.valves.ErrorReportValve.invoke(ErrorReportValve.java:93) ~[tomcat-embed-core-9.0.73.jar:9.0.73]
	at org.apache.catalina.core.StandardEngineValve.invoke(StandardEngineValve.java:74) ~[tomcat-embed-core-9.0.73.jar:9.0.73]
	at org.apache.catalina.connector.CoyoteAdapter.service(CoyoteAdapter.java:343) ~[tomcat-embed-core-9.0.73.jar:9.0.73]
	at org.apache.coyote.http11.Http11Processor.service(Http11Processor.java:389) ~[tomcat-embed-core-9.0.73.jar:9.0.73]
	at org.apache.coyote.AbstractProcessorLight.process(AbstractProcessorLight.java:63) ~[tomcat-embed-core-9.0.73.jar:9.0.73]
	at org.apache.coyote.AbstractProtocol$ConnectionHandler.process(AbstractProtocol.java:926) ~[tomcat-embed-core-9.0.73.jar:9.0.73]
	at org.apache.tomcat.util.net.NioEndpoint$SocketProcessor.doRun(NioEndpoint.java:1791) ~[tomcat-embed-core-9.0.73.jar:9.0.73]
	at org.apache.tomcat.util.net.SocketProcessorBase.run(SocketProcessorBase.java:49) ~[tomcat-embed-core-9.0.73.jar:9.0.73]
	at org.apache.tomcat.util.threads.ThreadPoolExecutor.runWorker(ThreadPoolExecutor.java:1191) ~[tomcat-embed-core-9.0.73.jar:9.0.73]
	at org.apache.tomcat.util.threads.ThreadPoolExecutor$Worker.run(ThreadPoolExecutor.java:659) ~[tomcat-embed-core-9.0.73.jar:9.0.73]
	at org.apache.tomcat.util.threads.TaskThread$WrappingRunnable.run(TaskThread.java:61) ~[tomcat-embed-core-9.0.73.jar:9.0.73]
	at java.base/java.lang.Thread.run(Thread.java:1583) ~[na:na]

2026-01-06 19:26:52.410  INFO 12940 --- [SpringApplicationShutdownHook] j.LocalContainerEntityManagerFactoryBean : Closing JPA EntityManagerFactory for persistence unit 'default'
2026-01-06 19:26:52.416  INFO 12940 --- [SpringApplicationShutdownHook] com.zaxxer.hikari.HikariDataSource       : HikariPool-1 - Shutdown initiated...
2026-01-06 19:26:52.425  INFO 12940 --- [SpringApplicationShutdownHook] com.zaxxer.hikari.HikariDataSource       : HikariPool-1 - Shutdown completed.
2026-01-06 19:27:06.348  INFO 26692 --- [main] org.example.kortex.KortexApplication     : Starting KortexApplication using Java 21.0.1 on DESKTOP-4APF200 with PID 26692 (C:\java Ultimate\Kortex\target\classes started by 7 in C:\java Ultimate\Kortex)
2026-01-06 19:27:06.351  INFO 26692 --- [main] org.example.kortex.KortexApplication     : No active profile set, falling back to 1 default profile: "default"
2026-01-06 19:27:07.430  INFO 26692 --- [main] .s.d.r.c.RepositoryConfigurationDelegate : Bootstrapping Spring Data JPA repositories in DEFAULT mode.
2026-01-06 19:27:07.504  INFO 26692 --- [main] .s.d.r.c.RepositoryConfigurationDelegate : Finished Spring Data repository scanning in 66 ms. Found 7 JPA repository interfaces.
2026-01-06 19:27:07.973  INFO 26692 --- [main] o.s.b.w.embedded.tomcat.TomcatWebServer  : Tomcat initialized with port(s): 8080 (http)
2026-01-06 19:27:07.981  INFO 26692 --- [main] o.apache.catalina.core.StandardService   : Starting service [Tomcat]
2026-01-06 19:27:07.982  INFO 26692 --- [main] org.apache.catalina.core.StandardEngine  : Starting Servlet engine: [Apache Tomcat/9.0.73]
2026-01-06 19:27:08.079  INFO 26692 --- [main] o.a.c.c.C.[Tomcat].[localhost].[/]       : Initializing Spring embedded WebApplicationContext
2026-01-06 19:27:08.080  INFO 26692 --- [main] w.s.c.ServletWebServerApplicationContext : Root WebApplicationContext: initialization completed in 1671 ms
2026-01-06 19:27:08.357  INFO 26692 --- [main] o.hibernate.jpa.internal.util.LogHelper  : HHH000204: Processing PersistenceUnitInfo [name: default]
2026-01-06 19:27:08.427  INFO 26692 --- [main] org.hibernate.Version                    : HHH000412: Hibernate ORM core version 5.6.15.Final
2026-01-06 19:27:08.584  INFO 26692 --- [main] o.hibernate.annotations.common.Version   : HCANN000001: Hibernate Commons Annotations {5.1.2.Final}
2026-01-06 19:27:08.663  INFO 26692 --- [main] com.zaxxer.hikari.HikariDataSource       : HikariPool-1 - Starting...
2026-01-06 19:27:08.804  INFO 26692 --- [main] com.zaxxer.hikari.HikariDataSource       : HikariPool-1 - Start completed.
2026-01-06 19:27:08.824  INFO 26692 --- [main] org.hibernate.dialect.Dialect            : HHH000400: Using dialect: org.hibernate.dialect.PostgreSQLDialect
2026-01-06 19:27:09.631  INFO 26692 --- [main] o.h.e.t.j.p.i.JtaPlatformInitiator       : HHH000490: Using JtaPlatform implementation: [org.hibernate.engine.transaction.jta.platform.internal.NoJtaPlatform]
2026-01-06 19:27:09.640  INFO 26692 --- [main] j.LocalContainerEntityManagerFactoryBean : Initialized JPA EntityManagerFactory for persistence unit 'default'
2026-01-06 19:27:10.029  INFO 26692 --- [main] o.s.aop.framework.CglibAopProxy          : Unable to proxy interface-implementing method [public final void org.springframework.web.filter.OncePerRequestFilter.doFilter(javax.servlet.ServletRequest,javax.servlet.ServletResponse,javax.servlet.FilterChain) throws javax.servlet.ServletException,java.io.IOException] because it is marked as final: Consider using interface-based JDK proxies instead!
2026-01-06 19:27:10.029  INFO 26692 --- [main] o.s.aop.framework.CglibAopProxy          : Unable to proxy interface-implementing method [public final void org.springframework.web.filter.GenericFilterBean.init(javax.servlet.FilterConfig) throws javax.servlet.ServletException] because it is marked as final: Consider using interface-based JDK proxies instead!
2026-01-06 19:27:10.556  INFO 26692 --- [main] o.s.s.web.DefaultSecurityFilterChain     : Will secure any request with [org.springframework.security.web.session.DisableEncodeUrlFilter@70efdd18, org.springframework.security.web.context.request.async.WebAsyncManagerIntegrationFilter@247a8411, org.springframework.security.web.context.SecurityContextPersistenceFilter@6442cf3e, org.springframework.security.web.header.HeaderWriterFilter@239bc43f, org.springframework.security.web.authentication.logout.LogoutFilter@4d6027be, org.example.kortex.config.JwtFilter@107ebdad, org.springframework.security.web.savedrequest.RequestCacheAwareFilter@786cc1df, org.springframework.security.web.servletapi.SecurityContextHolderAwareRequestFilter@1ddb6abb, org.springframework.security.web.authentication.AnonymousAuthenticationFilter@6b063695, org.springframework.security.web.session.SessionManagementFilter@44580de0, org.springframework.security.web.access.ExceptionTranslationFilter@122ea8dc, org.springframework.security.web.access.intercept.FilterSecurityInterceptor@1b984ba5]
2026-01-06 19:27:11.030  INFO 26692 --- [main] o.s.b.a.e.web.EndpointLinksResolver      : Exposing 1 endpoint(s) beneath base path '/actuator'
2026-01-06 19:27:11.069  INFO 26692 --- [main] o.s.b.w.embedded.tomcat.TomcatWebServer  : Tomcat started on port(s): 8080 (http) with context path ''
2026-01-06 19:27:11.079  INFO 26692 --- [main] org.example.kortex.KortexApplication     : Started KortexApplication in 5.188 seconds (JVM running for 6.215)
2026-01-06 19:27:11.192  INFO 26692 --- [RMI TCP Connection(4)-26.93.201.44] o.a.c.c.C.[Tomcat].[localhost].[/]       : Initializing Spring DispatcherServlet 'dispatcherServlet'
2026-01-06 19:27:11.193  INFO 26692 --- [RMI TCP Connection(4)-26.93.201.44] o.s.web.servlet.DispatcherServlet        : Initializing Servlet 'dispatcherServlet'
2026-01-06 19:27:11.196  INFO 26692 --- [RMI TCP Connection(4)-26.93.201.44] o.s.web.servlet.DispatcherServlet        : Completed initialization in 3 ms
2026-01-06 19:27:11.898  INFO 26692 --- [http-nio-8080-exec-1] org.example.kortex.config.JwtFilter      : JWT токен не найден в запросе
2026-01-06 19:27:12.212  INFO 26692 --- [http-nio-8080-exec-10] org.example.kortex.config.JwtFilter      : JWT токен не найден в запросе
2026-01-06 19:27:12.241  INFO 26692 --- [http-nio-8080-exec-10] o.e.k.products.api.ProductController     : Асинхронный запрос товаров: category=null, query=null, page=0, size=12
2026-01-06 19:27:12.276  INFO 26692 --- [Async-1] o.e.k.products.domain.ProductService     : Запрос на выдачу всех товаров с фильром: ProductSearchFilter[category=null, query=null, pageSize=12, pageNumber=0]
2026-01-06 19:27:12.534  INFO 26692 --- [Async-1] o.e.k.products.domain.ProductService     : Поиск завершен за 193 мс, найдено: 0 товаров
2026-01-06 19:27:12.535  INFO 26692 --- [Async-1] o.e.k.products.domain.ProductService     : Выдача всех товаров с фильтром: ProductSearchFilter[category=null, query=null, pageSize=12, pageNumber=0]
2026-01-06 19:27:24.973  INFO 26692 --- [http-nio-8080-exec-3] org.example.kortex.config.JwtFilter      : JWT токен не найден в запросе
2026-01-06 19:27:25.009  INFO 26692 --- [http-nio-8080-exec-5] org.example.kortex.config.JwtFilter      : JWT токен не найден в запросе
2026-01-06 19:27:25.010  INFO 26692 --- [http-nio-8080-exec-2] org.example.kortex.config.JwtFilter      : JWT токен не найден в запросе
2026-01-06 19:27:36.064  INFO 26692 --- [http-nio-8080-exec-4] org.example.kortex.config.JwtFilter      : JWT токен не найден в запросе
2026-01-06 19:27:36.143  INFO 26692 --- [http-nio-8080-exec-6] org.example.kortex.config.JwtFilter      : JWT токен не найден в запросе
2026-01-06 19:29:50.070  INFO 26692 --- [SpringApplicationShutdownHook] j.LocalContainerEntityManagerFactoryBean : Closing JPA EntityManagerFactory for persistence unit 'default'
2026-01-06 19:29:50.131  INFO 26692 --- [SpringApplicationShutdownHook] com.zaxxer.hikari.HikariDataSource       : HikariPool-1 - Shutdown initiated...
2026-01-06 19:29:50.166  INFO 26692 --- [SpringApplicationShutdownHook] com.zaxxer.hikari.HikariDataSource       : HikariPool-1 - Shutdown completed.
2026-01-06 19:32:11.113  INFO 280 --- [main] org.example.kortex.KortexApplication     : Starting KortexApplication using Java 21.0.1 on DESKTOP-4APF200 with PID 280 (C:\java Ultimate\Kortex\target\classes started by 7 in C:\java Ultimate\Kortex)
2026-01-06 19:32:11.118  INFO 280 --- [main] org.example.kortex.KortexApplication     : No active profile set, falling back to 1 default profile: "default"
2026-01-06 19:32:12.401  INFO 280 --- [main] .s.d.r.c.RepositoryConfigurationDelegate : Bootstrapping Spring Data JPA repositories in DEFAULT mode.
2026-01-06 19:32:12.491  INFO 280 --- [main] .s.d.r.c.RepositoryConfigurationDelegate : Finished Spring Data repository scanning in 83 ms. Found 7 JPA repository interfaces.
2026-01-06 19:32:12.996  INFO 280 --- [main] o.s.b.w.embedded.tomcat.TomcatWebServer  : Tomcat initialized with port(s): 8080 (http)
2026-01-06 19:32:13.008  INFO 280 --- [main] o.apache.catalina.core.StandardService   : Starting service [Tomcat]
2026-01-06 19:32:13.009  INFO 280 --- [main] org.apache.catalina.core.StandardEngine  : Starting Servlet engine: [Apache Tomcat/9.0.73]
2026-01-06 19:32:13.121  INFO 280 --- [main] o.a.c.c.C.[Tomcat].[localhost].[/]       : Initializing Spring embedded WebApplicationContext
2026-01-06 19:32:13.122  INFO 280 --- [main] w.s.c.ServletWebServerApplicationContext : Root WebApplicationContext: initialization completed in 1926 ms
2026-01-06 19:32:13.418  INFO 280 --- [main] o.hibernate.jpa.internal.util.LogHelper  : HHH000204: Processing PersistenceUnitInfo [name: default]
2026-01-06 19:32:13.484  INFO 280 --- [main] org.hibernate.Version                    : HHH000412: Hibernate ORM core version 5.6.15.Final
2026-01-06 19:32:13.655  INFO 280 --- [main] o.hibernate.annotations.common.Version   : HCANN000001: Hibernate Commons Annotations {5.1.2.Final}
2026-01-06 19:32:13.817  INFO 280 --- [main] com.zaxxer.hikari.HikariDataSource       : HikariPool-1 - Starting...
2026-01-06 19:32:14.102  INFO 280 --- [main] com.zaxxer.hikari.HikariDataSource       : HikariPool-1 - Start completed.
2026-01-06 19:32:14.132  INFO 280 --- [main] org.hibernate.dialect.Dialect            : HHH000400: Using dialect: org.hibernate.dialect.PostgreSQLDialect
2026-01-06 19:32:15.181  INFO 280 --- [main] o.h.e.t.j.p.i.JtaPlatformInitiator       : HHH000490: Using JtaPlatform implementation: [org.hibernate.engine.transaction.jta.platform.internal.NoJtaPlatform]
2026-01-06 19:32:15.189  INFO 280 --- [main] j.LocalContainerEntityManagerFactoryBean : Initialized JPA EntityManagerFactory for persistence unit 'default'
2026-01-06 19:32:15.559  INFO 280 --- [main] o.s.aop.framework.CglibAopProxy          : Unable to proxy interface-implementing method [public final void org.springframework.web.filter.OncePerRequestFilter.doFilter(javax.servlet.ServletRequest,javax.servlet.ServletResponse,javax.servlet.FilterChain) throws javax.servlet.ServletException,java.io.IOException] because it is marked as final: Consider using interface-based JDK proxies instead!
2026-01-06 19:32:15.560  INFO 280 --- [main] o.s.aop.framework.CglibAopProxy          : Unable to proxy interface-implementing method [public final void org.springframework.web.filter.GenericFilterBean.init(javax.servlet.FilterConfig) throws javax.servlet.ServletException] because it is marked as final: Consider using interface-based JDK proxies instead!
2026-01-06 19:32:16.218  INFO 280 --- [main] o.s.s.web.DefaultSecurityFilterChain     : Will secure any request with [org.springframework.security.web.session.DisableEncodeUrlFilter@4d24ab25, org.springframework.security.web.context.request.async.WebAsyncManagerIntegrationFilter@145f1f97, org.springframework.security.web.context.SecurityContextPersistenceFilter@62fbefad, org.springframework.security.web.header.HeaderWriterFilter@6a24c41d, org.springframework.security.web.authentication.logout.LogoutFilter@5364b481, org.example.kortex.config.JwtFilter@1b82f62a, org.springframework.security.web.savedrequest.RequestCacheAwareFilter@279ebd94, org.springframework.security.web.servletapi.SecurityContextHolderAwareRequestFilter@2fa4888c, org.springframework.security.web.authentication.AnonymousAuthenticationFilter@6e53bb4f, org.springframework.security.web.session.SessionManagementFilter@3555d804, org.springframework.security.web.access.ExceptionTranslationFilter@4bc4ec43, org.springframework.security.web.access.intercept.FilterSecurityInterceptor@1d982fbe]
2026-01-06 19:32:16.800  INFO 280 --- [main] o.s.b.a.e.web.EndpointLinksResolver      : Exposing 1 endpoint(s) beneath base path '/actuator'
2026-01-06 19:32:16.861  INFO 280 --- [main] o.s.b.w.embedded.tomcat.TomcatWebServer  : Tomcat started on port(s): 8080 (http) with context path ''
2026-01-06 19:32:16.877  INFO 280 --- [main] org.example.kortex.KortexApplication     : Started KortexApplication in 6.455 seconds (JVM running for 7.915)
2026-01-06 19:32:16.970  INFO 280 --- [http-nio-8080-exec-1] o.a.c.c.C.[Tomcat].[localhost].[/]       : Initializing Spring DispatcherServlet 'dispatcherServlet'
2026-01-06 19:32:16.970  INFO 280 --- [http-nio-8080-exec-1] o.s.web.servlet.DispatcherServlet        : Initializing Servlet 'dispatcherServlet'
2026-01-06 19:32:16.972  INFO 280 --- [http-nio-8080-exec-1] o.s.web.servlet.DispatcherServlet        : Completed initialization in 1 ms
2026-01-06 19:32:17.026  INFO 280 --- [http-nio-8080-exec-1] org.example.kortex.config.JwtFilter      : JWT токен не найден в запросе
2026-01-06 19:32:17.143  INFO 280 --- [http-nio-8080-exec-2] org.example.kortex.config.JwtFilter      : JWT токен не найден в запросе
2026-01-06 19:32:17.143  INFO 280 --- [http-nio-8080-exec-3] org.example.kortex.config.JwtFilter      : JWT токен не найден в запросе
2026-01-06 19:32:17.145  INFO 280 --- [http-nio-8080-exec-4] org.example.kortex.config.JwtFilter      : JWT токен не найден в запросе
2026-01-06 19:32:31.629  INFO 280 --- [http-nio-8080-exec-5] org.example.kortex.config.JwtFilter      : JWT токен не найден в запросе
2026-01-06 19:32:31.658  INFO 280 --- [http-nio-8080-exec-7] org.example.kortex.config.JwtFilter      : JWT токен не найден в запросе
2026-01-06 19:32:31.658  INFO 280 --- [http-nio-8080-exec-6] org.example.kortex.config.JwtFilter      : JWT токен не найден в запросе
2026-01-06 19:32:31.733  INFO 280 --- [http-nio-8080-exec-8] org.example.kortex.config.JwtFilter      : JWT токен не найден в запросе
2026-01-06 19:32:33.371  INFO 280 --- [http-nio-8080-exec-9] org.example.kortex.config.JwtFilter      : JWT токен не найден в запросе
2026-01-06 19:32:33.387  INFO 280 --- [http-nio-8080-exec-1] org.example.kortex.config.JwtFilter      : JWT токен не найден в запросе
2026-01-06 19:32:33.387  INFO 280 --- [http-nio-8080-exec-10] org.example.kortex.config.JwtFilter      : JWT токен не найден в запросе
2026-01-06 19:32:33.425  INFO 280 --- [http-nio-8080-exec-2] org.example.kortex.config.JwtFilter      : JWT токен не найден в запросе
2026-01-06 19:32:57.647  INFO 280 --- [SpringApplicationShutdownHook] j.LocalContainerEntityManagerFactoryBean : Closing JPA EntityManagerFactory for persistence unit 'default'
2026-01-06 19:32:57.649  INFO 280 --- [SpringApplicationShutdownHook] com.zaxxer.hikari.HikariDataSource       : HikariPool-1 - Shutdown initiated...
2026-01-06 19:32:57.652  INFO 280 --- [SpringApplicationShutdownHook] com.zaxxer.hikari.HikariDataSource       : HikariPool-1 - Shutdown completed.
2026-01-06 19:33:00.324  INFO 1340 --- [main] org.example.kortex.KortexApplication     : Starting KortexApplication using Java 21.0.1 on DESKTOP-4APF200 with PID 1340 (C:\java Ultimate\Kortex\target\classes started by 7 in C:\java Ultimate\Kortex)
2026-01-06 19:33:00.327  INFO 1340 --- [main] org.example.kortex.KortexApplication     : No active profile set, falling back to 1 default profile: "default"
2026-01-06 19:33:01.223  INFO 1340 --- [main] .s.d.r.c.RepositoryConfigurationDelegate : Bootstrapping Spring Data JPA repositories in DEFAULT mode.
2026-01-06 19:33:01.313  INFO 1340 --- [main] .s.d.r.c.RepositoryConfigurationDelegate : Finished Spring Data repository scanning in 83 ms. Found 7 JPA repository interfaces.
2026-01-06 19:33:01.781  INFO 1340 --- [main] o.s.b.w.embedded.tomcat.TomcatWebServer  : Tomcat initialized with port(s): 8090 (http)
2026-01-06 19:33:01.789  INFO 1340 --- [main] o.apache.catalina.core.StandardService   : Starting service [Tomcat]
2026-01-06 19:33:01.790  INFO 1340 --- [main] org.apache.catalina.core.StandardEngine  : Starting Servlet engine: [Apache Tomcat/9.0.73]
2026-01-06 19:33:01.941  INFO 1340 --- [main] o.a.c.c.C.[Tomcat].[localhost].[/]       : Initializing Spring embedded WebApplicationContext
2026-01-06 19:33:01.944  INFO 1340 --- [main] w.s.c.ServletWebServerApplicationContext : Root WebApplicationContext: initialization completed in 1557 ms
2026-01-06 19:33:02.277  INFO 1340 --- [main] o.hibernate.jpa.internal.util.LogHelper  : HHH000204: Processing PersistenceUnitInfo [name: default]
2026-01-06 19:33:02.329  INFO 1340 --- [main] org.hibernate.Version                    : HHH000412: Hibernate ORM core version 5.6.15.Final
2026-01-06 19:33:02.478  INFO 1340 --- [main] o.hibernate.annotations.common.Version   : HCANN000001: Hibernate Commons Annotations {5.1.2.Final}
2026-01-06 19:33:02.560  INFO 1340 --- [main] com.zaxxer.hikari.HikariDataSource       : HikariPool-1 - Starting...
2026-01-06 19:33:02.710  INFO 1340 --- [main] com.zaxxer.hikari.HikariDataSource       : HikariPool-1 - Start completed.
2026-01-06 19:33:02.731  INFO 1340 --- [main] org.hibernate.dialect.Dialect            : HHH000400: Using dialect: org.hibernate.dialect.PostgreSQLDialect
2026-01-06 19:33:03.761  INFO 1340 --- [main] o.h.e.t.j.p.i.JtaPlatformInitiator       : HHH000490: Using JtaPlatform implementation: [org.hibernate.engine.transaction.jta.platform.internal.NoJtaPlatform]
2026-01-06 19:33:03.771  INFO 1340 --- [main] j.LocalContainerEntityManagerFactoryBean : Initialized JPA EntityManagerFactory for persistence unit 'default'
2026-01-06 19:33:04.149  INFO 1340 --- [main] o.s.aop.framework.CglibAopProxy          : Unable to proxy interface-implementing method [public final void org.springframework.web.filter.OncePerRequestFilter.doFilter(javax.servlet.ServletRequest,javax.servlet.ServletResponse,javax.servlet.FilterChain) throws javax.servlet.ServletException,java.io.IOException] because it is marked as final: Consider using interface-based JDK proxies instead!
2026-01-06 19:33:04.149  INFO 1340 --- [main] o.s.aop.framework.CglibAopProxy          : Unable to proxy interface-implementing method [public final void org.springframework.web.filter.GenericFilterBean.init(javax.servlet.FilterConfig) throws javax.servlet.ServletException] because it is marked as final: Consider using interface-based JDK proxies instead!
2026-01-06 19:33:04.610  INFO 1340 --- [main] o.s.s.web.DefaultSecurityFilterChain     : Will secure any request with [org.springframework.security.web.session.DisableEncodeUrlFilter@3a0b6aff, org.springframework.security.web.context.request.async.WebAsyncManagerIntegrationFilter@f1e1d66, org.springframework.security.web.context.SecurityContextPersistenceFilter@1755aee6, org.springframework.security.web.header.HeaderWriterFilter@24536f07, org.springframework.security.web.authentication.logout.LogoutFilter@cae4952, org.example.kortex.config.JwtFilter@19540247, org.springframework.security.web.savedrequest.RequestCacheAwareFilter@10e4ce98, org.springframework.security.web.servletapi.SecurityContextHolderAwareRequestFilter@10466c55, org.springframework.security.web.authentication.AnonymousAuthenticationFilter@359a2c96, org.springframework.security.web.session.SessionManagementFilter@1e3a2177, org.springframework.security.web.access.ExceptionTranslationFilter@40fd1a78, org.springframework.security.web.access.intercept.FilterSecurityInterceptor@820b78a]
2026-01-06 19:33:05.129  INFO 1340 --- [main] o.s.b.a.e.web.EndpointLinksResolver      : Exposing 1 endpoint(s) beneath base path '/actuator'
2026-01-06 19:33:05.198  INFO 1340 --- [main] o.s.b.w.embedded.tomcat.TomcatWebServer  : Tomcat started on port(s): 8090 (http) with context path ''
2026-01-06 19:33:05.213  INFO 1340 --- [main] org.example.kortex.KortexApplication     : Started KortexApplication in 5.332 seconds (JVM running for 6.115)
2026-01-06 19:33:05.400  INFO 1340 --- [RMI TCP Connection(4)-26.93.201.44] o.a.c.c.C.[Tomcat].[localhost].[/]       : Initializing Spring DispatcherServlet 'dispatcherServlet'
2026-01-06 19:33:05.401  INFO 1340 --- [RMI TCP Connection(4)-26.93.201.44] o.s.web.servlet.DispatcherServlet        : Initializing Servlet 'dispatcherServlet'
2026-01-06 19:33:05.402  INFO 1340 --- [RMI TCP Connection(4)-26.93.201.44] o.s.web.servlet.DispatcherServlet        : Completed initialization in 1 ms
2026-01-06 19:33:14.220  INFO 1340 --- [http-nio-8090-exec-1] org.example.kortex.config.JwtFilter      : JWT токен не найден в запросе
2026-01-06 19:33:14.561  INFO 1340 --- [http-nio-8090-exec-10] org.example.kortex.config.JwtFilter      : JWT токен не найден в запросе
2026-01-06 19:33:14.648  INFO 1340 --- [http-nio-8090-exec-1] org.example.kortex.config.JwtFilter      : JWT токен не найден в запросе
2026-01-06 19:35:38.605  INFO 1340 --- [SpringApplicationShutdownHook] j.LocalContainerEntityManagerFactoryBean : Closing JPA EntityManagerFactory for persistence unit 'default'
2026-01-06 19:35:38.609  INFO 1340 --- [SpringApplicationShutdownHook] com.zaxxer.hikari.HikariDataSource       : HikariPool-1 - Shutdown initiated...
2026-01-06 19:35:38.612  INFO 1340 --- [SpringApplicationShutdownHook] com.zaxxer.hikari.HikariDataSource       : HikariPool-1 - Shutdown completed.
2026-01-06 19:35:42.808  INFO 7508 --- [main] org.example.kortex.KortexApplication     : Starting KortexApplication using Java 21.0.1 on DESKTOP-4APF200 with PID 7508 (C:\java Ultimate\Kortex\target\classes started by 7 in C:\java Ultimate\Kortex)
2026-01-06 19:35:42.810  INFO 7508 --- [main] org.example.kortex.KortexApplication     : No active profile set, falling back to 1 default profile: "default"
2026-01-06 19:35:43.913  INFO 7508 --- [main] .s.d.r.c.RepositoryConfigurationDelegate : Bootstrapping Spring Data JPA repositories in DEFAULT mode.
2026-01-06 19:35:44.007  INFO 7508 --- [main] .s.d.r.c.RepositoryConfigurationDelegate : Finished Spring Data repository scanning in 86 ms. Found 7 JPA repository interfaces.
2026-01-06 19:35:44.600  INFO 7508 --- [main] o.s.b.w.embedded.tomcat.TomcatWebServer  : Tomcat initialized with port(s): 8080 (http)
2026-01-06 19:35:44.610  INFO 7508 --- [main] o.apache.catalina.core.StandardService   : Starting service [Tomcat]
2026-01-06 19:35:44.610  INFO 7508 --- [main] org.apache.catalina.core.StandardEngine  : Starting Servlet engine: [Apache Tomcat/9.0.73]
2026-01-06 19:35:44.707  INFO 7508 --- [main] o.a.c.c.C.[Tomcat].[localhost].[/]       : Initializing Spring embedded WebApplicationContext
2026-01-06 19:35:44.708  INFO 7508 --- [main] w.s.c.ServletWebServerApplicationContext : Root WebApplicationContext: initialization completed in 1850 ms
2026-01-06 19:35:45.049  INFO 7508 --- [main] o.hibernate.jpa.internal.util.LogHelper  : HHH000204: Processing PersistenceUnitInfo [name: default]
2026-01-06 19:35:45.108  INFO 7508 --- [main] org.hibernate.Version                    : HHH000412: Hibernate ORM core version 5.6.15.Final
2026-01-06 19:35:45.299  INFO 7508 --- [main] o.hibernate.annotations.common.Version   : HCANN000001: Hibernate Commons Annotations {5.1.2.Final}
2026-01-06 19:35:45.388  INFO 7508 --- [main] com.zaxxer.hikari.HikariDataSource       : HikariPool-1 - Starting...
2026-01-06 19:35:45.682  INFO 7508 --- [main] com.zaxxer.hikari.HikariDataSource       : HikariPool-1 - Start completed.
2026-01-06 19:35:45.711  INFO 7508 --- [main] org.hibernate.dialect.Dialect            : HHH000400: Using dialect: org.hibernate.dialect.PostgreSQLDialect
2026-01-06 19:35:46.748  INFO 7508 --- [main] o.h.e.t.j.p.i.JtaPlatformInitiator       : HHH000490: Using JtaPlatform implementation: [org.hibernate.engine.transaction.jta.platform.internal.NoJtaPlatform]
2026-01-06 19:35:46.760  INFO 7508 --- [main] j.LocalContainerEntityManagerFactoryBean : Initialized JPA EntityManagerFactory for persistence unit 'default'
2026-01-06 19:35:47.139  INFO 7508 --- [main] o.s.aop.framework.CglibAopProxy          : Unable to proxy interface-implementing method [public final void org.springframework.web.filter.OncePerRequestFilter.doFilter(javax.servlet.ServletRequest,javax.servlet.ServletResponse,javax.servlet.FilterChain) throws javax.servlet.ServletException,java.io.IOException] because it is marked as final: Consider using interface-based JDK proxies instead!
2026-01-06 19:35:47.139  INFO 7508 --- [main] o.s.aop.framework.CglibAopProxy          : Unable to proxy interface-implementing method [public final void org.springframework.web.filter.GenericFilterBean.init(javax.servlet.FilterConfig) throws javax.servlet.ServletException] because it is marked as final: Consider using interface-based JDK proxies instead!
2026-01-06 19:35:47.653  INFO 7508 --- [main] o.s.s.web.DefaultSecurityFilterChain     : Will secure any request with [org.springframework.security.web.session.DisableEncodeUrlFilter@744673f3, org.springframework.security.web.context.request.async.WebAsyncManagerIntegrationFilter@7f5a25e2, org.springframework.security.web.context.SecurityContextPersistenceFilter@66b62332, org.springframework.security.web.header.HeaderWriterFilter@519eab1e, org.springframework.security.web.authentication.logout.LogoutFilter@74901d7, org.example.kortex.config.JwtFilter@289cf7db, org.springframework.security.web.savedrequest.RequestCacheAwareFilter@240f712e, org.springframework.security.web.servletapi.SecurityContextHolderAwareRequestFilter@3e7ddb7e, org.springframework.security.web.authentication.AnonymousAuthenticationFilter@6329a5b9, org.springframework.security.web.session.SessionManagementFilter@4af6839c, org.springframework.security.web.access.ExceptionTranslationFilter@7d5cbcc9, org.springframework.security.web.access.intercept.FilterSecurityInterceptor@345d641e]
2026-01-06 19:35:48.199  INFO 7508 --- [main] o.s.b.a.e.web.EndpointLinksResolver      : Exposing 1 endpoint(s) beneath base path '/actuator'
2026-01-06 19:35:48.252  INFO 7508 --- [main] o.s.b.w.embedded.tomcat.TomcatWebServer  : Tomcat started on port(s): 8080 (http) with context path ''
2026-01-06 19:35:48.269  INFO 7508 --- [main] org.example.kortex.KortexApplication     : Started KortexApplication in 6.007 seconds (JVM running for 7.965)
2026-01-06 19:35:48.460  INFO 7508 --- [RMI TCP Connection(4)-26.93.201.44] o.a.c.c.C.[Tomcat].[localhost].[/]       : Initializing Spring DispatcherServlet 'dispatcherServlet'
2026-01-06 19:35:48.461  INFO 7508 --- [RMI TCP Connection(4)-26.93.201.44] o.s.web.servlet.DispatcherServlet        : Initializing Servlet 'dispatcherServlet'
2026-01-06 19:35:48.463  INFO 7508 --- [RMI TCP Connection(4)-26.93.201.44] o.s.web.servlet.DispatcherServlet        : Completed initialization in 2 ms
2026-01-06 19:35:51.707  INFO 7508 --- [http-nio-8080-exec-2] org.example.kortex.config.JwtFilter      : JWT токен не найден в запросе
2026-01-06 19:35:51.750  INFO 7508 --- [http-nio-8080-exec-1] org.example.kortex.config.JwtFilter      : JWT токен не найден в запросе
2026-01-06 19:36:04.471  INFO 7508 --- [http-nio-8080-exec-10] org.example.kortex.config.JwtFilter      : JWT токен не найден в запросе
2026-01-06 19:36:04.485  INFO 7508 --- [http-nio-8080-exec-2] org.example.kortex.config.JwtFilter      : JWT токен не найден в запросе
2026-01-06 19:36:04.570  INFO 7508 --- [http-nio-8080-exec-10] org.example.kortex.config.JwtFilter      : JWT токен не найден в запросе
2026-01-06 19:36:05.056  INFO 7508 --- [http-nio-8080-exec-2] org.example.kortex.config.JwtFilter      : JWT токен не найден в запросе
2026-01-06 19:36:05.064  INFO 7508 --- [http-nio-8080-exec-7] org.example.kortex.config.JwtFilter      : JWT токен не найден в запросе
2026-01-06 19:36:05.133  INFO 7508 --- [http-nio-8080-exec-2] org.example.kortex.config.JwtFilter      : JWT токен не найден в запросе
2026-01-06 19:36:07.979  INFO 7508 --- [http-nio-8080-exec-7] org.example.kortex.config.JwtFilter      : JWT токен не найден в запросе
2026-01-06 19:36:08.034  INFO 7508 --- [http-nio-8080-exec-2] org.example.kortex.config.JwtFilter      : JWT токен не найден в запросе
2026-01-06 19:36:08.087  INFO 7508 --- [http-nio-8080-exec-7] org.example.kortex.config.JwtFilter      : JWT токен не найден в запросе
2026-01-06 19:36:08.104  INFO 7508 --- [http-nio-8080-exec-7] o.e.k.products.api.ProductController     : Асинхронный запрос товаров: category=null, query=null, page=0, size=12
2026-01-06 19:36:08.121  INFO 7508 --- [Async-1] o.e.k.products.domain.ProductService     : Запрос на выдачу всех товаров с фильром: ProductSearchFilter[category=null, query=null, pageSize=12, pageNumber=0]
2026-01-06 19:36:08.208  INFO 7508 --- [Async-1] o.e.k.products.domain.ProductService     : Поиск завершен за 76 мс, найдено: 0 товаров
2026-01-06 19:36:08.209  INFO 7508 --- [Async-1] o.e.k.products.domain.ProductService     : Выдача всех товаров с фильтром: ProductSearchFilter[category=null, query=null, pageSize=12, pageNumber=0]
2026-01-06 19:36:12.884  INFO 7508 --- [http-nio-8080-exec-1] org.example.kortex.config.JwtFilter      : JWT токен не найден в запросе
2026-01-06 19:36:12.891  INFO 7508 --- [http-nio-8080-exec-4] org.example.kortex.config.JwtFilter      : JWT токен не найден в запросе
2026-01-06 19:36:18.382  INFO 7508 --- [http-nio-8080-exec-1] o.e.kortex.users.api.AuthController      : Попытка входа для email: s5090@inbox.ru
2026-01-06 19:36:18.455  INFO 7508 --- [http-nio-8080-exec-1] o.e.kortex.users.domain.UserService      : Поиск пользователя с email: s5090@inbox.ru
2026-01-06 19:36:18.549  INFO 7508 --- [http-nio-8080-exec-1] o.e.kortex.users.domain.UserService      : Поиск пользователя с email: s5090@inbox.ru
2026-01-06 19:36:18.599  INFO 7508 --- [http-nio-8080-exec-1] o.e.kortex.users.api.AuthController      : Пользователь вошел: s5090@inbox.ru, ID: 1
2026-01-06 19:36:18.618  INFO 7508 --- [http-nio-8080-exec-4] org.example.kortex.config.JwtFilter      : JWT найден в cookie
2026-01-06 19:36:18.662  INFO 7508 --- [http-nio-8080-exec-4] org.example.kortex.config.JwtFilter      : JWT валиден для email: s5090@inbox.ru, role: ADMIN
2026-01-06 19:36:18.663  INFO 7508 --- [http-nio-8080-exec-4] o.e.kortex.users.domain.UserService      : Поиск пользователя с email: s5090@inbox.ru
2026-01-06 19:36:18.668  INFO 7508 --- [http-nio-8080-exec-4] org.example.kortex.config.JwtFilter      : Аутентификация установлена для: s5090@inbox.ru
2026-01-06 19:36:18.720  INFO 7508 --- [http-nio-8080-exec-1] org.example.kortex.config.JwtFilter      : JWT найден в cookie
2026-01-06 19:36:18.729  INFO 7508 --- [http-nio-8080-exec-1] org.example.kortex.config.JwtFilter      : JWT валиден для email: s5090@inbox.ru, role: ADMIN
2026-01-06 19:36:18.730  INFO 7508 --- [http-nio-8080-exec-1] o.e.kortex.users.domain.UserService      : Поиск пользователя с email: s5090@inbox.ru
2026-01-06 19:36:18.739  INFO 7508 --- [http-nio-8080-exec-1] org.example.kortex.config.JwtFilter      : Аутентификация установлена для: s5090@inbox.ru
2026-01-06 19:36:18.742  INFO 7508 --- [http-nio-8080-exec-1] o.e.k.products.api.ProductController     : Асинхронный запрос товаров: category=null, query=null, page=0, size=12
2026-01-06 19:36:18.743  INFO 7508 --- [Async-2] o.e.k.products.domain.ProductService     : Запрос на выдачу всех товаров с фильром: ProductSearchFilter[category=null, query=null, pageSize=12, pageNumber=0]
2026-01-06 19:36:18.751  INFO 7508 --- [Async-2] o.e.k.products.domain.ProductService     : Поиск завершен за 8 мс, найдено: 0 товаров
2026-01-06 19:36:18.751  INFO 7508 --- [Async-2] o.e.k.products.domain.ProductService     : Выдача всех товаров с фильтром: ProductSearchFilter[category=null, query=null, pageSize=12, pageNumber=0]
2026-01-06 19:36:19.836  INFO 7508 --- [http-nio-8080-exec-10] org.example.kortex.config.JwtFilter      : JWT найден в cookie
2026-01-06 19:36:19.842  INFO 7508 --- [http-nio-8080-exec-10] org.example.kortex.config.JwtFilter      : JWT валиден для email: s5090@inbox.ru, role: ADMIN
2026-01-06 19:36:19.843  INFO 7508 --- [http-nio-8080-exec-10] o.e.kortex.users.domain.UserService      : Поиск пользователя с email: s5090@inbox.ru
2026-01-06 19:36:19.846  INFO 7508 --- [http-nio-8080-exec-10] org.example.kortex.config.JwtFilter      : Аутентификация установлена для: s5090@inbox.ru
2026-01-06 19:36:20.202  INFO 7508 --- [http-nio-8080-exec-10] org.example.kortex.config.JwtFilter      : JWT найден в cookie
2026-01-06 19:36:20.209  INFO 7508 --- [http-nio-8080-exec-10] org.example.kortex.config.JwtFilter      : JWT валиден для email: s5090@inbox.ru, role: ADMIN
2026-01-06 19:36:20.210  INFO 7508 --- [http-nio-8080-exec-10] o.e.kortex.users.domain.UserService      : Поиск пользователя с email: s5090@inbox.ru
2026-01-06 19:36:20.214  INFO 7508 --- [http-nio-8080-exec-10] org.example.kortex.config.JwtFilter      : Аутентификация установлена для: s5090@inbox.ru
2026-01-06 19:36:21.052  INFO 7508 --- [http-nio-8080-exec-3] org.example.kortex.config.JwtFilter      : JWT найден в cookie
2026-01-06 19:36:21.057  INFO 7508 --- [http-nio-8080-exec-3] org.example.kortex.config.JwtFilter      : JWT валиден для email: s5090@inbox.ru, role: ADMIN
2026-01-06 19:36:21.057  INFO 7508 --- [http-nio-8080-exec-3] o.e.kortex.users.domain.UserService      : Поиск пользователя с email: s5090@inbox.ru
2026-01-06 19:36:21.060  INFO 7508 --- [http-nio-8080-exec-3] org.example.kortex.config.JwtFilter      : Аутентификация установлена для: s5090@inbox.ru
2026-01-06 19:36:21.151  INFO 7508 --- [http-nio-8080-exec-3] org.example.kortex.config.JwtFilter      : JWT найден в cookie
2026-01-06 19:36:21.154  INFO 7508 --- [http-nio-8080-exec-5] org.example.kortex.config.JwtFilter      : JWT найден в cookie
2026-01-06 19:36:21.158  INFO 7508 --- [http-nio-8080-exec-3] org.example.kortex.config.JwtFilter      : JWT валиден для email: s5090@inbox.ru, role: ADMIN
2026-01-06 19:36:21.159  INFO 7508 --- [http-nio-8080-exec-3] o.e.kortex.users.domain.UserService      : Поиск пользователя с email: s5090@inbox.ru
2026-01-06 19:36:21.159  INFO 7508 --- [http-nio-8080-exec-5] org.example.kortex.config.JwtFilter      : JWT валиден для email: s5090@inbox.ru, role: ADMIN
2026-01-06 19:36:21.159  INFO 7508 --- [http-nio-8080-exec-5] o.e.kortex.users.domain.UserService      : Поиск пользователя с email: s5090@inbox.ru
2026-01-06 19:36:21.165  INFO 7508 --- [http-nio-8080-exec-3] org.example.kortex.config.JwtFilter      : Аутентификация установлена для: s5090@inbox.ru
2026-01-06 19:36:21.170  INFO 7508 --- [http-nio-8080-exec-5] org.example.kortex.config.JwtFilter      : Аутентификация установлена для: s5090@inbox.ru
2026-01-06 19:36:21.182  INFO 7508 --- [http-nio-8080-exec-6] org.example.kortex.config.JwtFilter      : JWT найден в cookie
2026-01-06 19:36:21.186  INFO 7508 --- [http-nio-8080-exec-6] org.example.kortex.config.JwtFilter      : JWT валиден для email: s5090@inbox.ru, role: ADMIN
2026-01-06 19:36:21.187  INFO 7508 --- [http-nio-8080-exec-6] o.e.kortex.users.domain.UserService      : Поиск пользователя с email: s5090@inbox.ru
2026-01-06 19:36:21.189  INFO 7508 --- [http-nio-8080-exec-6] org.example.kortex.config.JwtFilter      : Аутентификация установлена для: s5090@inbox.ru
2026-01-06 19:36:24.203  INFO 7508 --- [http-nio-8080-exec-8] org.example.kortex.config.JwtFilter      : JWT найден в cookie
2026-01-06 19:36:24.207  INFO 7508 --- [http-nio-8080-exec-8] org.example.kortex.config.JwtFilter      : JWT валиден для email: s5090@inbox.ru, role: ADMIN
2026-01-06 19:36:24.207  INFO 7508 --- [http-nio-8080-exec-8] o.e.kortex.users.domain.UserService      : Поиск пользователя с email: s5090@inbox.ru
2026-01-06 19:36:24.210  INFO 7508 --- [http-nio-8080-exec-8] org.example.kortex.config.JwtFilter      : Аутентификация установлена для: s5090@inbox.ru
2026-01-06 19:36:26.387  INFO 7508 --- [http-nio-8080-exec-6] org.example.kortex.config.JwtFilter      : JWT найден в cookie
2026-01-06 19:36:26.392  INFO 7508 --- [http-nio-8080-exec-6] org.example.kortex.config.JwtFilter      : JWT валиден для email: s5090@inbox.ru, role: ADMIN
2026-01-06 19:36:26.392  INFO 7508 --- [http-nio-8080-exec-6] o.e.kortex.users.domain.UserService      : Поиск пользователя с email: s5090@inbox.ru
2026-01-06 19:36:26.396  INFO 7508 --- [http-nio-8080-exec-6] org.example.kortex.config.JwtFilter      : Аутентификация установлена для: s5090@inbox.ru
2026-01-06 19:36:29.105  INFO 7508 --- [http-nio-8080-exec-5] o.e.kortex.users.api.AuthController      : Запрос на забыл пароль emails5090@inbox.ru
2026-01-06 19:36:29.106  INFO 7508 --- [http-nio-8080-exec-5] o.e.kortex.users.domain.UserService      : Поиск пользователя с email: s5090@inbox.ru
2026-01-06 19:36:29.113  INFO 7508 --- [http-nio-8080-exec-5] o.e.kortex.users.api.AuthController      : Код для сброса пароля отправлен на email
2026-01-06 19:36:29.114  INFO 7508 --- [Async-3] o.e.k.users.domain.EmailSenderService    : Отпрвавка сообщение на изменения сброс на почту: s5090@inbox.ru с кодом 328810
2026-01-06 19:36:30.256  INFO 7508 --- [http-nio-8080-exec-6] org.example.kortex.config.JwtFilter      : JWT найден в cookie
2026-01-06 19:36:30.263  INFO 7508 --- [http-nio-8080-exec-6] org.example.kortex.config.JwtFilter      : JWT валиден для email: s5090@inbox.ru, role: ADMIN
2026-01-06 19:36:30.263  INFO 7508 --- [http-nio-8080-exec-6] o.e.kortex.users.domain.UserService      : Поиск пользователя с email: s5090@inbox.ru
2026-01-06 19:36:30.267  INFO 7508 --- [http-nio-8080-exec-6] org.example.kortex.config.JwtFilter      : Аутентификация установлена для: s5090@inbox.ru
2026-01-06 19:36:40.169  INFO 7508 --- [Async-3] o.e.k.users.domain.EmailSenderService    : Сообщение отправлено на изменения сброс на почту: s5090@inbox.ru с кодом 328810
2026-01-06 19:37:22.720  INFO 7508 --- [http-nio-8080-exec-6] o.e.kortex.users.api.AuthController      : Код по 'забыл пароль'
2026-01-06 19:37:22.721  INFO 7508 --- [http-nio-8080-exec-6] o.e.kortex.users.api.AuthController      : Код подтвержден
2026-01-06 19:37:23.837  INFO 7508 --- [http-nio-8080-exec-8] org.example.kortex.config.JwtFilter      : JWT найден в cookie
2026-01-06 19:37:23.840  INFO 7508 --- [http-nio-8080-exec-8] org.example.kortex.config.JwtFilter      : JWT валиден для email: s5090@inbox.ru, role: ADMIN
2026-01-06 19:37:23.844  INFO 7508 --- [http-nio-8080-exec-8] o.e.kortex.users.domain.UserService      : Поиск пользователя с email: s5090@inbox.ru
2026-01-06 19:37:23.850  INFO 7508 --- [http-nio-8080-exec-8] org.example.kortex.config.JwtFilter      : Аутентификация установлена для: s5090@inbox.ru
2026-01-06 19:37:34.207  INFO 7508 --- [http-nio-8080-exec-8] o.e.kortex.users.api.AuthController      : Смена пароля у пользователя с email: s5090@inbox.ru
2026-01-06 19:37:34.208  INFO 7508 --- [http-nio-8080-exec-8] o.e.kortex.users.domain.UserService      : Поиск пользователя с email: s5090@inbox.ru
2026-01-06 19:37:34.303  INFO 7508 --- [http-nio-8080-exec-8] o.e.kortex.users.domain.UserService      : Обновление пользователя с id: 1
2026-01-06 19:37:34.342  INFO 7508 --- [http-nio-8080-exec-8] o.e.kortex.users.domain.UserService      : Пользователь обновлен с id: 1
2026-01-06 19:37:34.390  INFO 7508 --- [http-nio-8080-exec-8] o.e.kortex.users.api.AuthController      : Пароль успешно изменен
2026-01-06 19:37:34.404  INFO 7508 --- [http-nio-8080-exec-2] org.example.kortex.config.JwtFilter      : JWT найден в cookie
2026-01-06 19:37:34.412  INFO 7508 --- [http-nio-8080-exec-2] org.example.kortex.config.JwtFilter      : JWT валиден для email: s5090@inbox.ru, role: ADMIN
2026-01-06 19:37:34.412  INFO 7508 --- [http-nio-8080-exec-2] o.e.kortex.users.domain.UserService      : Поиск пользователя с email: s5090@inbox.ru
2026-01-06 19:37:34.419  INFO 7508 --- [http-nio-8080-exec-2] org.example.kortex.config.JwtFilter      : Аутентификация установлена для: s5090@inbox.ru
2026-01-06 19:37:34.527  INFO 7508 --- [http-nio-8080-exec-5] org.example.kortex.config.JwtFilter      : JWT найден в cookie
2026-01-06 19:37:34.539  INFO 7508 --- [http-nio-8080-exec-5] org.example.kortex.config.JwtFilter      : JWT валиден для email: s5090@inbox.ru, role: ADMIN
2026-01-06 19:37:34.539  INFO 7508 --- [http-nio-8080-exec-5] o.e.kortex.users.domain.UserService      : Поиск пользователя с email: s5090@inbox.ru
2026-01-06 19:37:34.548  INFO 7508 --- [http-nio-8080-exec-5] org.example.kortex.config.JwtFilter      : Аутентификация установлена для: s5090@inbox.ru
2026-01-06 19:37:34.550  INFO 7508 --- [http-nio-8080-exec-5] o.e.k.products.api.ProductController     : Асинхронный запрос товаров: category=null, query=null, page=0, size=12
2026-01-06 19:37:34.577  INFO 7508 --- [Async-4] o.e.k.products.domain.ProductService     : Запрос на выдачу всех товаров с фильром: ProductSearchFilter[category=null, query=null, pageSize=12, pageNumber=0]
2026-01-06 19:37:34.588  INFO 7508 --- [Async-4] o.e.k.products.domain.ProductService     : Поиск завершен за 10 мс, найдено: 0 товаров
2026-01-06 19:37:34.588  INFO 7508 --- [Async-4] o.e.k.products.domain.ProductService     : Выдача всех товаров с фильтром: ProductSearchFilter[category=null, query=null, pageSize=12, pageNumber=0]
2026-01-06 19:37:36.651  INFO 7508 --- [http-nio-8080-exec-8] org.example.kortex.config.JwtFilter      : JWT найден в cookie
2026-01-06 19:37:36.655  INFO 7508 --- [http-nio-8080-exec-8] org.example.kortex.config.JwtFilter      : JWT валиден для email: s5090@inbox.ru, role: ADMIN
2026-01-06 19:37:36.655  INFO 7508 --- [http-nio-8080-exec-8] o.e.kortex.users.domain.UserService      : Поиск пользователя с email: s5090@inbox.ru
2026-01-06 19:37:36.659  INFO 7508 --- [http-nio-8080-exec-8] org.example.kortex.config.JwtFilter      : Аутентификация установлена для: s5090@inbox.ru
2026-01-06 19:37:41.282  INFO 7508 --- [http-nio-8080-exec-6] o.e.kortex.users.api.AuthController      : Попытка входа для email: s5090@inbox.ru
2026-01-06 19:37:41.287  INFO 7508 --- [http-nio-8080-exec-6] o.e.kortex.users.domain.UserService      : Поиск пользователя с email: s5090@inbox.ru
2026-01-06 19:37:41.359  INFO 7508 --- [http-nio-8080-exec-6] o.e.kortex.users.domain.UserService      : Поиск пользователя с email: s5090@inbox.ru
2026-01-06 19:37:41.370  INFO 7508 --- [http-nio-8080-exec-6] o.e.kortex.users.api.AuthController      : Пользователь вошел: s5090@inbox.ru, ID: 1
2026-01-06 19:37:41.382  INFO 7508 --- [http-nio-8080-exec-8] org.example.kortex.config.JwtFilter      : JWT найден в cookie
2026-01-06 19:37:41.388  INFO 7508 --- [http-nio-8080-exec-8] org.example.kortex.config.JwtFilter      : JWT валиден для email: s5090@inbox.ru, role: ADMIN
2026-01-06 19:37:41.389  INFO 7508 --- [http-nio-8080-exec-8] o.e.kortex.users.domain.UserService      : Поиск пользователя с email: s5090@inbox.ru
2026-01-06 19:37:41.395  INFO 7508 --- [http-nio-8080-exec-8] org.example.kortex.config.JwtFilter      : Аутентификация установлена для: s5090@inbox.ru
2026-01-06 19:37:41.453  INFO 7508 --- [http-nio-8080-exec-6] org.example.kortex.config.JwtFilter      : JWT найден в cookie
2026-01-06 19:37:41.460  INFO 7508 --- [http-nio-8080-exec-6] org.example.kortex.config.JwtFilter      : JWT валиден для email: s5090@inbox.ru, role: ADMIN
2026-01-06 19:37:41.460  INFO 7508 --- [http-nio-8080-exec-6] o.e.kortex.users.domain.UserService      : Поиск пользователя с email: s5090@inbox.ru
2026-01-06 19:37:41.465  INFO 7508 --- [http-nio-8080-exec-6] org.example.kortex.config.JwtFilter      : Аутентификация установлена для: s5090@inbox.ru
2026-01-06 19:37:41.466  INFO 7508 --- [http-nio-8080-exec-6] o.e.k.products.api.ProductController     : Асинхронный запрос товаров: category=null, query=null, page=0, size=12
2026-01-06 19:37:41.467  INFO 7508 --- [Async-5] o.e.k.products.domain.ProductService     : Запрос на выдачу всех товаров с фильром: ProductSearchFilter[category=null, query=null, pageSize=12, pageNumber=0]
2026-01-06 19:37:41.473  INFO 7508 --- [Async-5] o.e.k.products.domain.ProductService     : Поиск завершен за 6 мс, найдено: 0 товаров
2026-01-06 19:37:41.473  INFO 7508 --- [Async-5] o.e.k.products.domain.ProductService     : Выдача всех товаров с фильтром: ProductSearchFilter[category=null, query=null, pageSize=12, pageNumber=0]
2026-01-06 19:37:42.642  INFO 7508 --- [http-nio-8080-exec-3] org.example.kortex.config.JwtFilter      : JWT найден в cookie
2026-01-06 19:37:42.645  INFO 7508 --- [http-nio-8080-exec-3] org.example.kortex.config.JwtFilter      : JWT валиден для email: s5090@inbox.ru, role: ADMIN
2026-01-06 19:37:42.645  INFO 7508 --- [http-nio-8080-exec-3] o.e.kortex.users.domain.UserService      : Поиск пользователя с email: s5090@inbox.ru
2026-01-06 19:37:42.649  INFO 7508 --- [http-nio-8080-exec-3] org.example.kortex.config.JwtFilter      : Аутентификация установлена для: s5090@inbox.ru
2026-01-06 19:37:46.737  INFO 7508 --- [http-nio-8080-exec-8] o.e.kortex.users.api.AuthController      : Попытка входа для email: s5090@inbox.ru
2026-01-06 19:37:46.738  INFO 7508 --- [http-nio-8080-exec-8] o.e.kortex.users.domain.UserService      : Поиск пользователя с email: s5090@inbox.ru
2026-01-06 19:37:46.809 ERROR 7508 --- [http-nio-8080-exec-8] o.e.kortex.users.api.AuthController      : Ошибка входа для s5090@inbox.ru: Неверные учетные данные пользователя
2026-01-06 19:37:48.972  INFO 7508 --- [http-nio-8080-exec-3] org.example.kortex.config.JwtFilter      : JWT найден в cookie
2026-01-06 19:37:48.978  INFO 7508 --- [http-nio-8080-exec-3] org.example.kortex.config.JwtFilter      : JWT валиден для email: s5090@inbox.ru, role: ADMIN
2026-01-06 19:37:48.980  INFO 7508 --- [http-nio-8080-exec-3] o.e.kortex.users.domain.UserService      : Поиск пользователя с email: s5090@inbox.ru
2026-01-06 19:37:48.985  INFO 7508 --- [http-nio-8080-exec-3] org.example.kortex.config.JwtFilter      : Аутентификация установлена для: s5090@inbox.ru
2026-01-06 19:37:50.696  INFO 7508 --- [http-nio-8080-exec-8] o.e.kortex.users.api.AuthController      : Запрос на забыл пароль emails5090@inbox.ru
2026-01-06 19:37:50.696  INFO 7508 --- [http-nio-8080-exec-8] o.e.kortex.users.domain.UserService      : Поиск пользователя с email: s5090@inbox.ru
2026-01-06 19:37:50.701  INFO 7508 --- [http-nio-8080-exec-8] o.e.kortex.users.api.AuthController      : Код для сброса пароля отправлен на email
2026-01-06 19:37:50.702  INFO 7508 --- [Async-6] o.e.k.users.domain.EmailSenderService    : Отпрвавка сообщение на изменения сброс на почту: s5090@inbox.ru с кодом 488851
2026-01-06 19:37:51.506  INFO 7508 --- [http-nio-8080-exec-3] org.example.kortex.config.JwtFilter      : JWT найден в cookie
2026-01-06 19:37:51.509  INFO 7508 --- [http-nio-8080-exec-3] org.example.kortex.config.JwtFilter      : JWT валиден для email: s5090@inbox.ru, role: ADMIN
2026-01-06 19:37:51.509  INFO 7508 --- [http-nio-8080-exec-3] o.e.kortex.users.domain.UserService      : Поиск пользователя с email: s5090@inbox.ru
2026-01-06 19:37:51.511  INFO 7508 --- [http-nio-8080-exec-3] org.example.kortex.config.JwtFilter      : Аутентификация установлена для: s5090@inbox.ru
2026-01-06 19:38:02.568  INFO 7508 --- [Async-6] o.e.k.users.domain.EmailSenderService    : Сообщение отправлено на изменения сброс на почту: s5090@inbox.ru с кодом 488851
2026-01-06 19:38:14.465  INFO 7508 --- [http-nio-8080-exec-3] o.e.kortex.users.api.AuthController      : Код по 'забыл пароль'
2026-01-06 19:38:14.465  INFO 7508 --- [http-nio-8080-exec-3] o.e.kortex.users.api.AuthController      : Код подтвержден
2026-01-06 19:38:15.438  INFO 7508 --- [http-nio-8080-exec-9] org.example.kortex.config.JwtFilter      : JWT найден в cookie
2026-01-06 19:38:15.442  INFO 7508 --- [http-nio-8080-exec-9] org.example.kortex.config.JwtFilter      : JWT валиден для email: s5090@inbox.ru, role: ADMIN
2026-01-06 19:38:15.442  INFO 7508 --- [http-nio-8080-exec-9] o.e.kortex.users.domain.UserService      : Поиск пользователя с email: s5090@inbox.ru
2026-01-06 19:38:15.450  INFO 7508 --- [http-nio-8080-exec-9] org.example.kortex.config.JwtFilter      : Аутентификация установлена для: s5090@inbox.ru
2026-01-06 19:38:20.055  INFO 7508 --- [http-nio-8080-exec-3] o.e.kortex.users.api.AuthController      : Смена пароля у пользователя с email: s5090@inbox.ru
2026-01-06 19:38:20.056  INFO 7508 --- [http-nio-8080-exec-3] o.e.kortex.users.domain.UserService      : Поиск пользователя с email: s5090@inbox.ru
2026-01-06 19:38:20.121  INFO 7508 --- [http-nio-8080-exec-3] o.e.kortex.users.domain.UserService      : Обновление пользователя с id: 1
2026-01-06 19:38:20.123  INFO 7508 --- [http-nio-8080-exec-3] o.e.kortex.users.domain.UserService      : Пользователь обновлен с id: 1
2026-01-06 19:38:20.149  INFO 7508 --- [http-nio-8080-exec-3] o.e.kortex.users.api.AuthController      : Пароль успешно изменен
2026-01-06 19:38:20.157  INFO 7508 --- [http-nio-8080-exec-9] org.example.kortex.config.JwtFilter      : JWT найден в cookie
2026-01-06 19:38:20.163  INFO 7508 --- [http-nio-8080-exec-9] org.example.kortex.config.JwtFilter      : JWT валиден для email: s5090@inbox.ru, role: ADMIN
2026-01-06 19:38:20.163  INFO 7508 --- [http-nio-8080-exec-9] o.e.kortex.users.domain.UserService      : Поиск пользователя с email: s5090@inbox.ru
2026-01-06 19:38:20.166  INFO 7508 --- [http-nio-8080-exec-9] org.example.kortex.config.JwtFilter      : Аутентификация установлена для: s5090@inbox.ru
2026-01-06 19:38:20.194  INFO 7508 --- [http-nio-8080-exec-3] org.example.kortex.config.JwtFilter      : JWT найден в cookie
2026-01-06 19:38:20.198  INFO 7508 --- [http-nio-8080-exec-3] org.example.kortex.config.JwtFilter      : JWT валиден для email: s5090@inbox.ru, role: ADMIN
2026-01-06 19:38:20.199  INFO 7508 --- [http-nio-8080-exec-3] o.e.kortex.users.domain.UserService      : Поиск пользователя с email: s5090@inbox.ru
2026-01-06 19:38:20.204  INFO 7508 --- [http-nio-8080-exec-3] org.example.kortex.config.JwtFilter      : Аутентификация установлена для: s5090@inbox.ru
2026-01-06 19:38:20.205  INFO 7508 --- [http-nio-8080-exec-3] o.e.k.products.api.ProductController     : Асинхронный запрос товаров: category=null, query=null, page=0, size=12
2026-01-06 19:38:20.206  INFO 7508 --- [Async-7] o.e.k.products.domain.ProductService     : Запрос на выдачу всех товаров с фильром: ProductSearchFilter[category=null, query=null, pageSize=12, pageNumber=0]
2026-01-06 19:38:20.214  INFO 7508 --- [Async-7] o.e.k.products.domain.ProductService     : Поиск завершен за 6 мс, найдено: 0 товаров
2026-01-06 19:38:20.214  INFO 7508 --- [Async-7] o.e.k.products.domain.ProductService     : Выдача всех товаров с фильтром: ProductSearchFilter[category=null, query=null, pageSize=12, pageNumber=0]
2026-01-06 19:55:18.880  INFO 7508 --- [SpringApplicationShutdownHook] j.LocalContainerEntityManagerFactoryBean : Closing JPA EntityManagerFactory for persistence unit 'default'
2026-01-06 19:55:18.929  INFO 7508 --- [SpringApplicationShutdownHook] com.zaxxer.hikari.HikariDataSource       : HikariPool-1 - Shutdown initiated...
2026-01-06 19:55:18.957  INFO 7508 --- [SpringApplicationShutdownHook] com.zaxxer.hikari.HikariDataSource       : HikariPool-1 - Shutdown completed.
2026-01-06 19:55:26.694  INFO 20656 --- [main] org.example.kortex.KortexApplication     : Starting KortexApplication using Java 21.0.1 on DESKTOP-4APF200 with PID 20656 (C:\java Ultimate\Kortex\target\classes started by 7 in C:\java Ultimate\Kortex)
2026-01-06 19:55:26.697  INFO 20656 --- [main] org.example.kortex.KortexApplication     : No active profile set, falling back to 1 default profile: "default"
2026-01-06 19:55:28.138  INFO 20656 --- [main] .s.d.r.c.RepositoryConfigurationDelegate : Bootstrapping Spring Data JPA repositories in DEFAULT mode.
2026-01-06 19:55:28.227  INFO 20656 --- [main] .s.d.r.c.RepositoryConfigurationDelegate : Finished Spring Data repository scanning in 80 ms. Found 7 JPA repository interfaces.
2026-01-06 19:55:28.789  INFO 20656 --- [main] o.s.b.w.embedded.tomcat.TomcatWebServer  : Tomcat initialized with port(s): 8080 (http)
2026-01-06 19:55:28.803  INFO 20656 --- [main] o.apache.catalina.core.StandardService   : Starting service [Tomcat]
2026-01-06 19:55:28.803  INFO 20656 --- [main] org.apache.catalina.core.StandardEngine  : Starting Servlet engine: [Apache Tomcat/9.0.73]
2026-01-06 19:55:28.972  INFO 20656 --- [main] o.a.c.c.C.[Tomcat].[localhost].[/]       : Initializing Spring embedded WebApplicationContext
2026-01-06 19:55:28.973  INFO 20656 --- [main] w.s.c.ServletWebServerApplicationContext : Root WebApplicationContext: initialization completed in 2220 ms
2026-01-06 19:55:29.326  INFO 20656 --- [main] o.hibernate.jpa.internal.util.LogHelper  : HHH000204: Processing PersistenceUnitInfo [name: default]
2026-01-06 19:55:29.402  INFO 20656 --- [main] org.hibernate.Version                    : HHH000412: Hibernate ORM core version 5.6.15.Final
2026-01-06 19:55:29.599  INFO 20656 --- [main] o.hibernate.annotations.common.Version   : HCANN000001: Hibernate Commons Annotations {5.1.2.Final}
2026-01-06 19:55:29.726  INFO 20656 --- [main] com.zaxxer.hikari.HikariDataSource       : HikariPool-1 - Starting...
2026-01-06 19:55:29.975  INFO 20656 --- [main] com.zaxxer.hikari.HikariDataSource       : HikariPool-1 - Start completed.
2026-01-06 19:55:29.997  INFO 20656 --- [main] org.hibernate.dialect.Dialect            : HHH000400: Using dialect: org.hibernate.dialect.PostgreSQLDialect
2026-01-06 19:55:30.976  INFO 20656 --- [main] o.h.e.t.j.p.i.JtaPlatformInitiator       : HHH000490: Using JtaPlatform implementation: [org.hibernate.engine.transaction.jta.platform.internal.NoJtaPlatform]
2026-01-06 19:55:30.991  INFO 20656 --- [main] j.LocalContainerEntityManagerFactoryBean : Initialized JPA EntityManagerFactory for persistence unit 'default'
2026-01-06 19:55:31.375  INFO 20656 --- [main] o.s.aop.framework.CglibAopProxy          : Unable to proxy interface-implementing method [public final void org.springframework.web.filter.OncePerRequestFilter.doFilter(javax.servlet.ServletRequest,javax.servlet.ServletResponse,javax.servlet.FilterChain) throws javax.servlet.ServletException,java.io.IOException] because it is marked as final: Consider using interface-based JDK proxies instead!
2026-01-06 19:55:31.376  INFO 20656 --- [main] o.s.aop.framework.CglibAopProxy          : Unable to proxy interface-implementing method [public final void org.springframework.web.filter.GenericFilterBean.init(javax.servlet.FilterConfig) throws javax.servlet.ServletException] because it is marked as final: Consider using interface-based JDK proxies instead!
2026-01-06 19:55:31.945  INFO 20656 --- [main] o.s.s.web.DefaultSecurityFilterChain     : Will secure any request with [org.springframework.security.web.session.DisableEncodeUrlFilter@6c92a59d, org.springframework.security.web.context.request.async.WebAsyncManagerIntegrationFilter@4505015b, org.springframework.security.web.context.SecurityContextPersistenceFilter@65b7678a, org.springframework.security.web.header.HeaderWriterFilter@240f712e, org.springframework.security.web.authentication.logout.LogoutFilter@584f4ca5, org.example.kortex.config.JwtFilter@28d7bd6b, org.springframework.security.web.savedrequest.RequestCacheAwareFilter@5bbc033f, org.springframework.security.web.servletapi.SecurityContextHolderAwareRequestFilter@734a2c17, org.springframework.security.web.authentication.AnonymousAuthenticationFilter@530bd77b, org.springframework.security.web.session.SessionManagementFilter@7bbd0006, org.springframework.security.web.access.ExceptionTranslationFilter@66b62332, org.springframework.security.web.access.intercept.FilterSecurityInterceptor@1ecf784f]
2026-01-06 19:55:33.434  INFO 20656 --- [main] o.s.b.a.e.web.EndpointLinksResolver      : Exposing 1 endpoint(s) beneath base path '/actuator'
2026-01-06 19:55:33.526  INFO 20656 --- [main] o.s.b.w.embedded.tomcat.TomcatWebServer  : Tomcat started on port(s): 8080 (http) with context path ''
2026-01-06 19:55:33.541  INFO 20656 --- [main] org.example.kortex.KortexApplication     : Started KortexApplication in 7.394 seconds (JVM running for 8.46)
2026-01-06 19:55:34.016  INFO 20656 --- [RMI TCP Connection(1)-26.93.201.44] o.a.c.c.C.[Tomcat].[localhost].[/]       : Initializing Spring DispatcherServlet 'dispatcherServlet'
2026-01-06 19:55:34.017  INFO 20656 --- [RMI TCP Connection(1)-26.93.201.44] o.s.web.servlet.DispatcherServlet        : Initializing Servlet 'dispatcherServlet'
2026-01-06 19:55:34.019  INFO 20656 --- [RMI TCP Connection(1)-26.93.201.44] o.s.web.servlet.DispatcherServlet        : Completed initialization in 2 ms
2026-01-06 19:55:34.344  INFO 20656 --- [http-nio-8080-exec-1] org.example.kortex.config.JwtFilter      : JWT токен не найден в запросе
2026-01-06 19:55:34.441  INFO 20656 --- [http-nio-8080-exec-10] org.example.kortex.config.JwtFilter      : JWT токен не найден в запросе
2026-01-06 19:55:34.465  INFO 20656 --- [http-nio-8080-exec-1] org.example.kortex.config.JwtFilter      : JWT токен не найден в запросе
2026-01-06 19:55:34.482  INFO 20656 --- [http-nio-8080-exec-1] o.e.k.products.api.ProductController     : Асинхронный запрос товаров: category=null, query=null, page=0, size=12
2026-01-06 19:55:34.493  INFO 20656 --- [Async-1] o.e.k.products.domain.ProductService     : Запрос на выдачу всех товаров с фильром: ProductSearchFilter[category=null, query=null, pageSize=12, pageNumber=0]
2026-01-06 19:55:34.592  INFO 20656 --- [Async-1] o.e.k.products.domain.ProductService     : Поиск завершен за 79 мс, найдено: 0 товаров
2026-01-06 19:55:34.596  INFO 20656 --- [Async-1] o.e.k.products.domain.ProductService     : Выдача всех товаров с фильтром: ProductSearchFilter[category=null, query=null, pageSize=12, pageNumber=0]
2026-01-06 19:55:35.575  INFO 20656 --- [http-nio-8080-exec-2] org.example.kortex.config.JwtFilter      : JWT токен не найден в запросе
2026-01-06 19:55:35.634  INFO 20656 --- [http-nio-8080-exec-4] org.example.kortex.config.JwtFilter      : JWT токен не найден в запросе
2026-01-06 19:55:40.717  WARN 20656 --- [http-nio-8080-exec-2] .w.s.m.s.DefaultHandlerExceptionResolver : Resolved [org.springframework.web.HttpMediaTypeNotSupportedException: Content type 'application/x-www-form-urlencoded;charset=UTF-8' not supported]
2026-01-06 19:55:46.179  WARN 20656 --- [http-nio-8080-exec-6] .w.s.m.s.DefaultHandlerExceptionResolver : Resolved [org.springframework.web.HttpMediaTypeNotSupportedException: Content type 'application/x-www-form-urlencoded;charset=UTF-8' not supported]
2026-01-06 19:59:25.077  INFO 20656 --- [SpringApplicationShutdownHook] j.LocalContainerEntityManagerFactoryBean : Closing JPA EntityManagerFactory for persistence unit 'default'
2026-01-06 19:59:25.085  INFO 20656 --- [SpringApplicationShutdownHook] com.zaxxer.hikari.HikariDataSource       : HikariPool-1 - Shutdown initiated...
2026-01-06 19:59:25.092  INFO 20656 --- [SpringApplicationShutdownHook] com.zaxxer.hikari.HikariDataSource       : HikariPool-1 - Shutdown completed.
2026-01-06 19:59:28.333  INFO 17988 --- [main] org.example.kortex.KortexApplication     : Starting KortexApplication using Java 21.0.1 on DESKTOP-4APF200 with PID 17988 (C:\java Ultimate\Kortex\target\classes started by 7 in C:\java Ultimate\Kortex)
2026-01-06 19:59:28.337  INFO 17988 --- [main] org.example.kortex.KortexApplication     : No active profile set, falling back to 1 default profile: "default"
2026-01-06 19:59:29.353  INFO 17988 --- [main] .s.d.r.c.RepositoryConfigurationDelegate : Bootstrapping Spring Data JPA repositories in DEFAULT mode.
2026-01-06 19:59:29.424  INFO 17988 --- [main] .s.d.r.c.RepositoryConfigurationDelegate : Finished Spring Data repository scanning in 64 ms. Found 7 JPA repository interfaces.
2026-01-06 19:59:29.898  INFO 17988 --- [main] o.s.b.w.embedded.tomcat.TomcatWebServer  : Tomcat initialized with port(s): 8080 (http)
2026-01-06 19:59:29.906  INFO 17988 --- [main] o.apache.catalina.core.StandardService   : Starting service [Tomcat]
2026-01-06 19:59:29.906  INFO 17988 --- [main] org.apache.catalina.core.StandardEngine  : Starting Servlet engine: [Apache Tomcat/9.0.73]
2026-01-06 19:59:30.002  INFO 17988 --- [main] o.a.c.c.C.[Tomcat].[localhost].[/]       : Initializing Spring embedded WebApplicationContext
2026-01-06 19:59:30.002  INFO 17988 --- [main] w.s.c.ServletWebServerApplicationContext : Root WebApplicationContext: initialization completed in 1606 ms
2026-01-06 19:59:30.314  INFO 17988 --- [main] o.hibernate.jpa.internal.util.LogHelper  : HHH000204: Processing PersistenceUnitInfo [name: default]
2026-01-06 19:59:30.381  INFO 17988 --- [main] org.hibernate.Version                    : HHH000412: Hibernate ORM core version 5.6.15.Final
2026-01-06 19:59:30.544  INFO 17988 --- [main] o.hibernate.annotations.common.Version   : HCANN000001: Hibernate Commons Annotations {5.1.2.Final}
2026-01-06 19:59:30.638  INFO 17988 --- [main] com.zaxxer.hikari.HikariDataSource       : HikariPool-1 - Starting...
2026-01-06 19:59:30.783  INFO 17988 --- [main] com.zaxxer.hikari.HikariDataSource       : HikariPool-1 - Start completed.
2026-01-06 19:59:30.802  INFO 17988 --- [main] org.hibernate.dialect.Dialect            : HHH000400: Using dialect: org.hibernate.dialect.PostgreSQLDialect
2026-01-06 19:59:31.729  INFO 17988 --- [main] o.h.e.t.j.p.i.JtaPlatformInitiator       : HHH000490: Using JtaPlatform implementation: [org.hibernate.engine.transaction.jta.platform.internal.NoJtaPlatform]
2026-01-06 19:59:31.738  INFO 17988 --- [main] j.LocalContainerEntityManagerFactoryBean : Initialized JPA EntityManagerFactory for persistence unit 'default'
2026-01-06 19:59:32.122  INFO 17988 --- [main] o.s.aop.framework.CglibAopProxy          : Unable to proxy interface-implementing method [public final void org.springframework.web.filter.OncePerRequestFilter.doFilter(javax.servlet.ServletRequest,javax.servlet.ServletResponse,javax.servlet.FilterChain) throws javax.servlet.ServletException,java.io.IOException] because it is marked as final: Consider using interface-based JDK proxies instead!
2026-01-06 19:59:32.122  INFO 17988 --- [main] o.s.aop.framework.CglibAopProxy          : Unable to proxy interface-implementing method [public final void org.springframework.web.filter.GenericFilterBean.init(javax.servlet.FilterConfig) throws javax.servlet.ServletException] because it is marked as final: Consider using interface-based JDK proxies instead!
2026-01-06 19:59:32.587  INFO 17988 --- [main] o.s.s.web.DefaultSecurityFilterChain     : Will secure any request with [org.springframework.security.web.session.DisableEncodeUrlFilter@43edd2ea, org.springframework.security.web.context.request.async.WebAsyncManagerIntegrationFilter@3fc4038f, org.springframework.security.web.context.SecurityContextPersistenceFilter@7b4c793b, org.springframework.security.web.header.HeaderWriterFilter@122ea8dc, org.springframework.security.web.authentication.logout.LogoutFilter@66a50c93, org.example.kortex.config.JwtFilter@6b43b101, org.springframework.security.web.savedrequest.RequestCacheAwareFilter@6442cf3e, org.springframework.security.web.servletapi.SecurityContextHolderAwareRequestFilter@60f1f95b, org.springframework.security.web.authentication.AnonymousAuthenticationFilter@1af6d656, org.springframework.security.web.session.SessionManagementFilter@32430075, org.springframework.security.web.access.ExceptionTranslationFilter@74d776fb, org.springframework.security.web.access.intercept.FilterSecurityInterceptor@3a0b6aff]
2026-01-06 19:59:33.083  INFO 17988 --- [main] o.s.b.a.e.web.EndpointLinksResolver      : Exposing 1 endpoint(s) beneath base path '/actuator'
2026-01-06 19:59:33.136  INFO 17988 --- [main] o.s.b.w.embedded.tomcat.TomcatWebServer  : Tomcat started on port(s): 8080 (http) with context path ''
2026-01-06 19:59:33.151  INFO 17988 --- [main] org.example.kortex.KortexApplication     : Started KortexApplication in 5.245 seconds (JVM running for 6.189)
2026-01-06 19:59:33.239  INFO 17988 --- [RMI TCP Connection(4)-26.93.201.44] o.a.c.c.C.[Tomcat].[localhost].[/]       : Initializing Spring DispatcherServlet 'dispatcherServlet'
2026-01-06 19:59:33.239  INFO 17988 --- [RMI TCP Connection(4)-26.93.201.44] o.s.web.servlet.DispatcherServlet        : Initializing Servlet 'dispatcherServlet'
2026-01-06 19:59:33.242  INFO 17988 --- [RMI TCP Connection(4)-26.93.201.44] o.s.web.servlet.DispatcherServlet        : Completed initialization in 3 ms
2026-01-06 19:59:33.655  INFO 17988 --- [http-nio-8080-exec-1] org.example.kortex.config.JwtFilter      : JWT токен не найден в запросе
2026-01-06 19:59:33.872  INFO 17988 --- [http-nio-8080-exec-9] org.example.kortex.config.JwtFilter      : JWT токен не найден в запросе
2026-01-06 19:59:39.023  WARN 17988 --- [http-nio-8080-exec-10] .w.s.m.s.DefaultHandlerExceptionResolver : Resolved [org.springframework.web.HttpMediaTypeNotSupportedException: Content type 'application/x-www-form-urlencoded;charset=UTF-8' not supported]
2026-01-06 19:59:39.068  INFO 17988 --- [http-nio-8080-exec-5] o.e.kortex.users.domain.AuthService      : Попытка входа для email=s5090@inbox.ru
2026-01-06 19:59:39.143  INFO 17988 --- [http-nio-8080-exec-5] o.e.kortex.users.domain.UserService      : Поиск пользователя с email: s5090@inbox.ru
2026-01-06 19:59:39.271  INFO 17988 --- [http-nio-8080-exec-5] o.e.kortex.users.domain.UserService      : Поиск пользователя с email: s5090@inbox.ru
2026-01-06 19:59:39.314  INFO 17988 --- [http-nio-8080-exec-5] o.e.kortex.users.domain.AuthService      : Пользователь вошел: s5090@inbox.ru, ID=1
2026-01-06 19:59:41.129  INFO 17988 --- [http-nio-8080-exec-2] org.example.kortex.config.JwtFilter      : JWT найден в cookie
2026-01-06 19:59:41.148  INFO 17988 --- [http-nio-8080-exec-2] org.example.kortex.config.JwtFilter      : JWT валиден для email: s5090@inbox.ru, role: ADMIN
2026-01-06 19:59:41.148  INFO 17988 --- [http-nio-8080-exec-2] o.e.kortex.users.domain.UserService      : Поиск пользователя с email: s5090@inbox.ru
2026-01-06 19:59:41.151  INFO 17988 --- [http-nio-8080-exec-2] org.example.kortex.config.JwtFilter      : Аутентификация установлена для: s5090@inbox.ru
2026-01-06 19:59:41.219  INFO 17988 --- [http-nio-8080-exec-5] org.example.kortex.config.JwtFilter      : JWT найден в cookie
2026-01-06 19:59:41.228  INFO 17988 --- [http-nio-8080-exec-2] org.example.kortex.config.JwtFilter      : JWT найден в cookie
2026-01-06 19:59:41.232  INFO 17988 --- [http-nio-8080-exec-5] org.example.kortex.config.JwtFilter      : JWT валиден для email: s5090@inbox.ru, role: ADMIN
2026-01-06 19:59:41.233  INFO 17988 --- [http-nio-8080-exec-5] o.e.kortex.users.domain.UserService      : Поиск пользователя с email: s5090@inbox.ru
2026-01-06 19:59:41.242  INFO 17988 --- [http-nio-8080-exec-5] org.example.kortex.config.JwtFilter      : Аутентификация установлена для: s5090@inbox.ru
2026-01-06 19:59:41.244  INFO 17988 --- [http-nio-8080-exec-2] org.example.kortex.config.JwtFilter      : JWT валиден для email: s5090@inbox.ru, role: ADMIN
2026-01-06 19:59:41.245  INFO 17988 --- [http-nio-8080-exec-2] o.e.kortex.users.domain.UserService      : Поиск пользователя с email: s5090@inbox.ru
2026-01-06 19:59:41.251  INFO 17988 --- [http-nio-8080-exec-5] o.e.k.products.api.ProductController     : Асинхронный запрос товаров: category=null, query=null, page=0, size=12
2026-01-06 19:59:41.252  INFO 17988 --- [http-nio-8080-exec-2] org.example.kortex.config.JwtFilter      : Аутентификация установлена для: s5090@inbox.ru
2026-01-06 19:59:41.268  INFO 17988 --- [Async-1] o.e.k.products.domain.ProductService     : Запрос на выдачу всех товаров с фильром: ProductSearchFilter[category=null, query=null, pageSize=12, pageNumber=0]
2026-01-06 19:59:41.308  INFO 17988 --- [Async-1] o.e.k.products.domain.ProductService     : Поиск завершен за 30 мс, найдено: 0 товаров
2026-01-06 19:59:41.308  INFO 17988 --- [Async-1] o.e.k.products.domain.ProductService     : Выдача всех товаров с фильтром: ProductSearchFilter[category=null, query=null, pageSize=12, pageNumber=0]
2026-01-06 19:59:52.738  INFO 17988 --- [http-nio-8080-exec-1] org.example.kortex.config.JwtFilter      : JWT найден в cookie
2026-01-06 19:59:52.747  INFO 17988 --- [http-nio-8080-exec-1] org.example.kortex.config.JwtFilter      : JWT валиден для email: s5090@inbox.ru, role: ADMIN
2026-01-06 19:59:52.748  INFO 17988 --- [http-nio-8080-exec-1] o.e.kortex.users.domain.UserService      : Поиск пользователя с email: s5090@inbox.ru
2026-01-06 19:59:52.754  INFO 17988 --- [http-nio-8080-exec-1] org.example.kortex.config.JwtFilter      : Аутентификация установлена для: s5090@inbox.ru
2026-01-06 19:59:52.862  INFO 17988 --- [http-nio-8080-exec-4] org.example.kortex.config.JwtFilter      : JWT найден в cookie
2026-01-06 19:59:52.866  INFO 17988 --- [http-nio-8080-exec-4] org.example.kortex.config.JwtFilter      : JWT валиден для email: s5090@inbox.ru, role: ADMIN
2026-01-06 19:59:52.867  INFO 17988 --- [http-nio-8080-exec-4] o.e.kortex.users.domain.UserService      : Поиск пользователя с email: s5090@inbox.ru
2026-01-06 19:59:52.873  INFO 17988 --- [http-nio-8080-exec-4] org.example.kortex.config.JwtFilter      : Аутентификация установлена для: s5090@inbox.ru
2026-01-06 19:59:57.421  WARN 17988 --- [http-nio-8080-exec-3] .w.s.m.s.DefaultHandlerExceptionResolver : Resolved [org.springframework.web.HttpMediaTypeNotSupportedException: Content type 'application/x-www-form-urlencoded;charset=UTF-8' not supported]
2026-01-06 19:59:57.421  INFO 17988 --- [http-nio-8080-exec-10] o.e.kortex.users.domain.AuthService      : Попытка входа для email=s5090@inbox.ru
2026-01-06 19:59:57.422  INFO 17988 --- [http-nio-8080-exec-10] o.e.kortex.users.domain.UserService      : Поиск пользователя с email: s5090@inbox.ru
2026-01-06 19:59:57.524  INFO 17988 --- [http-nio-8080-exec-10] o.e.kortex.users.domain.UserService      : Поиск пользователя с email: s5090@inbox.ru
2026-01-06 19:59:57.527  INFO 17988 --- [http-nio-8080-exec-10] o.e.kortex.users.domain.AuthService      : Пользователь вошел: s5090@inbox.ru, ID=1
2026-01-06 20:00:02.780  INFO 17988 --- [http-nio-8080-exec-8] org.example.kortex.config.JwtFilter      : JWT найден в cookie
2026-01-06 20:00:02.787  INFO 17988 --- [http-nio-8080-exec-8] org.example.kortex.config.JwtFilter      : JWT валиден для email: s5090@inbox.ru, role: ADMIN
2026-01-06 20:00:02.788  INFO 17988 --- [http-nio-8080-exec-8] o.e.kortex.users.domain.UserService      : Поиск пользователя с email: s5090@inbox.ru
2026-01-06 20:00:02.791  INFO 17988 --- [http-nio-8080-exec-8] org.example.kortex.config.JwtFilter      : Аутентификация установлена для: s5090@inbox.ru
2026-01-06 20:00:02.843  INFO 17988 --- [http-nio-8080-exec-10] org.example.kortex.config.JwtFilter      : JWT найден в cookie
2026-01-06 20:00:02.856  INFO 17988 --- [http-nio-8080-exec-10] org.example.kortex.config.JwtFilter      : JWT валиден для email: s5090@inbox.ru, role: ADMIN
2026-01-06 20:00:02.857  INFO 17988 --- [http-nio-8080-exec-10] o.e.kortex.users.domain.UserService      : Поиск пользователя с email: s5090@inbox.ru
2026-01-06 20:00:02.864  INFO 17988 --- [http-nio-8080-exec-10] org.example.kortex.config.JwtFilter      : Аутентификация установлена для: s5090@inbox.ru
2026-01-06 20:00:02.865  INFO 17988 --- [http-nio-8080-exec-10] o.e.k.products.api.ProductController     : Асинхронный запрос товаров: category=null, query=null, page=0, size=12
2026-01-06 20:00:02.866  INFO 17988 --- [Async-2] o.e.k.products.domain.ProductService     : Запрос на выдачу всех товаров с фильром: ProductSearchFilter[category=null, query=null, pageSize=12, pageNumber=0]
2026-01-06 20:00:02.870  INFO 17988 --- [http-nio-8080-exec-8] org.example.kortex.config.JwtFilter      : JWT найден в cookie
2026-01-06 20:00:02.882  INFO 17988 --- [Async-2] o.e.k.products.domain.ProductService     : Поиск завершен за 11 мс, найдено: 0 товаров
2026-01-06 20:00:02.882  INFO 17988 --- [Async-2] o.e.k.products.domain.ProductService     : Выдача всех товаров с фильтром: ProductSearchFilter[category=null, query=null, pageSize=12, pageNumber=0]
2026-01-06 20:00:02.883  INFO 17988 --- [http-nio-8080-exec-8] org.example.kortex.config.JwtFilter      : JWT валиден для email: s5090@inbox.ru, role: ADMIN
2026-01-06 20:00:02.883  INFO 17988 --- [http-nio-8080-exec-8] o.e.kortex.users.domain.UserService      : Поиск пользователя с email: s5090@inbox.ru
2026-01-06 20:00:02.888  INFO 17988 --- [http-nio-8080-exec-8] org.example.kortex.config.JwtFilter      : Аутентификация установлена для: s5090@inbox.ru
2026-01-06 20:02:21.125  INFO 17988 --- [http-nio-8080-exec-4] org.example.kortex.config.JwtFilter      : JWT найден в cookie
2026-01-06 20:02:21.132  INFO 17988 --- [http-nio-8080-exec-4] org.example.kortex.config.JwtFilter      : JWT валиден для email: s5090@inbox.ru, role: ADMIN
2026-01-06 20:02:21.132  INFO 17988 --- [http-nio-8080-exec-4] o.e.kortex.users.domain.UserService      : Поиск пользователя с email: s5090@inbox.ru
2026-01-06 20:02:21.135  INFO 17988 --- [http-nio-8080-exec-4] org.example.kortex.config.JwtFilter      : Аутентификация установлена для: s5090@inbox.ru
2026-01-06 20:02:21.215  INFO 17988 --- [http-nio-8080-exec-9] org.example.kortex.config.JwtFilter      : JWT найден в cookie
2026-01-06 20:02:21.220  INFO 17988 --- [http-nio-8080-exec-9] org.example.kortex.config.JwtFilter      : JWT валиден для email: s5090@inbox.ru, role: ADMIN
2026-01-06 20:02:21.220  INFO 17988 --- [http-nio-8080-exec-9] o.e.kortex.users.domain.UserService      : Поиск пользователя с email: s5090@inbox.ru
2026-01-06 20:02:21.224  INFO 17988 --- [http-nio-8080-exec-9] org.example.kortex.config.JwtFilter      : Аутентификация установлена для: s5090@inbox.ru
2026-01-06 20:02:22.218  INFO 17988 --- [http-nio-8080-exec-4] org.example.kortex.config.JwtFilter      : JWT найден в cookie
2026-01-06 20:02:22.223  INFO 17988 --- [http-nio-8080-exec-4] org.example.kortex.config.JwtFilter      : JWT валиден для email: s5090@inbox.ru, role: ADMIN
2026-01-06 20:02:22.224  INFO 17988 --- [http-nio-8080-exec-4] o.e.kortex.users.domain.UserService      : Поиск пользователя с email: s5090@inbox.ru
2026-01-06 20:02:22.227  INFO 17988 --- [http-nio-8080-exec-4] org.example.kortex.config.JwtFilter      : Аутентификация установлена для: s5090@inbox.ru
2026-01-06 20:02:22.336  INFO 17988 --- [http-nio-8080-exec-6] org.example.kortex.config.JwtFilter      : JWT найден в cookie
2026-01-06 20:02:22.347  INFO 17988 --- [http-nio-8080-exec-1] org.example.kortex.config.JwtFilter      : JWT найден в cookie
2026-01-06 20:02:22.352  INFO 17988 --- [http-nio-8080-exec-6] org.example.kortex.config.JwtFilter      : JWT валиден для email: s5090@inbox.ru, role: ADMIN
2026-01-06 20:02:22.352  INFO 17988 --- [http-nio-8080-exec-6] o.e.kortex.users.domain.UserService      : Поиск пользователя с email: s5090@inbox.ru
2026-01-06 20:02:22.354  INFO 17988 --- [http-nio-8080-exec-1] org.example.kortex.config.JwtFilter      : JWT валиден для email: s5090@inbox.ru, role: ADMIN
2026-01-06 20:02:22.354  INFO 17988 --- [http-nio-8080-exec-1] o.e.kortex.users.domain.UserService      : Поиск пользователя с email: s5090@inbox.ru
2026-01-06 20:02:22.355  INFO 17988 --- [http-nio-8080-exec-3] org.example.kortex.config.JwtFilter      : JWT найден в cookie
2026-01-06 20:02:22.357  INFO 17988 --- [http-nio-8080-exec-6] org.example.kortex.config.JwtFilter      : Аутентификация установлена для: s5090@inbox.ru
2026-01-06 20:02:22.369  INFO 17988 --- [http-nio-8080-exec-3] org.example.kortex.config.JwtFilter      : JWT валиден для email: s5090@inbox.ru, role: ADMIN
2026-01-06 20:02:22.369  INFO 17988 --- [http-nio-8080-exec-3] o.e.kortex.users.domain.UserService      : Поиск пользователя с email: s5090@inbox.ru
2026-01-06 20:02:22.372  INFO 17988 --- [http-nio-8080-exec-1] org.example.kortex.config.JwtFilter      : Аутентификация установлена для: s5090@inbox.ru
2026-01-06 20:02:22.372  INFO 17988 --- [http-nio-8080-exec-3] org.example.kortex.config.JwtFilter      : Аутентификация установлена для: s5090@inbox.ru
2026-01-06 20:02:22.391  INFO 17988 --- [http-nio-8080-exec-10] org.example.kortex.config.JwtFilter      : JWT найден в cookie
2026-01-06 20:02:22.403  INFO 17988 --- [http-nio-8080-exec-10] org.example.kortex.config.JwtFilter      : JWT валиден для email: s5090@inbox.ru, role: ADMIN
2026-01-06 20:02:22.404  INFO 17988 --- [http-nio-8080-exec-10] o.e.kortex.users.domain.UserService      : Поиск пользователя с email: s5090@inbox.ru
2026-01-06 20:02:22.408  INFO 17988 --- [http-nio-8080-exec-10] org.example.kortex.config.JwtFilter      : Аутентификация установлена для: s5090@inbox.ru
2026-01-06 20:02:23.976  INFO 17988 --- [http-nio-8080-exec-5] org.example.kortex.config.JwtFilter      : JWT найден в cookie
2026-01-06 20:02:23.999  INFO 17988 --- [http-nio-8080-exec-5] org.example.kortex.config.JwtFilter      : JWT валиден для email: s5090@inbox.ru, role: ADMIN
2026-01-06 20:02:24.000  INFO 17988 --- [http-nio-8080-exec-5] o.e.kortex.users.domain.UserService      : Поиск пользователя с email: s5090@inbox.ru
2026-01-06 20:02:24.008  INFO 17988 --- [http-nio-8080-exec-5] org.example.kortex.config.JwtFilter      : Аутентификация установлена для: s5090@inbox.ru
2026-01-06 20:02:24.321  INFO 17988 --- [http-nio-8080-exec-10] org.example.kortex.config.JwtFilter      : JWT найден в cookie
2026-01-06 20:02:24.331  INFO 17988 --- [http-nio-8080-exec-10] org.example.kortex.config.JwtFilter      : JWT валиден для email: s5090@inbox.ru, role: ADMIN
2026-01-06 20:02:24.332  INFO 17988 --- [http-nio-8080-exec-10] o.e.kortex.users.domain.UserService      : Поиск пользователя с email: s5090@inbox.ru
2026-01-06 20:02:24.338  INFO 17988 --- [http-nio-8080-exec-10] org.example.kortex.config.JwtFilter      : Аутентификация установлена для: s5090@inbox.ru
2026-01-06 20:02:24.349  INFO 17988 --- [http-nio-8080-exec-5] org.example.kortex.config.JwtFilter      : JWT найден в cookie
2026-01-06 20:02:24.359  INFO 17988 --- [http-nio-8080-exec-5] org.example.kortex.config.JwtFilter      : JWT валиден для email: s5090@inbox.ru, role: ADMIN
2026-01-06 20:02:24.360  INFO 17988 --- [http-nio-8080-exec-5] o.e.kortex.users.domain.UserService      : Поиск пользователя с email: s5090@inbox.ru
2026-01-06 20:02:24.366  INFO 17988 --- [http-nio-8080-exec-5] org.example.kortex.config.JwtFilter      : Аутентификация установлена для: s5090@inbox.ru
2026-01-06 20:02:24.370  INFO 17988 --- [http-nio-8080-exec-5] o.e.k.products.domain.ProductService     : Запрос на товары у продавца: 1
2026-01-06 20:02:24.377  INFO 17988 --- [http-nio-8080-exec-5] o.e.k.products.domain.ProductService     : Запрос на товары у продавца успешно выполнен
2026-01-06 20:02:24.380  INFO 17988 --- [http-nio-8080-exec-5] o.e.kortex.users.api.SellerController    : Выданы продукты продовца
2026-01-06 20:03:19.480  INFO 17988 --- [http-nio-8080-exec-3] org.example.kortex.config.JwtFilter      : JWT найден в cookie
2026-01-06 20:03:19.485  INFO 17988 --- [http-nio-8080-exec-3] org.example.kortex.config.JwtFilter      : JWT валиден для email: s5090@inbox.ru, role: ADMIN
2026-01-06 20:03:19.485  INFO 17988 --- [http-nio-8080-exec-3] o.e.kortex.users.domain.UserService      : Поиск пользователя с email: s5090@inbox.ru
2026-01-06 20:03:19.488  INFO 17988 --- [http-nio-8080-exec-3] org.example.kortex.config.JwtFilter      : Аутентификация установлена для: s5090@inbox.ru
2026-01-06 20:03:19.541  INFO 17988 --- [http-nio-8080-exec-3] o.e.kortex.users.api.SellerController    : Создания товара 
2026-01-06 20:03:19.552  INFO 17988 --- [http-nio-8080-exec-3] o.e.k.products.domain.ProductService     : Создания продкута
2026-01-06 20:03:19.598  INFO 17988 --- [http-nio-8080-exec-3] o.e.k.products.domain.ProductService     : Продукт создан id: 3005
2026-01-06 20:03:19.600  INFO 17988 --- [http-nio-8080-exec-3] o.e.kortex.users.api.SellerController    : Товар создан успешно id:3005
2026-01-06 20:03:21.628  INFO 17988 --- [http-nio-8080-exec-6] org.example.kortex.config.JwtFilter      : JWT найден в cookie
2026-01-06 20:03:21.640  INFO 17988 --- [http-nio-8080-exec-6] org.example.kortex.config.JwtFilter      : JWT валиден для email: s5090@inbox.ru, role: ADMIN
2026-01-06 20:03:21.641  INFO 17988 --- [http-nio-8080-exec-6] o.e.kortex.users.domain.UserService      : Поиск пользователя с email: s5090@inbox.ru
2026-01-06 20:03:21.651  INFO 17988 --- [http-nio-8080-exec-6] org.example.kortex.config.JwtFilter      : Аутентификация установлена для: s5090@inbox.ru
2026-01-06 20:03:21.757  INFO 17988 --- [http-nio-8080-exec-3] org.example.kortex.config.JwtFilter      : JWT найден в cookie
2026-01-06 20:03:21.784  INFO 17988 --- [http-nio-8080-exec-3] org.example.kortex.config.JwtFilter      : JWT валиден для email: s5090@inbox.ru, role: ADMIN
2026-01-06 20:03:21.785  INFO 17988 --- [http-nio-8080-exec-3] o.e.kortex.users.domain.UserService      : Поиск пользователя с email: s5090@inbox.ru
2026-01-06 20:03:21.794  INFO 17988 --- [http-nio-8080-exec-3] org.example.kortex.config.JwtFilter      : Аутентификация установлена для: s5090@inbox.ru
2026-01-06 20:03:21.797  INFO 17988 --- [http-nio-8080-exec-3] o.e.k.products.api.ProductController     : Асинхронный запрос товаров: category=null, query=null, page=0, size=12
2026-01-06 20:03:21.870  INFO 17988 --- [http-nio-8080-exec-6] org.example.kortex.config.JwtFilter      : JWT найден в cookie
2026-01-06 20:03:21.884  INFO 17988 --- [http-nio-8080-exec-6] org.example.kortex.config.JwtFilter      : JWT валиден для email: s5090@inbox.ru, role: ADMIN
2026-01-06 20:03:21.885  INFO 17988 --- [http-nio-8080-exec-6] o.e.kortex.users.domain.UserService      : Поиск пользователя с email: s5090@inbox.ru
2026-01-06 20:03:21.889  INFO 17988 --- [http-nio-8080-exec-6] org.example.kortex.config.JwtFilter      : Аутентификация установлена для: s5090@inbox.ru
2026-01-06 20:03:21.914  INFO 17988 --- [Async-3] o.e.k.products.domain.ProductService     : Запрос на выдачу всех товаров с фильром: ProductSearchFilter[category=null, query=null, pageSize=12, pageNumber=0]
2026-01-06 20:03:21.935  INFO 17988 --- [Async-3] o.e.k.products.domain.ProductService     : Поиск завершен за 20 мс, найдено: 1 товаров
2026-01-06 20:03:21.936  INFO 17988 --- [Async-3] o.e.k.products.domain.ProductService     : Выдача всех товаров с фильтром: ProductSearchFilter[category=null, query=null, pageSize=12, pageNumber=0]
2026-01-06 20:03:22.002  INFO 17988 --- [http-nio-8080-exec-9] org.example.kortex.config.JwtFilter      : JWT найден в cookie
2026-01-06 20:03:22.026  INFO 17988 --- [http-nio-8080-exec-9] org.example.kortex.config.JwtFilter      : JWT валиден для email: s5090@inbox.ru, role: ADMIN
2026-01-06 20:03:22.026  INFO 17988 --- [http-nio-8080-exec-9] o.e.kortex.users.domain.UserService      : Поиск пользователя с email: s5090@inbox.ru
2026-01-06 20:03:22.038  INFO 17988 --- [http-nio-8080-exec-9] org.example.kortex.config.JwtFilter      : Аутентификация установлена для: s5090@inbox.ru
2026-01-06 20:08:08.466  INFO 17988 --- [SpringApplicationShutdownHook] j.LocalContainerEntityManagerFactoryBean : Closing JPA EntityManagerFactory for persistence unit 'default'
2026-01-06 20:08:08.580  INFO 17988 --- [SpringApplicationShutdownHook] com.zaxxer.hikari.HikariDataSource       : HikariPool-1 - Shutdown initiated...
2026-01-06 20:08:08.632  INFO 17988 --- [SpringApplicationShutdownHook] com.zaxxer.hikari.HikariDataSource       : HikariPool-1 - Shutdown completed.
2026-01-06 20:08:17.221  INFO 17868 --- [main] org.example.kortex.KortexApplication     : Starting KortexApplication using Java 21.0.1 on DESKTOP-4APF200 with PID 17868 (C:\java Ultimate\Kortex\target\classes started by 7 in C:\java Ultimate\Kortex)
2026-01-06 20:08:17.224  INFO 17868 --- [main] org.example.kortex.KortexApplication     : No active profile set, falling back to 1 default profile: "default"
2026-01-06 20:08:19.326  INFO 17868 --- [main] .s.d.r.c.RepositoryConfigurationDelegate : Bootstrapping Spring Data JPA repositories in DEFAULT mode.
2026-01-06 20:08:19.423  INFO 17868 --- [main] .s.d.r.c.RepositoryConfigurationDelegate : Finished Spring Data repository scanning in 87 ms. Found 7 JPA repository interfaces.
2026-01-06 20:08:20.339  INFO 17868 --- [main] o.s.b.w.embedded.tomcat.TomcatWebServer  : Tomcat initialized with port(s): 8080 (http)
2026-01-06 20:08:20.366  INFO 17868 --- [main] o.apache.catalina.core.StandardService   : Starting service [Tomcat]
2026-01-06 20:08:20.367  INFO 17868 --- [main] org.apache.catalina.core.StandardEngine  : Starting Servlet engine: [Apache Tomcat/9.0.73]
2026-01-06 20:08:20.683  INFO 17868 --- [main] o.a.c.c.C.[Tomcat].[localhost].[/]       : Initializing Spring embedded WebApplicationContext
2026-01-06 20:08:20.685  INFO 17868 --- [main] w.s.c.ServletWebServerApplicationContext : Root WebApplicationContext: initialization completed in 3388 ms
2026-01-06 20:08:21.082  INFO 17868 --- [main] o.hibernate.jpa.internal.util.LogHelper  : HHH000204: Processing PersistenceUnitInfo [name: default]
2026-01-06 20:08:21.157  INFO 17868 --- [main] org.hibernate.Version                    : HHH000412: Hibernate ORM core version 5.6.15.Final
2026-01-06 20:08:21.378  INFO 17868 --- [main] o.hibernate.annotations.common.Version   : HCANN000001: Hibernate Commons Annotations {5.1.2.Final}
2026-01-06 20:08:21.469  INFO 17868 --- [main] com.zaxxer.hikari.HikariDataSource       : HikariPool-1 - Starting...
2026-01-06 20:08:21.692  INFO 17868 --- [main] com.zaxxer.hikari.HikariDataSource       : HikariPool-1 - Start completed.
2026-01-06 20:08:21.713  INFO 17868 --- [main] org.hibernate.dialect.Dialect            : HHH000400: Using dialect: org.hibernate.dialect.PostgreSQLDialect
2026-01-06 20:08:22.732  INFO 17868 --- [main] o.h.e.t.j.p.i.JtaPlatformInitiator       : HHH000490: Using JtaPlatform implementation: [org.hibernate.engine.transaction.jta.platform.internal.NoJtaPlatform]
2026-01-06 20:08:22.742  INFO 17868 --- [main] j.LocalContainerEntityManagerFactoryBean : Initialized JPA EntityManagerFactory for persistence unit 'default'
2026-01-06 20:08:23.194  INFO 17868 --- [main] o.s.aop.framework.CglibAopProxy          : Unable to proxy interface-implementing method [public final void org.springframework.web.filter.OncePerRequestFilter.doFilter(javax.servlet.ServletRequest,javax.servlet.ServletResponse,javax.servlet.FilterChain) throws javax.servlet.ServletException,java.io.IOException] because it is marked as final: Consider using interface-based JDK proxies instead!
2026-01-06 20:08:23.194  INFO 17868 --- [main] o.s.aop.framework.CglibAopProxy          : Unable to proxy interface-implementing method [public final void org.springframework.web.filter.GenericFilterBean.init(javax.servlet.FilterConfig) throws javax.servlet.ServletException] because it is marked as final: Consider using interface-based JDK proxies instead!
2026-01-06 20:08:23.837  INFO 17868 --- [main] o.s.s.web.DefaultSecurityFilterChain     : Will secure any request with [org.springframework.security.web.session.DisableEncodeUrlFilter@914ab92, org.springframework.security.web.context.request.async.WebAsyncManagerIntegrationFilter@79d3c655, org.springframework.security.web.context.SecurityContextPersistenceFilter@47393345, org.springframework.security.web.header.HeaderWriterFilter@121f9c52, org.springframework.security.web.authentication.logout.LogoutFilter@4af6839c, org.example.kortex.config.JwtFilter@7af0693b, org.springframework.security.web.savedrequest.RequestCacheAwareFilter@2b85edc7, org.springframework.security.web.servletapi.SecurityContextHolderAwareRequestFilter@2bf45b7c, org.springframework.security.web.authentication.AnonymousAuthenticationFilter@40696fc6, org.springframework.security.web.session.SessionManagementFilter@35d53cd8, org.springframework.security.web.access.ExceptionTranslationFilter@279ebd94, org.springframework.security.web.access.intercept.FilterSecurityInterceptor@69c6e5]
2026-01-06 20:08:24.355  INFO 17868 --- [main] o.s.b.a.e.web.EndpointLinksResolver      : Exposing 1 endpoint(s) beneath base path '/actuator'
2026-01-06 20:08:24.403  INFO 17868 --- [main] o.s.b.w.embedded.tomcat.TomcatWebServer  : Tomcat started on port(s): 8080 (http) with context path ''
2026-01-06 20:08:24.414  INFO 17868 --- [main] org.example.kortex.KortexApplication     : Started KortexApplication in 7.845 seconds (JVM running for 8.947)
2026-01-06 20:08:24.700  INFO 17868 --- [http-nio-8080-exec-1] o.a.c.c.C.[Tomcat].[localhost].[/]       : Initializing Spring DispatcherServlet 'dispatcherServlet'
2026-01-06 20:08:24.701  INFO 17868 --- [http-nio-8080-exec-1] o.s.web.servlet.DispatcherServlet        : Initializing Servlet 'dispatcherServlet'
2026-01-06 20:08:24.703  INFO 17868 --- [http-nio-8080-exec-1] o.s.web.servlet.DispatcherServlet        : Completed initialization in 1 ms
2026-01-06 20:08:24.777  INFO 17868 --- [http-nio-8080-exec-1] org.example.kortex.config.JwtFilter      : JWT найден в cookie
2026-01-06 20:08:24.870  INFO 17868 --- [http-nio-8080-exec-1] org.example.kortex.config.JwtFilter      : JWT валиден для email: s5090@inbox.ru, role: ADMIN
2026-01-06 20:08:24.884  INFO 17868 --- [http-nio-8080-exec-1] o.e.kortex.users.domain.UserService      : Поиск пользователя с email: s5090@inbox.ru
2026-01-06 20:08:25.014  INFO 17868 --- [http-nio-8080-exec-1] org.example.kortex.config.JwtFilter      : Аутентификация установлена для: s5090@inbox.ru
2026-01-06 20:08:25.121  INFO 17868 --- [http-nio-8080-exec-10] org.example.kortex.config.JwtFilter      : JWT найден в cookie
2026-01-06 20:08:25.126  INFO 17868 --- [http-nio-8080-exec-10] org.example.kortex.config.JwtFilter      : JWT валиден для email: s5090@inbox.ru, role: ADMIN
2026-01-06 20:08:25.127  INFO 17868 --- [http-nio-8080-exec-10] o.e.kortex.users.domain.UserService      : Поиск пользователя с email: s5090@inbox.ru
2026-01-06 20:08:25.134  INFO 17868 --- [http-nio-8080-exec-10] org.example.kortex.config.JwtFilter      : Аутентификация установлена для: s5090@inbox.ru
2026-01-06 20:08:25.146  INFO 17868 --- [http-nio-8080-exec-10] o.e.k.products.api.ProductController     : Асинхронный запрос товаров: category=null, query=null, page=0, size=12
2026-01-06 20:08:25.156  INFO 17868 --- [Async-1] o.e.k.products.domain.ProductService     : Запрос на выдачу всех товаров с фильром: ProductSearchFilter[category=null, query=null, pageSize=12, pageNumber=0]
2026-01-06 20:08:25.227  INFO 17868 --- [Async-1] o.e.k.products.domain.ProductService     : Поиск завершен за 53 мс, найдено: 1 товаров
2026-01-06 20:08:25.230  INFO 17868 --- [Async-1] o.e.k.products.domain.ProductService     : Выдача всех товаров с фильтром: ProductSearchFilter[category=null, query=null, pageSize=12, pageNumber=0]
2026-01-06 20:08:25.339  INFO 17868 --- [http-nio-8080-exec-2] org.example.kortex.config.JwtFilter      : JWT найден в cookie
2026-01-06 20:08:25.351  INFO 17868 --- [http-nio-8080-exec-2] org.example.kortex.config.JwtFilter      : JWT валиден для email: s5090@inbox.ru, role: ADMIN
2026-01-06 20:08:25.352  INFO 17868 --- [http-nio-8080-exec-2] o.e.kortex.users.domain.UserService      : Поиск пользователя с email: s5090@inbox.ru
2026-01-06 20:08:25.358  INFO 17868 --- [http-nio-8080-exec-2] org.example.kortex.config.JwtFilter      : Аутентификация установлена для: s5090@inbox.ru
2026-01-06 20:08:26.157  INFO 17868 --- [http-nio-8080-exec-3] org.example.kortex.config.JwtFilter      : JWT найден в cookie
2026-01-06 20:08:26.166  INFO 17868 --- [http-nio-8080-exec-3] org.example.kortex.config.JwtFilter      : JWT валиден для email: s5090@inbox.ru, role: ADMIN
2026-01-06 20:08:26.167  INFO 17868 --- [http-nio-8080-exec-3] o.e.kortex.users.domain.UserService      : Поиск пользователя с email: s5090@inbox.ru
2026-01-06 20:08:26.171  INFO 17868 --- [http-nio-8080-exec-3] org.example.kortex.config.JwtFilter      : Аутентификация установлена для: s5090@inbox.ru
2026-01-06 20:08:29.276  INFO 17868 --- [http-nio-8080-exec-1] org.example.kortex.config.JwtFilter      : JWT найден в cookie
2026-01-06 20:08:29.286  INFO 17868 --- [http-nio-8080-exec-1] org.example.kortex.config.JwtFilter      : JWT валиден для email: s5090@inbox.ru, role: ADMIN
2026-01-06 20:08:29.288  INFO 17868 --- [http-nio-8080-exec-1] o.e.kortex.users.domain.UserService      : Поиск пользователя с email: s5090@inbox.ru
2026-01-06 20:08:29.291  INFO 17868 --- [http-nio-8080-exec-1] org.example.kortex.config.JwtFilter      : Аутентификация установлена для: s5090@inbox.ru
2026-01-06 20:08:29.397  INFO 17868 --- [http-nio-8080-exec-2] org.example.kortex.config.JwtFilter      : JWT найден в cookie
2026-01-06 20:08:29.402  INFO 17868 --- [http-nio-8080-exec-7] org.example.kortex.config.JwtFilter      : JWT найден в cookie
2026-01-06 20:08:29.410  INFO 17868 --- [http-nio-8080-exec-2] org.example.kortex.config.JwtFilter      : JWT валиден для email: s5090@inbox.ru, role: ADMIN
2026-01-06 20:08:29.411  INFO 17868 --- [http-nio-8080-exec-2] o.e.kortex.users.domain.UserService      : Поиск пользователя с email: s5090@inbox.ru
2026-01-06 20:08:29.416  INFO 17868 --- [http-nio-8080-exec-7] org.example.kortex.config.JwtFilter      : JWT валиден для email: s5090@inbox.ru, role: ADMIN
2026-01-06 20:08:29.416  INFO 17868 --- [http-nio-8080-exec-2] org.example.kortex.config.JwtFilter      : Аутентификация установлена для: s5090@inbox.ru
2026-01-06 20:08:29.417  INFO 17868 --- [http-nio-8080-exec-7] o.e.kortex.users.domain.UserService      : Поиск пользователя с email: s5090@inbox.ru
2026-01-06 20:08:29.428  INFO 17868 --- [http-nio-8080-exec-7] org.example.kortex.config.JwtFilter      : Аутентификация установлена для: s5090@inbox.ru
2026-01-06 20:08:29.463  INFO 17868 --- [http-nio-8080-exec-3] org.example.kortex.config.JwtFilter      : JWT найден в cookie
2026-01-06 20:08:29.473  INFO 17868 --- [http-nio-8080-exec-3] org.example.kortex.config.JwtFilter      : JWT валиден для email: s5090@inbox.ru, role: ADMIN
2026-01-06 20:08:29.474  INFO 17868 --- [http-nio-8080-exec-3] o.e.kortex.users.domain.UserService      : Поиск пользователя с email: s5090@inbox.ru
2026-01-06 20:08:29.480  INFO 17868 --- [http-nio-8080-exec-3] org.example.kortex.config.JwtFilter      : Аутентификация установлена для: s5090@inbox.ru
2026-01-06 20:08:30.276  INFO 17868 --- [http-nio-8080-exec-6] org.example.kortex.config.JwtFilter      : JWT найден в cookie
2026-01-06 20:08:30.287  INFO 17868 --- [http-nio-8080-exec-6] org.example.kortex.config.JwtFilter      : JWT валиден для email: s5090@inbox.ru, role: ADMIN
2026-01-06 20:08:30.288  INFO 17868 --- [http-nio-8080-exec-6] o.e.kortex.users.domain.UserService      : Поиск пользователя с email: s5090@inbox.ru
2026-01-06 20:08:30.291  INFO 17868 --- [http-nio-8080-exec-6] org.example.kortex.config.JwtFilter      : Аутентификация установлена для: s5090@inbox.ru
2026-01-06 20:08:40.047  INFO 17868 --- [http-nio-8080-exec-6] org.example.kortex.config.JwtFilter      : JWT токен не найден в запросе
2026-01-06 20:08:41.003  INFO 17868 --- [http-nio-8080-exec-3] org.example.kortex.config.JwtFilter      : JWT токен не найден в запросе
2026-01-06 20:08:41.004  INFO 17868 --- [http-nio-8080-exec-3] o.e.k.products.api.ProductController     : Асинхронный запрос товаров: category=null, query=null, page=0, size=12
2026-01-06 20:08:41.005  INFO 17868 --- [Async-2] o.e.k.products.domain.ProductService     : Запрос на выдачу всех товаров с фильром: ProductSearchFilter[category=null, query=null, pageSize=12, pageNumber=0]
2026-01-06 20:08:41.021  INFO 17868 --- [Async-2] o.e.k.products.domain.ProductService     : Поиск завершен за 12 мс, найдено: 1 товаров
2026-01-06 20:08:41.022  INFO 17868 --- [Async-2] o.e.k.products.domain.ProductService     : Выдача всех товаров с фильтром: ProductSearchFilter[category=null, query=null, pageSize=12, pageNumber=0]
2026-01-06 20:08:41.033  INFO 17868 --- [http-nio-8080-exec-9] org.example.kortex.config.JwtFilter      : JWT токен не найден в запросе
2026-01-06 20:08:42.002  INFO 17868 --- [http-nio-8080-exec-10] org.example.kortex.config.JwtFilter      : JWT токен не найден в запросе
2026-01-06 20:08:42.008  INFO 17868 --- [http-nio-8080-exec-1] org.example.kortex.config.JwtFilter      : JWT токен не найден в запросе
2026-01-06 20:08:42.594  INFO 17868 --- [http-nio-8080-exec-10] org.example.kortex.config.JwtFilter      : JWT токен не найден в запросе
2026-01-06 20:08:46.511  WARN 17868 --- [http-nio-8080-exec-6] .w.s.m.s.DefaultHandlerExceptionResolver : Resolved [org.springframework.web.HttpMediaTypeNotSupportedException: Content type 'application/x-www-form-urlencoded;charset=UTF-8' not supported]
2026-01-06 20:08:46.530  INFO 17868 --- [http-nio-8080-exec-10] o.e.kortex.users.domain.AuthService      : Попытка входа для email=s5090@inbox.ru
2026-01-06 20:08:46.599  INFO 17868 --- [http-nio-8080-exec-10] o.e.kortex.users.domain.UserService      : Поиск пользователя с email: s5090@inbox.ru
2026-01-06 20:08:46.666  INFO 17868 --- [http-nio-8080-exec-10] o.e.kortex.users.domain.UserService      : Поиск пользователя с email: s5090@inbox.ru
2026-01-06 20:08:46.677  INFO 17868 --- [http-nio-8080-exec-10] o.e.kortex.users.domain.AuthService      : Пользователь вошел: s5090@inbox.ru, ID=1
2026-01-06 20:08:48.536  INFO 17868 --- [http-nio-8080-exec-8] org.example.kortex.config.JwtFilter      : JWT найден в cookie
2026-01-06 20:08:48.575  INFO 17868 --- [http-nio-8080-exec-8] org.example.kortex.config.JwtFilter      : JWT валиден для email: s5090@inbox.ru, role: ADMIN
2026-01-06 20:08:48.576  INFO 17868 --- [http-nio-8080-exec-8] o.e.kortex.users.domain.UserService      : Поиск пользователя с email: s5090@inbox.ru
2026-01-06 20:08:48.583  INFO 17868 --- [http-nio-8080-exec-8] org.example.kortex.config.JwtFilter      : Аутентификация установлена для: s5090@inbox.ru
2026-01-06 20:08:48.628  INFO 17868 --- [http-nio-8080-exec-4] org.example.kortex.config.JwtFilter      : JWT найден в cookie
2026-01-06 20:08:48.631  INFO 17868 --- [http-nio-8080-exec-1] org.example.kortex.config.JwtFilter      : JWT найден в cookie
2026-01-06 20:08:48.636  INFO 17868 --- [http-nio-8080-exec-4] org.example.kortex.config.JwtFilter      : JWT валиден для email: s5090@inbox.ru, role: ADMIN
2026-01-06 20:08:48.637  INFO 17868 --- [http-nio-8080-exec-4] o.e.kortex.users.domain.UserService      : Поиск пользователя с email: s5090@inbox.ru
2026-01-06 20:08:48.637  INFO 17868 --- [http-nio-8080-exec-1] org.example.kortex.config.JwtFilter      : JWT валиден для email: s5090@inbox.ru, role: ADMIN
2026-01-06 20:08:48.638  INFO 17868 --- [http-nio-8080-exec-1] o.e.kortex.users.domain.UserService      : Поиск пользователя с email: s5090@inbox.ru
2026-01-06 20:08:48.642  INFO 17868 --- [http-nio-8080-exec-1] org.example.kortex.config.JwtFilter      : Аутентификация установлена для: s5090@inbox.ru
2026-01-06 20:08:48.645  INFO 17868 --- [http-nio-8080-exec-4] org.example.kortex.config.JwtFilter      : Аутентификация установлена для: s5090@inbox.ru
2026-01-06 20:08:48.654  INFO 17868 --- [http-nio-8080-exec-5] org.example.kortex.config.JwtFilter      : JWT найден в cookie
2026-01-06 20:08:48.657  INFO 17868 --- [http-nio-8080-exec-5] org.example.kortex.config.JwtFilter      : JWT валиден для email: s5090@inbox.ru, role: ADMIN
2026-01-06 20:08:48.658  INFO 17868 --- [http-nio-8080-exec-5] o.e.kortex.users.domain.UserService      : Поиск пользователя с email: s5090@inbox.ru
2026-01-06 20:08:48.662  INFO 17868 --- [http-nio-8080-exec-5] org.example.kortex.config.JwtFilter      : Аутентификация установлена для: s5090@inbox.ru
2026-01-06 20:08:50.004  INFO 17868 --- [http-nio-8080-exec-9] org.example.kortex.config.JwtFilter      : JWT найден в cookie
2026-01-06 20:08:50.008  INFO 17868 --- [http-nio-8080-exec-9] org.example.kortex.config.JwtFilter      : JWT валиден для email: s5090@inbox.ru, role: ADMIN
2026-01-06 20:08:50.008  INFO 17868 --- [http-nio-8080-exec-9] o.e.kortex.users.domain.UserService      : Поиск пользователя с email: s5090@inbox.ru
2026-01-06 20:08:50.010  INFO 17868 --- [http-nio-8080-exec-9] org.example.kortex.config.JwtFilter      : Аутентификация установлена для: s5090@inbox.ru
2026-01-06 20:08:50.998  INFO 17868 --- [http-nio-8080-exec-5] org.example.kortex.config.JwtFilter      : JWT найден в cookie
2026-01-06 20:08:51.006  INFO 17868 --- [http-nio-8080-exec-5] org.example.kortex.config.JwtFilter      : JWT валиден для email: s5090@inbox.ru, role: ADMIN
2026-01-06 20:08:51.006  INFO 17868 --- [http-nio-8080-exec-5] o.e.kortex.users.domain.UserService      : Поиск пользователя с email: s5090@inbox.ru
2026-01-06 20:08:51.009  INFO 17868 --- [http-nio-8080-exec-5] org.example.kortex.config.JwtFilter      : Аутентификация установлена для: s5090@inbox.ru
2026-01-06 20:08:51.065  INFO 17868 --- [http-nio-8080-exec-9] org.example.kortex.config.JwtFilter      : JWT найден в cookie
2026-01-06 20:08:51.065  INFO 17868 --- [http-nio-8080-exec-3] org.example.kortex.config.JwtFilter      : JWT найден в cookie
2026-01-06 20:08:51.071  INFO 17868 --- [http-nio-8080-exec-3] org.example.kortex.config.JwtFilter      : JWT валиден для email: s5090@inbox.ru, role: ADMIN
2026-01-06 20:08:51.071  INFO 17868 --- [http-nio-8080-exec-9] org.example.kortex.config.JwtFilter      : JWT валиден для email: s5090@inbox.ru, role: ADMIN
2026-01-06 20:08:51.071  INFO 17868 --- [http-nio-8080-exec-9] o.e.kortex.users.domain.UserService      : Поиск пользователя с email: s5090@inbox.ru
2026-01-06 20:08:51.071  INFO 17868 --- [http-nio-8080-exec-3] o.e.kortex.users.domain.UserService      : Поиск пользователя с email: s5090@inbox.ru
2026-01-06 20:08:51.075  INFO 17868 --- [http-nio-8080-exec-9] org.example.kortex.config.JwtFilter      : Аутентификация установлена для: s5090@inbox.ru
2026-01-06 20:08:51.076  INFO 17868 --- [http-nio-8080-exec-3] org.example.kortex.config.JwtFilter      : Аутентификация установлена для: s5090@inbox.ru
2026-01-06 20:08:51.096  INFO 17868 --- [http-nio-8080-exec-10] org.example.kortex.config.JwtFilter      : JWT найден в cookie
2026-01-06 20:08:51.103  INFO 17868 --- [http-nio-8080-exec-10] org.example.kortex.config.JwtFilter      : JWT валиден для email: s5090@inbox.ru, role: ADMIN
2026-01-06 20:08:51.103  INFO 17868 --- [http-nio-8080-exec-10] o.e.kortex.users.domain.UserService      : Поиск пользователя с email: s5090@inbox.ru
2026-01-06 20:08:51.108  INFO 17868 --- [http-nio-8080-exec-10] org.example.kortex.config.JwtFilter      : Аутентификация установлена для: s5090@inbox.ru
2026-01-06 20:08:51.587  INFO 17868 --- [http-nio-8080-exec-7] org.example.kortex.config.JwtFilter      : JWT найден в cookie
2026-01-06 20:08:51.591  INFO 17868 --- [http-nio-8080-exec-7] org.example.kortex.config.JwtFilter      : JWT валиден для email: s5090@inbox.ru, role: ADMIN
2026-01-06 20:08:51.591  INFO 17868 --- [http-nio-8080-exec-7] o.e.kortex.users.domain.UserService      : Поиск пользователя с email: s5090@inbox.ru
2026-01-06 20:08:51.593  INFO 17868 --- [http-nio-8080-exec-7] org.example.kortex.config.JwtFilter      : Аутентификация установлена для: s5090@inbox.ru
2026-01-06 20:08:51.647  INFO 17868 --- [http-nio-8080-exec-7] org.example.kortex.config.JwtFilter      : JWT найден в cookie
2026-01-06 20:08:51.652  INFO 17868 --- [http-nio-8080-exec-7] org.example.kortex.config.JwtFilter      : JWT валиден для email: s5090@inbox.ru, role: ADMIN
2026-01-06 20:08:51.652  INFO 17868 --- [http-nio-8080-exec-7] o.e.kortex.users.domain.UserService      : Поиск пользователя с email: s5090@inbox.ru
2026-01-06 20:08:51.655  INFO 17868 --- [http-nio-8080-exec-7] org.example.kortex.config.JwtFilter      : Аутентификация установлена для: s5090@inbox.ru
2026-01-06 20:08:52.772  INFO 17868 --- [http-nio-8080-exec-8] org.example.kortex.config.JwtFilter      : JWT найден в cookie
2026-01-06 20:08:52.775  INFO 17868 --- [http-nio-8080-exec-8] org.example.kortex.config.JwtFilter      : JWT валиден для email: s5090@inbox.ru, role: ADMIN
2026-01-06 20:08:52.775  INFO 17868 --- [http-nio-8080-exec-8] o.e.kortex.users.domain.UserService      : Поиск пользователя с email: s5090@inbox.ru
2026-01-06 20:08:52.780  INFO 17868 --- [http-nio-8080-exec-8] org.example.kortex.config.JwtFilter      : Аутентификация установлена для: s5090@inbox.ru
2026-01-06 20:08:52.831  INFO 17868 --- [http-nio-8080-exec-4] org.example.kortex.config.JwtFilter      : JWT найден в cookie
2026-01-06 20:08:52.837  INFO 17868 --- [http-nio-8080-exec-9] org.example.kortex.config.JwtFilter      : JWT найден в cookie
2026-01-06 20:08:52.846  INFO 17868 --- [http-nio-8080-exec-4] org.example.kortex.config.JwtFilter      : JWT валиден для email: s5090@inbox.ru, role: ADMIN
2026-01-06 20:08:52.846  INFO 17868 --- [http-nio-8080-exec-4] o.e.kortex.users.domain.UserService      : Поиск пользователя с email: s5090@inbox.ru
2026-01-06 20:08:52.848  INFO 17868 --- [http-nio-8080-exec-9] org.example.kortex.config.JwtFilter      : JWT валиден для email: s5090@inbox.ru, role: ADMIN
2026-01-06 20:08:52.848  INFO 17868 --- [http-nio-8080-exec-9] o.e.kortex.users.domain.UserService      : Поиск пользователя с email: s5090@inbox.ru
2026-01-06 20:08:52.850  INFO 17868 --- [http-nio-8080-exec-4] org.example.kortex.config.JwtFilter      : Аутентификация установлена для: s5090@inbox.ru
2026-01-06 20:08:52.851  INFO 17868 --- [http-nio-8080-exec-9] org.example.kortex.config.JwtFilter      : Аутентификация установлена для: s5090@inbox.ru
2026-01-06 20:08:52.859  INFO 17868 --- [http-nio-8080-exec-5] org.example.kortex.config.JwtFilter      : JWT найден в cookie
2026-01-06 20:08:52.865  INFO 17868 --- [http-nio-8080-exec-5] org.example.kortex.config.JwtFilter      : JWT валиден для email: s5090@inbox.ru, role: ADMIN
2026-01-06 20:08:52.865  INFO 17868 --- [http-nio-8080-exec-5] o.e.kortex.users.domain.UserService      : Поиск пользователя с email: s5090@inbox.ru
2026-01-06 20:08:52.868  INFO 17868 --- [http-nio-8080-exec-5] org.example.kortex.config.JwtFilter      : Аутентификация установлена для: s5090@inbox.ru
2026-01-06 20:09:28.128  INFO 17868 --- [http-nio-8080-exec-1] org.example.kortex.config.JwtFilter      : JWT найден в cookie
2026-01-06 20:09:28.132  INFO 17868 --- [http-nio-8080-exec-1] org.example.kortex.config.JwtFilter      : JWT валиден для email: s5090@inbox.ru, role: ADMIN
2026-01-06 20:09:28.132  INFO 17868 --- [http-nio-8080-exec-1] o.e.kortex.users.domain.UserService      : Поиск пользователя с email: s5090@inbox.ru
2026-01-06 20:09:28.136  INFO 17868 --- [http-nio-8080-exec-1] org.example.kortex.config.JwtFilter      : Аутентификация установлена для: s5090@inbox.ru
2026-01-06 20:09:28.169  INFO 17868 --- [http-nio-8080-exec-6] org.example.kortex.config.JwtFilter      : JWT найден в cookie
2026-01-06 20:09:28.170  INFO 17868 --- [http-nio-8080-exec-3] org.example.kortex.config.JwtFilter      : JWT найден в cookie
2026-01-06 20:09:28.175  INFO 17868 --- [http-nio-8080-exec-6] org.example.kortex.config.JwtFilter      : JWT валиден для email: s5090@inbox.ru, role: ADMIN
2026-01-06 20:09:28.175  INFO 17868 --- [http-nio-8080-exec-6] o.e.kortex.users.domain.UserService      : Поиск пользователя с email: s5090@inbox.ru
2026-01-06 20:09:28.175  INFO 17868 --- [http-nio-8080-exec-3] org.example.kortex.config.JwtFilter      : JWT валиден для email: s5090@inbox.ru, role: ADMIN
2026-01-06 20:09:28.175  INFO 17868 --- [http-nio-8080-exec-3] o.e.kortex.users.domain.UserService      : Поиск пользователя с email: s5090@inbox.ru
2026-01-06 20:09:28.179  INFO 17868 --- [http-nio-8080-exec-6] org.example.kortex.config.JwtFilter      : Аутентификация установлена для: s5090@inbox.ru
2026-01-06 20:09:28.179  INFO 17868 --- [http-nio-8080-exec-3] org.example.kortex.config.JwtFilter      : Аутентификация установлена для: s5090@inbox.ru
2026-01-06 20:09:28.188  INFO 17868 --- [http-nio-8080-exec-7] org.example.kortex.config.JwtFilter      : JWT найден в cookie
2026-01-06 20:09:28.191  INFO 17868 --- [http-nio-8080-exec-7] org.example.kortex.config.JwtFilter      : JWT валиден для email: s5090@inbox.ru, role: ADMIN
2026-01-06 20:09:28.193  INFO 17868 --- [http-nio-8080-exec-7] o.e.kortex.users.domain.UserService      : Поиск пользователя с email: s5090@inbox.ru
2026-01-06 20:09:28.198  INFO 17868 --- [http-nio-8080-exec-7] org.example.kortex.config.JwtFilter      : Аутентификация установлена для: s5090@inbox.ru
2026-01-06 20:09:30.271  INFO 17868 --- [http-nio-8080-exec-10] org.example.kortex.config.JwtFilter      : JWT найден в cookie
2026-01-06 20:09:30.276  INFO 17868 --- [http-nio-8080-exec-10] org.example.kortex.config.JwtFilter      : JWT валиден для email: s5090@inbox.ru, role: ADMIN
2026-01-06 20:09:30.276  INFO 17868 --- [http-nio-8080-exec-10] o.e.kortex.users.domain.UserService      : Поиск пользователя с email: s5090@inbox.ru
2026-01-06 20:09:30.280  INFO 17868 --- [http-nio-8080-exec-10] org.example.kortex.config.JwtFilter      : Аутентификация установлена для: s5090@inbox.ru
2026-01-06 20:09:30.313  INFO 17868 --- [http-nio-8080-exec-10] org.example.kortex.config.JwtFilter      : JWT найден в cookie
2026-01-06 20:09:30.318  INFO 17868 --- [http-nio-8080-exec-10] org.example.kortex.config.JwtFilter      : JWT валиден для email: s5090@inbox.ru, role: ADMIN
2026-01-06 20:09:30.318  INFO 17868 --- [http-nio-8080-exec-10] o.e.kortex.users.domain.UserService      : Поиск пользователя с email: s5090@inbox.ru
2026-01-06 20:09:30.322  INFO 17868 --- [http-nio-8080-exec-10] org.example.kortex.config.JwtFilter      : Аутентификация установлена для: s5090@inbox.ru
2026-01-06 20:09:31.040  INFO 17868 --- [http-nio-8080-exec-9] org.example.kortex.config.JwtFilter      : JWT найден в cookie
2026-01-06 20:09:31.043  INFO 17868 --- [http-nio-8080-exec-9] org.example.kortex.config.JwtFilter      : JWT валиден для email: s5090@inbox.ru, role: ADMIN
2026-01-06 20:09:31.043  INFO 17868 --- [http-nio-8080-exec-9] o.e.kortex.users.domain.UserService      : Поиск пользователя с email: s5090@inbox.ru
2026-01-06 20:09:31.047  INFO 17868 --- [http-nio-8080-exec-9] org.example.kortex.config.JwtFilter      : Аутентификация установлена для: s5090@inbox.ru
2026-01-06 20:09:31.077  INFO 17868 --- [http-nio-8080-exec-10] org.example.kortex.config.JwtFilter      : JWT найден в cookie
2026-01-06 20:09:31.085  INFO 17868 --- [http-nio-8080-exec-10] org.example.kortex.config.JwtFilter      : JWT валиден для email: s5090@inbox.ru, role: ADMIN
2026-01-06 20:09:31.085  INFO 17868 --- [http-nio-8080-exec-10] o.e.kortex.users.domain.UserService      : Поиск пользователя с email: s5090@inbox.ru
2026-01-06 20:09:31.089  INFO 17868 --- [http-nio-8080-exec-10] org.example.kortex.config.JwtFilter      : Аутентификация установлена для: s5090@inbox.ru
2026-01-06 20:09:31.090  INFO 17868 --- [http-nio-8080-exec-10] o.e.k.products.api.ProductController     : Асинхронный запрос товаров: category=null, query=null, page=0, size=12
2026-01-06 20:09:31.091  INFO 17868 --- [Async-3] o.e.k.products.domain.ProductService     : Запрос на выдачу всех товаров с фильром: ProductSearchFilter[category=null, query=null, pageSize=12, pageNumber=0]
2026-01-06 20:09:31.099  INFO 17868 --- [Async-3] o.e.k.products.domain.ProductService     : Поиск завершен за 8 мс, найдено: 1 товаров
2026-01-06 20:09:31.100  INFO 17868 --- [Async-3] o.e.k.products.domain.ProductService     : Выдача всех товаров с фильтром: ProductSearchFilter[category=null, query=null, pageSize=12, pageNumber=0]
2026-01-06 20:09:31.104  INFO 17868 --- [http-nio-8080-exec-4] org.example.kortex.config.JwtFilter      : JWT найден в cookie
2026-01-06 20:09:31.106  INFO 17868 --- [http-nio-8080-exec-4] org.example.kortex.config.JwtFilter      : JWT валиден для email: s5090@inbox.ru, role: ADMIN
2026-01-06 20:09:31.106  INFO 17868 --- [http-nio-8080-exec-4] o.e.kortex.users.domain.UserService      : Поиск пользователя с email: s5090@inbox.ru
2026-01-06 20:09:31.109  INFO 17868 --- [http-nio-8080-exec-4] org.example.kortex.config.JwtFilter      : Аутентификация установлена для: s5090@inbox.ru
2026-01-06 20:09:32.473  INFO 17868 --- [http-nio-8080-exec-2] org.example.kortex.config.JwtFilter      : JWT найден в cookie
2026-01-06 20:09:32.480  INFO 17868 --- [http-nio-8080-exec-2] org.example.kortex.config.JwtFilter      : JWT валиден для email: s5090@inbox.ru, role: ADMIN
2026-01-06 20:09:32.480  INFO 17868 --- [http-nio-8080-exec-2] o.e.kortex.users.domain.UserService      : Поиск пользователя с email: s5090@inbox.ru
2026-01-06 20:09:32.488  INFO 17868 --- [http-nio-8080-exec-2] org.example.kortex.config.JwtFilter      : Аутентификация установлена для: s5090@inbox.ru
2026-01-06 20:09:32.490  INFO 17868 --- [http-nio-8080-exec-2] o.e.kortex.carts.api.CartController      : Добавление товара в корзину
2026-01-06 20:09:32.516  INFO 17868 --- [http-nio-8080-exec-2] o.e.kortex.carts.domain.CartService      : Добавление продукта 3005 в корзину 1
2026-01-06 20:09:32.524  INFO 17868 --- [http-nio-8080-exec-2] o.e.kortex.carts.domain.CartItemService  : Добавление CartItem в корзину 1
2026-01-06 20:09:32.631  INFO 17868 --- [http-nio-8080-exec-2] o.e.kortex.carts.domain.CartItemService  : Создан CartItem его id: 28
2026-01-06 20:09:32.649  INFO 17868 --- [http-nio-8080-exec-2] o.e.kortex.carts.domain.CartService      : Продукт добавлен успешно
2026-01-06 20:09:32.656  INFO 17868 --- [http-nio-8080-exec-2] o.e.kortex.carts.api.CartController      : Продукт с id: 3005 добавлен в корзину с id: 1
2026-01-06 20:09:32.705  INFO 17868 --- [http-nio-8080-exec-6] org.example.kortex.config.JwtFilter      : JWT найден в cookie
2026-01-06 20:09:32.724  INFO 17868 --- [http-nio-8080-exec-6] org.example.kortex.config.JwtFilter      : JWT валиден для email: s5090@inbox.ru, role: ADMIN
2026-01-06 20:09:32.724  INFO 17868 --- [http-nio-8080-exec-6] o.e.kortex.users.domain.UserService      : Поиск пользователя с email: s5090@inbox.ru
2026-01-06 20:09:32.731  INFO 17868 --- [http-nio-8080-exec-6] org.example.kortex.config.JwtFilter      : Аутентификация установлена для: s5090@inbox.ru
2026-01-06 20:09:33.395  INFO 17868 --- [http-nio-8080-exec-7] org.example.kortex.config.JwtFilter      : JWT найден в cookie
2026-01-06 20:09:33.400  INFO 17868 --- [http-nio-8080-exec-7] org.example.kortex.config.JwtFilter      : JWT валиден для email: s5090@inbox.ru, role: ADMIN
2026-01-06 20:09:33.401  INFO 17868 --- [http-nio-8080-exec-7] o.e.kortex.users.domain.UserService      : Поиск пользователя с email: s5090@inbox.ru
2026-01-06 20:09:33.406  INFO 17868 --- [http-nio-8080-exec-7] org.example.kortex.config.JwtFilter      : Аутентификация установлена для: s5090@inbox.ru
2026-01-06 20:09:33.449  INFO 17868 --- [http-nio-8080-exec-7] org.example.kortex.config.JwtFilter      : JWT найден в cookie
2026-01-06 20:09:33.456  INFO 17868 --- [http-nio-8080-exec-7] org.example.kortex.config.JwtFilter      : JWT валиден для email: s5090@inbox.ru, role: ADMIN
2026-01-06 20:09:33.456  INFO 17868 --- [http-nio-8080-exec-7] o.e.kortex.users.domain.UserService      : Поиск пользователя с email: s5090@inbox.ru
2026-01-06 20:09:33.460  INFO 17868 --- [http-nio-8080-exec-7] org.example.kortex.config.JwtFilter      : Аутентификация установлена для: s5090@inbox.ru
2026-01-06 20:09:33.475  INFO 17868 --- [http-nio-8080-exec-5] org.example.kortex.config.JwtFilter      : JWT найден в cookie
2026-01-06 20:09:33.479  INFO 17868 --- [http-nio-8080-exec-5] org.example.kortex.config.JwtFilter      : JWT валиден для email: s5090@inbox.ru, role: ADMIN
2026-01-06 20:09:33.479  INFO 17868 --- [http-nio-8080-exec-5] o.e.kortex.users.domain.UserService      : Поиск пользователя с email: s5090@inbox.ru
2026-01-06 20:09:33.484  INFO 17868 --- [http-nio-8080-exec-5] org.example.kortex.config.JwtFilter      : Аутентификация установлена для: s5090@inbox.ru
2026-01-06 21:24:50.595  INFO 17868 --- [SpringApplicationShutdownHook] j.LocalContainerEntityManagerFactoryBean : Closing JPA EntityManagerFactory for persistence unit 'default'
2026-01-06 21:24:50.633  INFO 17868 --- [SpringApplicationShutdownHook] com.zaxxer.hikari.HikariDataSource       : HikariPool-1 - Shutdown initiated...
2026-01-06 21:24:50.645  INFO 17868 --- [SpringApplicationShutdownHook] com.zaxxer.hikari.HikariDataSource       : HikariPool-1 - Shutdown completed.
2026-01-06 21:25:00.747  INFO 6548 --- [main] org.example.kortex.KortexApplication     : Starting KortexApplication using Java 21.0.1 on DESKTOP-4APF200 with PID 6548 (C:\java Ultimate\Kortex\target\classes started by 7 in C:\java Ultimate\Kortex)
2026-01-06 21:25:00.751  INFO 6548 --- [main] org.example.kortex.KortexApplication     : No active profile set, falling back to 1 default profile: "default"
2026-01-06 21:25:01.877  INFO 6548 --- [main] .s.d.r.c.RepositoryConfigurationDelegate : Bootstrapping Spring Data JPA repositories in DEFAULT mode.
2026-01-06 21:25:01.982  INFO 6548 --- [main] .s.d.r.c.RepositoryConfigurationDelegate : Finished Spring Data repository scanning in 95 ms. Found 7 JPA repository interfaces.
2026-01-06 21:25:02.531  INFO 6548 --- [main] o.s.b.w.embedded.tomcat.TomcatWebServer  : Tomcat initialized with port(s): 8080 (http)
2026-01-06 21:25:02.542  INFO 6548 --- [main] o.apache.catalina.core.StandardService   : Starting service [Tomcat]
2026-01-06 21:25:02.543  INFO 6548 --- [main] org.apache.catalina.core.StandardEngine  : Starting Servlet engine: [Apache Tomcat/9.0.73]
2026-01-06 21:25:02.742  INFO 6548 --- [main] o.a.c.c.C.[Tomcat].[localhost].[/]       : Initializing Spring embedded WebApplicationContext
2026-01-06 21:25:02.743  INFO 6548 --- [main] w.s.c.ServletWebServerApplicationContext : Root WebApplicationContext: initialization completed in 1928 ms
2026-01-06 21:25:03.036  INFO 6548 --- [main] o.hibernate.jpa.internal.util.LogHelper  : HHH000204: Processing PersistenceUnitInfo [name: default]
2026-01-06 21:25:03.099  INFO 6548 --- [main] org.hibernate.Version                    : HHH000412: Hibernate ORM core version 5.6.15.Final
2026-01-06 21:25:03.258  INFO 6548 --- [main] o.hibernate.annotations.common.Version   : HCANN000001: Hibernate Commons Annotations {5.1.2.Final}
2026-01-06 21:25:03.344  INFO 6548 --- [main] com.zaxxer.hikari.HikariDataSource       : HikariPool-1 - Starting...
2026-01-06 21:25:03.611  INFO 6548 --- [main] com.zaxxer.hikari.HikariDataSource       : HikariPool-1 - Start completed.
2026-01-06 21:25:03.629  INFO 6548 --- [main] org.hibernate.dialect.Dialect            : HHH000400: Using dialect: org.hibernate.dialect.PostgreSQLDialect
2026-01-06 21:25:04.555  INFO 6548 --- [main] o.h.e.t.j.p.i.JtaPlatformInitiator       : HHH000490: Using JtaPlatform implementation: [org.hibernate.engine.transaction.jta.platform.internal.NoJtaPlatform]
2026-01-06 21:25:04.563  INFO 6548 --- [main] j.LocalContainerEntityManagerFactoryBean : Initialized JPA EntityManagerFactory for persistence unit 'default'
2026-01-06 21:25:04.886  INFO 6548 --- [main] o.s.aop.framework.CglibAopProxy          : Unable to proxy interface-implementing method [public final void org.springframework.web.filter.OncePerRequestFilter.doFilter(javax.servlet.ServletRequest,javax.servlet.ServletResponse,javax.servlet.FilterChain) throws javax.servlet.ServletException,java.io.IOException] because it is marked as final: Consider using interface-based JDK proxies instead!
2026-01-06 21:25:04.886  INFO 6548 --- [main] o.s.aop.framework.CglibAopProxy          : Unable to proxy interface-implementing method [public final void org.springframework.web.filter.GenericFilterBean.init(javax.servlet.FilterConfig) throws javax.servlet.ServletException] because it is marked as final: Consider using interface-based JDK proxies instead!
2026-01-06 21:25:05.363  INFO 6548 --- [main] o.s.s.web.DefaultSecurityFilterChain     : Will secure any request with [org.springframework.security.web.session.DisableEncodeUrlFilter@5add7380, org.springframework.security.web.context.request.async.WebAsyncManagerIntegrationFilter@e638553, org.springframework.security.web.context.SecurityContextPersistenceFilter@2f11d889, org.springframework.security.web.header.HeaderWriterFilter@2cf669f2, org.springframework.security.web.authentication.logout.LogoutFilter@53654b2d, org.example.kortex.config.JwtFilter@268e30d4, org.springframework.security.web.savedrequest.RequestCacheAwareFilter@5ca10d0e, org.springframework.security.web.servletapi.SecurityContextHolderAwareRequestFilter@34604b32, org.springframework.security.web.authentication.AnonymousAuthenticationFilter@52bcfd10, org.springframework.security.web.session.SessionManagementFilter@734a2c17, org.springframework.security.web.access.ExceptionTranslationFilter@3bc33ad9, org.springframework.security.web.access.intercept.FilterSecurityInterceptor@6c92a59d]
2026-01-06 21:25:05.839  INFO 6548 --- [main] o.s.b.a.e.web.EndpointLinksResolver      : Exposing 1 endpoint(s) beneath base path '/actuator'
2026-01-06 21:25:05.880  INFO 6548 --- [main] o.s.b.w.embedded.tomcat.TomcatWebServer  : Tomcat started on port(s): 8080 (http) with context path ''
2026-01-06 21:25:05.895  INFO 6548 --- [main] org.example.kortex.KortexApplication     : Started KortexApplication in 5.598 seconds (JVM running for 6.704)
2026-01-06 21:25:06.041  INFO 6548 --- [RMI TCP Connection(3)-26.93.201.44] o.a.c.c.C.[Tomcat].[localhost].[/]       : Initializing Spring DispatcherServlet 'dispatcherServlet'
2026-01-06 21:25:06.042  INFO 6548 --- [RMI TCP Connection(3)-26.93.201.44] o.s.web.servlet.DispatcherServlet        : Initializing Servlet 'dispatcherServlet'
2026-01-06 21:25:06.045  INFO 6548 --- [RMI TCP Connection(3)-26.93.201.44] o.s.web.servlet.DispatcherServlet        : Completed initialization in 3 ms
2026-01-06 21:26:07.270  INFO 6548 --- [http-nio-8080-exec-1] org.example.kortex.config.JwtFilter      : JWT найден в cookie
2026-01-06 21:26:07.333  INFO 6548 --- [http-nio-8080-exec-1] org.example.kortex.config.JwtFilter      : JWT валиден для email: s5090@inbox.ru, role: ADMIN
2026-01-06 21:26:07.338  INFO 6548 --- [http-nio-8080-exec-1] o.e.kortex.users.domain.UserService      : Поиск пользователя с email: s5090@inbox.ru
2026-01-06 21:26:07.437  INFO 6548 --- [http-nio-8080-exec-1] org.example.kortex.config.JwtFilter      : Аутентификация установлена для: s5090@inbox.ru
2026-01-06 21:26:09.231  INFO 6548 --- [http-nio-8080-exec-9] org.example.kortex.config.JwtFilter      : JWT найден в cookie
2026-01-06 21:26:09.236  INFO 6548 --- [http-nio-8080-exec-9] org.example.kortex.config.JwtFilter      : JWT валиден для email: s5090@inbox.ru, role: ADMIN
2026-01-06 21:26:09.237  INFO 6548 --- [http-nio-8080-exec-9] o.e.kortex.users.domain.UserService      : Поиск пользователя с email: s5090@inbox.ru
2026-01-06 21:26:09.240  INFO 6548 --- [http-nio-8080-exec-9] org.example.kortex.config.JwtFilter      : Аутентификация установлена для: s5090@inbox.ru
2026-01-06 21:26:09.268  INFO 6548 --- [http-nio-8080-exec-10] org.example.kortex.config.JwtFilter      : JWT найден в cookie
2026-01-06 21:26:09.272  INFO 6548 --- [http-nio-8080-exec-1] org.example.kortex.config.JwtFilter      : JWT найден в cookie
2026-01-06 21:26:09.275  INFO 6548 --- [http-nio-8080-exec-10] org.example.kortex.config.JwtFilter      : JWT валиден для email: s5090@inbox.ru, role: ADMIN
2026-01-06 21:26:09.275  INFO 6548 --- [http-nio-8080-exec-10] o.e.kortex.users.domain.UserService      : Поиск пользователя с email: s5090@inbox.ru
2026-01-06 21:26:09.279  INFO 6548 --- [http-nio-8080-exec-1] org.example.kortex.config.JwtFilter      : JWT валиден для email: s5090@inbox.ru, role: ADMIN
2026-01-06 21:26:09.279  INFO 6548 --- [http-nio-8080-exec-1] o.e.kortex.users.domain.UserService      : Поиск пользователя с email: s5090@inbox.ru
2026-01-06 21:26:09.279  INFO 6548 --- [http-nio-8080-exec-10] org.example.kortex.config.JwtFilter      : Аутентификация установлена для: s5090@inbox.ru
2026-01-06 21:26:09.283  INFO 6548 --- [http-nio-8080-exec-1] org.example.kortex.config.JwtFilter      : Аутентификация установлена для: s5090@inbox.ru
2026-01-06 21:26:15.212  INFO 6548 --- [http-nio-8080-exec-2] org.example.kortex.config.JwtFilter      : JWT найден в cookie
2026-01-06 21:26:15.216  INFO 6548 --- [http-nio-8080-exec-2] org.example.kortex.config.JwtFilter      : JWT валиден для email: s5090@inbox.ru, role: ADMIN
2026-01-06 21:26:15.217  INFO 6548 --- [http-nio-8080-exec-2] o.e.kortex.users.domain.UserService      : Поиск пользователя с email: s5090@inbox.ru
2026-01-06 21:26:15.219  INFO 6548 --- [http-nio-8080-exec-2] org.example.kortex.config.JwtFilter      : Аутентификация установлена для: s5090@inbox.ru
2026-01-06 21:26:27.769  INFO 6548 --- [http-nio-8080-exec-3] org.example.kortex.config.JwtFilter      : JWT найден в cookie
2026-01-06 21:26:27.774  INFO 6548 --- [http-nio-8080-exec-3] org.example.kortex.config.JwtFilter      : JWT валиден для email: s5090@inbox.ru, role: ADMIN
2026-01-06 21:26:27.774  INFO 6548 --- [http-nio-8080-exec-3] o.e.kortex.users.domain.UserService      : Поиск пользователя с email: s5090@inbox.ru
2026-01-06 21:26:27.779  INFO 6548 --- [http-nio-8080-exec-3] org.example.kortex.config.JwtFilter      : Аутентификация установлена для: s5090@inbox.ru
2026-01-06 21:26:27.806  INFO 6548 --- [http-nio-8080-exec-9] org.example.kortex.config.JwtFilter      : JWT найден в cookie
2026-01-06 21:26:27.806  INFO 6548 --- [http-nio-8080-exec-5] org.example.kortex.config.JwtFilter      : JWT найден в cookie
2026-01-06 21:26:27.811  INFO 6548 --- [http-nio-8080-exec-9] org.example.kortex.config.JwtFilter      : JWT валиден для email: s5090@inbox.ru, role: ADMIN
2026-01-06 21:26:27.811  INFO 6548 --- [http-nio-8080-exec-5] org.example.kortex.config.JwtFilter      : JWT валиден для email: s5090@inbox.ru, role: ADMIN
2026-01-06 21:26:27.811  INFO 6548 --- [http-nio-8080-exec-9] o.e.kortex.users.domain.UserService      : Поиск пользователя с email: s5090@inbox.ru
2026-01-06 21:26:27.811  INFO 6548 --- [http-nio-8080-exec-5] o.e.kortex.users.domain.UserService      : Поиск пользователя с email: s5090@inbox.ru
2026-01-06 21:26:27.815  INFO 6548 --- [http-nio-8080-exec-5] org.example.kortex.config.JwtFilter      : Аутентификация установлена для: s5090@inbox.ru
2026-01-06 21:26:27.820  INFO 6548 --- [http-nio-8080-exec-9] org.example.kortex.config.JwtFilter      : Аутентификация установлена для: s5090@inbox.ru
2026-01-06 21:26:31.217  INFO 6548 --- [SpringApplicationShutdownHook] j.LocalContainerEntityManagerFactoryBean : Closing JPA EntityManagerFactory for persistence unit 'default'
2026-01-06 21:26:31.220  INFO 6548 --- [SpringApplicationShutdownHook] com.zaxxer.hikari.HikariDataSource       : HikariPool-1 - Shutdown initiated...
2026-01-06 21:26:31.226  INFO 6548 --- [SpringApplicationShutdownHook] com.zaxxer.hikari.HikariDataSource       : HikariPool-1 - Shutdown completed.
2026-01-06 21:26:38.736  INFO 1656 --- [main] org.example.kortex.KortexApplication     : Starting KortexApplication using Java 21.0.1 on DESKTOP-4APF200 with PID 1656 (C:\java Ultimate\Kortex\target\classes started by 7 in C:\java Ultimate\Kortex)
2026-01-06 21:26:38.740  INFO 1656 --- [main] org.example.kortex.KortexApplication     : No active profile set, falling back to 1 default profile: "default"
2026-01-06 21:26:39.818  INFO 1656 --- [main] .s.d.r.c.RepositoryConfigurationDelegate : Bootstrapping Spring Data JPA repositories in DEFAULT mode.
2026-01-06 21:26:39.913  INFO 1656 --- [main] .s.d.r.c.RepositoryConfigurationDelegate : Finished Spring Data repository scanning in 88 ms. Found 7 JPA repository interfaces.
2026-01-06 21:26:40.438  INFO 1656 --- [main] o.s.b.w.embedded.tomcat.TomcatWebServer  : Tomcat initialized with port(s): 8080 (http)
2026-01-06 21:26:40.446  INFO 1656 --- [main] o.apache.catalina.core.StandardService   : Starting service [Tomcat]
2026-01-06 21:26:40.447  INFO 1656 --- [main] org.apache.catalina.core.StandardEngine  : Starting Servlet engine: [Apache Tomcat/9.0.73]
2026-01-06 21:26:40.554  INFO 1656 --- [main] o.a.c.c.C.[Tomcat].[localhost].[/]       : Initializing Spring embedded WebApplicationContext
2026-01-06 21:26:40.555  INFO 1656 --- [main] w.s.c.ServletWebServerApplicationContext : Root WebApplicationContext: initialization completed in 1733 ms
2026-01-06 21:26:40.818  INFO 1656 --- [main] o.hibernate.jpa.internal.util.LogHelper  : HHH000204: Processing PersistenceUnitInfo [name: default]
2026-01-06 21:26:40.870  INFO 1656 --- [main] org.hibernate.Version                    : HHH000412: Hibernate ORM core version 5.6.15.Final
2026-01-06 21:26:41.052  INFO 1656 --- [main] o.hibernate.annotations.common.Version   : HCANN000001: Hibernate Commons Annotations {5.1.2.Final}
2026-01-06 21:26:41.135  INFO 1656 --- [main] com.zaxxer.hikari.HikariDataSource       : HikariPool-1 - Starting...
2026-01-06 21:26:41.277  INFO 1656 --- [main] com.zaxxer.hikari.HikariDataSource       : HikariPool-1 - Start completed.
2026-01-06 21:26:41.293  INFO 1656 --- [main] org.hibernate.dialect.Dialect            : HHH000400: Using dialect: org.hibernate.dialect.PostgreSQLDialect
2026-01-06 21:26:42.217  INFO 1656 --- [main] o.h.e.t.j.p.i.JtaPlatformInitiator       : HHH000490: Using JtaPlatform implementation: [org.hibernate.engine.transaction.jta.platform.internal.NoJtaPlatform]
2026-01-06 21:26:42.228  INFO 1656 --- [main] j.LocalContainerEntityManagerFactoryBean : Initialized JPA EntityManagerFactory for persistence unit 'default'
2026-01-06 21:26:42.634  INFO 1656 --- [main] o.s.aop.framework.CglibAopProxy          : Unable to proxy interface-implementing method [public final void org.springframework.web.filter.OncePerRequestFilter.doFilter(javax.servlet.ServletRequest,javax.servlet.ServletResponse,javax.servlet.FilterChain) throws javax.servlet.ServletException,java.io.IOException] because it is marked as final: Consider using interface-based JDK proxies instead!
2026-01-06 21:26:42.635  INFO 1656 --- [main] o.s.aop.framework.CglibAopProxy          : Unable to proxy interface-implementing method [public final void org.springframework.web.filter.GenericFilterBean.init(javax.servlet.FilterConfig) throws javax.servlet.ServletException] because it is marked as final: Consider using interface-based JDK proxies instead!
2026-01-06 21:26:43.152  INFO 1656 --- [main] o.s.s.web.DefaultSecurityFilterChain     : Will secure any request with [org.springframework.security.web.session.DisableEncodeUrlFilter@1d686622, org.springframework.security.web.context.request.async.WebAsyncManagerIntegrationFilter@400df2b3, org.springframework.security.web.context.SecurityContextPersistenceFilter@447630c4, org.springframework.security.web.header.HeaderWriterFilter@47f5ab58, org.springframework.security.web.authentication.logout.LogoutFilter@6a262980, org.example.kortex.config.JwtFilter@3fcc7f5c, org.springframework.security.web.savedrequest.RequestCacheAwareFilter@4c8afba, org.springframework.security.web.servletapi.SecurityContextHolderAwareRequestFilter@cae4952, org.springframework.security.web.authentication.AnonymousAuthenticationFilter@1fb00a6d, org.springframework.security.web.session.SessionManagementFilter@3cb376a3, org.springframework.security.web.access.ExceptionTranslationFilter@5b76b891, org.springframework.security.web.access.intercept.FilterSecurityInterceptor@1af6d656]
2026-01-06 21:26:43.662  INFO 1656 --- [main] o.s.b.a.e.web.EndpointLinksResolver      : Exposing 1 endpoint(s) beneath base path '/actuator'
2026-01-06 21:26:43.716  INFO 1656 --- [main] o.s.b.w.embedded.tomcat.TomcatWebServer  : Tomcat started on port(s): 8080 (http) with context path ''
2026-01-06 21:26:43.730  INFO 1656 --- [main] org.example.kortex.KortexApplication     : Started KortexApplication in 5.54 seconds (JVM running for 6.45)
2026-01-06 21:26:44.023  INFO 1656 --- [http-nio-8080-exec-1] o.a.c.c.C.[Tomcat].[localhost].[/]       : Initializing Spring DispatcherServlet 'dispatcherServlet'
2026-01-06 21:26:44.024  INFO 1656 --- [http-nio-8080-exec-1] o.s.web.servlet.DispatcherServlet        : Initializing Servlet 'dispatcherServlet'
2026-01-06 21:26:44.027  INFO 1656 --- [http-nio-8080-exec-1] o.s.web.servlet.DispatcherServlet        : Completed initialization in 3 ms
2026-01-06 21:26:44.181  INFO 1656 --- [http-nio-8080-exec-1] org.example.kortex.config.JwtFilter      : JWT найден в cookie
2026-01-06 21:26:44.282  INFO 1656 --- [http-nio-8080-exec-1] org.example.kortex.config.JwtFilter      : JWT валиден для email: s5090@inbox.ru, role: ADMIN
2026-01-06 21:26:44.293  INFO 1656 --- [http-nio-8080-exec-1] o.e.kortex.users.domain.UserService      : Поиск пользователя с email: s5090@inbox.ru
2026-01-06 21:26:44.369  INFO 1656 --- [http-nio-8080-exec-1] org.example.kortex.config.JwtFilter      : Аутентификация установлена для: s5090@inbox.ru
2026-01-06 21:27:27.550  INFO 1656 --- [http-nio-8080-exec-1] o.e.kortex.users.domain.AuthService      : Отправка пользователю код на email=aaaaaa.bbbbbb.18@inbox.ru
2026-01-06 21:27:27.551  INFO 1656 --- [http-nio-8080-exec-1] o.e.kortex.users.domain.UserService      : Поиск пользователя с email: aaaaaa.bbbbbb.18@inbox.ru
2026-01-06 21:27:27.551  INFO 1656 --- [http-nio-8080-exec-10] o.e.kortex.users.domain.AuthService      : Попытка входа для email=aaaaaa.bbbbbb.18@inbox.ru
2026-01-06 21:27:27.558  INFO 1656 --- [http-nio-8080-exec-1] o.e.kortex.users.domain.AuthService      : Код подтверждения отправлен на email=aaaaaa.bbbbbb.18@inbox.ru
2026-01-06 21:27:27.558  INFO 1656 --- [Async-1] o.e.k.users.domain.EmailSenderService    : Отпрвавка сообщение на регистрацию на почту: aaaaaa.bbbbbb.18@inbox.ru с кодом 437698
2026-01-06 21:27:27.622  INFO 1656 --- [http-nio-8080-exec-10] o.e.kortex.users.domain.UserService      : Поиск пользователя с email: aaaaaa.bbbbbb.18@inbox.ru
2026-01-06 21:27:27.700 ERROR 1656 --- [http-nio-8080-exec-10] o.e.kortex.users.domain.AuthService      : Ошибка входа для aaaaaa.bbbbbb.18@inbox.ru: Неверные учетные данные пользователя
2026-01-06 21:27:29.233  INFO 1656 --- [http-nio-8080-exec-3] org.example.kortex.config.JwtFilter      : JWT найден в cookie
2026-01-06 21:27:29.240  INFO 1656 --- [http-nio-8080-exec-3] org.example.kortex.config.JwtFilter      : JWT валиден для email: s5090@inbox.ru, role: ADMIN
2026-01-06 21:27:29.241  INFO 1656 --- [http-nio-8080-exec-3] o.e.kortex.users.domain.UserService      : Поиск пользователя с email: s5090@inbox.ru
2026-01-06 21:27:29.246  INFO 1656 --- [http-nio-8080-exec-3] org.example.kortex.config.JwtFilter      : Аутентификация установлена для: s5090@inbox.ru
2026-01-06 21:27:39.174  INFO 1656 --- [Async-1] o.e.k.users.domain.EmailSenderService    : Сообщение отправлено на регистрацию на почту: aaaaaa.bbbbbb.18@inbox.ru с кодом 437698
2026-01-06 21:27:51.939  INFO 1656 --- [SpringApplicationShutdownHook] j.LocalContainerEntityManagerFactoryBean : Closing JPA EntityManagerFactory for persistence unit 'default'
2026-01-06 21:27:51.946  INFO 1656 --- [SpringApplicationShutdownHook] com.zaxxer.hikari.HikariDataSource       : HikariPool-1 - Shutdown initiated...
2026-01-06 21:27:51.952  INFO 1656 --- [SpringApplicationShutdownHook] com.zaxxer.hikari.HikariDataSource       : HikariPool-1 - Shutdown completed.
2026-01-06 21:27:56.307  INFO 21652 --- [main] org.example.kortex.KortexApplication     : Starting KortexApplication using Java 21.0.1 on DESKTOP-4APF200 with PID 21652 (C:\java Ultimate\Kortex\target\classes started by 7 in C:\java Ultimate\Kortex)
2026-01-06 21:27:56.312  INFO 21652 --- [main] org.example.kortex.KortexApplication     : No active profile set, falling back to 1 default profile: "default"
2026-01-06 21:27:57.860  INFO 21652 --- [main] .s.d.r.c.RepositoryConfigurationDelegate : Bootstrapping Spring Data JPA repositories in DEFAULT mode.
2026-01-06 21:27:57.958  INFO 21652 --- [main] .s.d.r.c.RepositoryConfigurationDelegate : Finished Spring Data repository scanning in 88 ms. Found 7 JPA repository interfaces.
2026-01-06 21:27:58.643  INFO 21652 --- [main] o.s.b.w.embedded.tomcat.TomcatWebServer  : Tomcat initialized with port(s): 8080 (http)
2026-01-06 21:27:58.817  INFO 21652 --- [main] w.s.c.ServletWebServerApplicationContext : Root WebApplicationContext: initialization completed in 2465 ms
2026-01-06 21:27:59.271  INFO 21652 --- [main] o.hibernate.jpa.internal.util.LogHelper  : HHH000204: Processing PersistenceUnitInfo [name: default]
2026-01-06 21:27:59.327  INFO 21652 --- [main] org.hibernate.Version                    : HHH000412: Hibernate ORM core version 5.6.15.Final
2026-01-06 21:27:59.553  INFO 21652 --- [main] o.hibernate.annotations.common.Version   : HCANN000001: Hibernate Commons Annotations {5.1.2.Final}
2026-01-06 21:27:59.658  INFO 21652 --- [main] com.zaxxer.hikari.HikariDataSource       : HikariPool-1 - Starting...
2026-01-06 21:27:59.971  INFO 21652 --- [main] com.zaxxer.hikari.HikariDataSource       : HikariPool-1 - Start completed.
2026-01-06 21:28:00.085  INFO 21652 --- [main] org.hibernate.dialect.Dialect            : HHH000400: Using dialect: org.hibernate.dialect.PostgreSQLDialect
2026-01-06 21:28:01.793  INFO 21652 --- [main] o.h.e.t.j.p.i.JtaPlatformInitiator       : HHH000490: Using JtaPlatform implementation: [org.hibernate.engine.transaction.jta.platform.internal.NoJtaPlatform]
2026-01-06 21:28:01.803  INFO 21652 --- [main] j.LocalContainerEntityManagerFactoryBean : Initialized JPA EntityManagerFactory for persistence unit 'default'
2026-01-06 21:28:02.363  INFO 21652 --- [main] o.s.aop.framework.CglibAopProxy          : Unable to proxy interface-implementing method [public final void org.springframework.web.filter.OncePerRequestFilter.doFilter(javax.servlet.ServletRequest,javax.servlet.ServletResponse,javax.servlet.FilterChain) throws javax.servlet.ServletException,java.io.IOException] because it is marked as final: Consider using interface-based JDK proxies instead!
2026-01-06 21:28:02.363  INFO 21652 --- [main] o.s.aop.framework.CglibAopProxy          : Unable to proxy interface-implementing method [public final void org.springframework.web.filter.GenericFilterBean.init(javax.servlet.FilterConfig) throws javax.servlet.ServletException] because it is marked as final: Consider using interface-based JDK proxies instead!
2026-01-06 21:28:03.027  INFO 21652 --- [main] o.s.s.web.DefaultSecurityFilterChain     : Will secure any request with [org.springframework.security.web.session.DisableEncodeUrlFilter@4b8601a1, org.springframework.security.web.context.request.async.WebAsyncManagerIntegrationFilter@3f7a7ce6, org.springframework.security.web.context.SecurityContextPersistenceFilter@6a9d572, org.springframework.security.web.header.HeaderWriterFilter@2da8ed80, org.springframework.security.web.authentication.logout.LogoutFilter@1a3e8b68, org.example.kortex.config.JwtFilter@733345f5, org.springframework.security.web.savedrequest.RequestCacheAwareFilter@5f1dadf4, org.springframework.security.web.servletapi.SecurityContextHolderAwareRequestFilter@d15f031, org.springframework.security.web.authentication.AnonymousAuthenticationFilter@1067192a, org.springframework.security.web.session.SessionManagementFilter@711fbcef, org.springframework.security.web.access.ExceptionTranslationFilter@19b33b0d, org.springframework.security.web.access.intercept.FilterSecurityInterceptor@2703785e]
2026-01-06 21:28:03.694  INFO 21652 --- [main] o.s.b.a.e.web.EndpointLinksResolver      : Exposing 1 endpoint(s) beneath base path '/actuator'
2026-01-06 21:28:03.745  INFO 21652 --- [main] o.s.b.w.embedded.tomcat.TomcatWebServer  : Tomcat started on port(s): 8080 (http) with context path ''
2026-01-06 21:28:03.758  INFO 21652 --- [main] org.example.kortex.KortexApplication     : Started KortexApplication in 7.888 seconds (JVM running for 9.419)
2026-01-06 21:28:03.777  INFO 21652 --- [SpringApplicationShutdownHook] j.LocalContainerEntityManagerFactoryBean : Closing JPA EntityManagerFactory for persistence unit 'default'
2026-01-06 21:28:03.781  INFO 21652 --- [SpringApplicationShutdownHook] com.zaxxer.hikari.HikariDataSource       : HikariPool-1 - Shutdown initiated...
2026-01-06 21:28:03.793  INFO 21652 --- [SpringApplicationShutdownHook] com.zaxxer.hikari.HikariDataSource       : HikariPool-1 - Shutdown completed.
2026-01-06 21:33:22.355  INFO 10072 --- [main] org.example.kortex.KortexApplication     : Starting KortexApplication using Java 21.0.1 on DESKTOP-4APF200 with PID 10072 (C:\java Ultimate\Kortex\target\classes started by 7 in C:\java Ultimate\Kortex)
2026-01-06 21:33:22.359  INFO 10072 --- [main] org.example.kortex.KortexApplication     : No active profile set, falling back to 1 default profile: "default"
2026-01-06 21:33:23.748  INFO 10072 --- [main] .s.d.r.c.RepositoryConfigurationDelegate : Bootstrapping Spring Data JPA repositories in DEFAULT mode.
2026-01-06 21:33:23.859  INFO 10072 --- [main] .s.d.r.c.RepositoryConfigurationDelegate : Finished Spring Data repository scanning in 100 ms. Found 7 JPA repository interfaces.
2026-01-06 21:33:24.522  INFO 10072 --- [main] o.s.b.w.embedded.tomcat.TomcatWebServer  : Tomcat initialized with port(s): 8080 (http)
2026-01-06 21:33:24.532  INFO 10072 --- [main] o.apache.catalina.core.StandardService   : Starting service [Tomcat]
2026-01-06 21:33:24.532  INFO 10072 --- [main] org.apache.catalina.core.StandardEngine  : Starting Servlet engine: [Apache Tomcat/9.0.73]
2026-01-06 21:33:24.653  INFO 10072 --- [main] o.a.c.c.C.[Tomcat].[localhost].[/]       : Initializing Spring embedded WebApplicationContext
2026-01-06 21:33:24.653  INFO 10072 --- [main] w.s.c.ServletWebServerApplicationContext : Root WebApplicationContext: initialization completed in 2246 ms
2026-01-06 21:33:24.952  INFO 10072 --- [main] o.hibernate.jpa.internal.util.LogHelper  : HHH000204: Processing PersistenceUnitInfo [name: default]
2026-01-06 21:33:25.028  INFO 10072 --- [main] org.hibernate.Version                    : HHH000412: Hibernate ORM core version 5.6.15.Final
2026-01-06 21:33:25.177  INFO 10072 --- [main] o.hibernate.annotations.common.Version   : HCANN000001: Hibernate Commons Annotations {5.1.2.Final}
2026-01-06 21:33:25.261  INFO 10072 --- [main] com.zaxxer.hikari.HikariDataSource       : HikariPool-1 - Starting...
2026-01-06 21:33:25.446  INFO 10072 --- [main] com.zaxxer.hikari.HikariDataSource       : HikariPool-1 - Start completed.
2026-01-06 21:33:25.468  INFO 10072 --- [main] org.hibernate.dialect.Dialect            : HHH000400: Using dialect: org.hibernate.dialect.PostgreSQLDialect
2026-01-06 21:33:26.571  INFO 10072 --- [main] o.h.e.t.j.p.i.JtaPlatformInitiator       : HHH000490: Using JtaPlatform implementation: [org.hibernate.engine.transaction.jta.platform.internal.NoJtaPlatform]
2026-01-06 21:33:26.592  INFO 10072 --- [main] j.LocalContainerEntityManagerFactoryBean : Initialized JPA EntityManagerFactory for persistence unit 'default'
2026-01-06 21:33:27.016  INFO 10072 --- [main] o.s.aop.framework.CglibAopProxy          : Unable to proxy interface-implementing method [public final void org.springframework.web.filter.OncePerRequestFilter.doFilter(javax.servlet.ServletRequest,javax.servlet.ServletResponse,javax.servlet.FilterChain) throws javax.servlet.ServletException,java.io.IOException] because it is marked as final: Consider using interface-based JDK proxies instead!
2026-01-06 21:33:27.017  INFO 10072 --- [main] o.s.aop.framework.CglibAopProxy          : Unable to proxy interface-implementing method [public final void org.springframework.web.filter.GenericFilterBean.init(javax.servlet.FilterConfig) throws javax.servlet.ServletException] because it is marked as final: Consider using interface-based JDK proxies instead!
2026-01-06 21:33:27.671  INFO 10072 --- [main] o.s.s.web.DefaultSecurityFilterChain     : Will secure any request with [org.springframework.security.web.session.DisableEncodeUrlFilter@6ffa8126, org.springframework.security.web.context.request.async.WebAsyncManagerIntegrationFilter@23ee70a7, org.springframework.security.web.context.SecurityContextPersistenceFilter@5c194652, org.springframework.security.web.header.HeaderWriterFilter@582b14e2, org.springframework.security.web.authentication.logout.LogoutFilter@1a0b4955, org.example.kortex.config.JwtFilter@7d8d671b, org.springframework.security.web.savedrequest.RequestCacheAwareFilter@66a50c93, org.springframework.security.web.servletapi.SecurityContextHolderAwareRequestFilter@5bddd141, org.springframework.security.web.authentication.AnonymousAuthenticationFilter@4678ec43, org.springframework.security.web.session.SessionManagementFilter@4a013b23, org.springframework.security.web.access.ExceptionTranslationFilter@24749ad3, org.springframework.security.web.access.intercept.FilterSecurityInterceptor@3b663112]
2026-01-06 21:33:28.266  INFO 10072 --- [main] o.s.b.a.e.web.EndpointLinksResolver      : Exposing 1 endpoint(s) beneath base path '/actuator'
2026-01-06 21:33:28.316  INFO 10072 --- [main] o.s.b.w.embedded.tomcat.TomcatWebServer  : Tomcat started on port(s): 8080 (http) with context path ''
2026-01-06 21:33:28.328  INFO 10072 --- [main] org.example.kortex.KortexApplication     : Started KortexApplication in 6.462 seconds (JVM running for 7.425)
2026-01-06 21:33:28.394  INFO 10072 --- [http-nio-8080-exec-1] o.a.c.c.C.[Tomcat].[localhost].[/]       : Initializing Spring DispatcherServlet 'dispatcherServlet'
2026-01-06 21:33:28.395  INFO 10072 --- [http-nio-8080-exec-1] o.s.web.servlet.DispatcherServlet        : Initializing Servlet 'dispatcherServlet'
2026-01-06 21:33:28.396  INFO 10072 --- [http-nio-8080-exec-1] o.s.web.servlet.DispatcherServlet        : Completed initialization in 1 ms
2026-01-06 21:33:28.460  INFO 10072 --- [http-nio-8080-exec-1] org.example.kortex.config.JwtFilter      : JWT найден в cookie
2026-01-06 21:33:28.546  INFO 10072 --- [http-nio-8080-exec-1] org.example.kortex.config.JwtFilter      : JWT валиден для email: s5090@inbox.ru, role: ADMIN
2026-01-06 21:33:28.552  INFO 10072 --- [http-nio-8080-exec-1] o.e.kortex.users.domain.UserService      : Поиск пользователя с email: s5090@inbox.ru
2026-01-06 21:33:28.621  INFO 10072 --- [http-nio-8080-exec-1] org.example.kortex.config.JwtFilter      : Аутентификация установлена для: s5090@inbox.ru
2026-01-06 21:33:35.437  INFO 10072 --- [http-nio-8080-exec-7] o.e.kortex.users.domain.AuthService      : Отправка пользователю код на email=aaaaaa.bbbbbb.18@inbox.ru
2026-01-06 21:33:35.438  INFO 10072 --- [http-nio-8080-exec-7] o.e.kortex.users.domain.UserService      : Поиск пользователя с email: aaaaaa.bbbbbb.18@inbox.ru
2026-01-06 21:33:35.438  INFO 10072 --- [http-nio-8080-exec-6] o.e.kortex.users.domain.AuthService      : Попытка входа для email=aaaaaa.bbbbbb.18@inbox.ru
2026-01-06 21:33:35.449  INFO 10072 --- [Async-1] o.e.k.users.domain.EmailSenderService    : Отпрвавка сообщение на регистрацию на почту: aaaaaa.bbbbbb.18@inbox.ru с кодом 749025
2026-01-06 21:33:35.449  INFO 10072 --- [http-nio-8080-exec-7] o.e.kortex.users.domain.AuthService      : Код подтверждения отправлен на email=aaaaaa.bbbbbb.18@inbox.ru
2026-01-06 21:33:35.518  INFO 10072 --- [http-nio-8080-exec-6] o.e.kortex.users.domain.UserService      : Поиск пользователя с email: aaaaaa.bbbbbb.18@inbox.ru
2026-01-06 21:33:35.593 ERROR 10072 --- [http-nio-8080-exec-6] o.e.kortex.users.domain.AuthService      : Ошибка входа для aaaaaa.bbbbbb.18@inbox.ru: Неверные учетные данные пользователя
2026-01-06 21:33:37.745  INFO 10072 --- [http-nio-8080-exec-8] org.example.kortex.config.JwtFilter      : JWT найден в cookie
2026-01-06 21:33:37.753  INFO 10072 --- [http-nio-8080-exec-8] org.example.kortex.config.JwtFilter      : JWT валиден для email: s5090@inbox.ru, role: ADMIN
2026-01-06 21:33:37.753  INFO 10072 --- [http-nio-8080-exec-8] o.e.kortex.users.domain.UserService      : Поиск пользователя с email: s5090@inbox.ru
2026-01-06 21:33:37.761  INFO 10072 --- [http-nio-8080-exec-8] org.example.kortex.config.JwtFilter      : Аутентификация установлена для: s5090@inbox.ru
2026-01-06 21:33:47.208  INFO 10072 --- [Async-1] o.e.k.users.domain.EmailSenderService    : Сообщение отправлено на регистрацию на почту: aaaaaa.bbbbbb.18@inbox.ru с кодом 749025
2026-01-06 21:33:56.369  WARN 10072 --- [http-nio-8080-exec-8] .w.s.m.s.DefaultHandlerExceptionResolver : Resolved [org.springframework.http.converter.HttpMessageNotReadableException: Required request body is missing: public org.springframework.http.ResponseEntity<?> org.example.kortex.users.api.AuthController.verifyRegistration(org.example.kortex.users.api.dto.auth.VerifyRegisterRequest,javax.servlet.http.HttpServletResponse)]
2026-01-06 21:34:27.641  INFO 10072 --- [http-nio-8080-exec-10] org.example.kortex.config.JwtFilter      : JWT найден в cookie
2026-01-06 21:34:27.645  INFO 10072 --- [http-nio-8080-exec-10] org.example.kortex.config.JwtFilter      : JWT валиден для email: s5090@inbox.ru, role: ADMIN
2026-01-06 21:34:27.646  INFO 10072 --- [http-nio-8080-exec-10] o.e.kortex.users.domain.UserService      : Поиск пользователя с email: s5090@inbox.ru
2026-01-06 21:34:27.649  INFO 10072 --- [http-nio-8080-exec-10] org.example.kortex.config.JwtFilter      : Аутентификация установлена для: s5090@inbox.ru
2026-01-06 21:34:41.083  WARN 10072 --- [http-nio-8080-exec-7] .w.s.m.s.DefaultHandlerExceptionResolver : Resolved [org.springframework.http.converter.HttpMessageNotReadableException: Required request body is missing: public org.springframework.http.ResponseEntity<?> org.example.kortex.users.api.AuthController.verifyRegistration(org.example.kortex.users.api.dto.auth.VerifyRegisterRequest,javax.servlet.http.HttpServletResponse)]
2026-01-06 21:34:43.236  INFO 10072 --- [http-nio-8080-exec-4] org.example.kortex.config.JwtFilter      : JWT найден в cookie
2026-01-06 21:34:43.241  INFO 10072 --- [http-nio-8080-exec-4] org.example.kortex.config.JwtFilter      : JWT валиден для email: s5090@inbox.ru, role: ADMIN
2026-01-06 21:34:43.242  INFO 10072 --- [http-nio-8080-exec-4] o.e.kortex.users.domain.UserService      : Поиск пользователя с email: s5090@inbox.ru
2026-01-06 21:34:43.246  INFO 10072 --- [http-nio-8080-exec-4] org.example.kortex.config.JwtFilter      : Аутентификация установлена для: s5090@inbox.ru
2026-01-06 21:34:50.910  INFO 10072 --- [http-nio-8080-exec-4] org.example.kortex.config.JwtFilter      : JWT найден в cookie
2026-01-06 21:34:50.915  INFO 10072 --- [http-nio-8080-exec-4] org.example.kortex.config.JwtFilter      : JWT валиден для email: s5090@inbox.ru, role: ADMIN
2026-01-06 21:34:50.915  INFO 10072 --- [http-nio-8080-exec-4] o.e.kortex.users.domain.UserService      : Поиск пользователя с email: s5090@inbox.ru
2026-01-06 21:34:50.919  INFO 10072 --- [http-nio-8080-exec-4] org.example.kortex.config.JwtFilter      : Аутентификация установлена для: s5090@inbox.ru
2026-01-06 21:34:57.671  INFO 10072 --- [http-nio-8080-exec-10] o.e.kortex.users.domain.AuthService      : Попытка входа для email=aaaaaa.bbbbbb.18@inbox.ru
2026-01-06 21:34:57.671  INFO 10072 --- [http-nio-8080-exec-3] o.e.kortex.users.domain.AuthService      : Отправка пользователю код на email=aaaaaa.bbbbbb.18@inbox.ru
2026-01-06 21:34:57.671  INFO 10072 --- [http-nio-8080-exec-10] o.e.kortex.users.domain.UserService      : Поиск пользователя с email: aaaaaa.bbbbbb.18@inbox.ru
2026-01-06 21:34:57.671  INFO 10072 --- [http-nio-8080-exec-3] o.e.kortex.users.domain.UserService      : Поиск пользователя с email: aaaaaa.bbbbbb.18@inbox.ru
2026-01-06 21:34:57.680  INFO 10072 --- [Async-2] o.e.k.users.domain.EmailSenderService    : Отпрвавка сообщение на регистрацию на почту: aaaaaa.bbbbbb.18@inbox.ru с кодом 308332
2026-01-06 21:34:57.680  INFO 10072 --- [http-nio-8080-exec-3] o.e.kortex.users.domain.AuthService      : Код подтверждения отправлен на email=aaaaaa.bbbbbb.18@inbox.ru
2026-01-06 21:34:57.740 ERROR 10072 --- [http-nio-8080-exec-10] o.e.kortex.users.domain.AuthService      : Ошибка входа для aaaaaa.bbbbbb.18@inbox.ru: Неверные учетные данные пользователя
2026-01-06 21:34:58.633  INFO 10072 --- [http-nio-8080-exec-9] org.example.kortex.config.JwtFilter      : JWT найден в cookie
2026-01-06 21:34:58.640  INFO 10072 --- [http-nio-8080-exec-9] org.example.kortex.config.JwtFilter      : JWT валиден для email: s5090@inbox.ru, role: ADMIN
2026-01-06 21:34:58.641  INFO 10072 --- [http-nio-8080-exec-9] o.e.kortex.users.domain.UserService      : Поиск пользователя с email: s5090@inbox.ru
2026-01-06 21:34:58.645  INFO 10072 --- [http-nio-8080-exec-9] org.example.kortex.config.JwtFilter      : Аутентификация установлена для: s5090@inbox.ru
2026-01-06 21:35:09.446  INFO 10072 --- [Async-2] o.e.k.users.domain.EmailSenderService    : Сообщение отправлено на регистрацию на почту: aaaaaa.bbbbbb.18@inbox.ru с кодом 308332
2026-01-06 21:35:30.771  WARN 10072 --- [http-nio-8080-exec-9] .w.s.m.s.DefaultHandlerExceptionResolver : Resolved [org.springframework.http.converter.HttpMessageNotReadableException: Required request body is missing: public org.springframework.http.ResponseEntity<?> org.example.kortex.users.api.AuthController.verifyRegistration(org.example.kortex.users.api.dto.auth.VerifyRegisterRequest,javax.servlet.http.HttpServletResponse)]
2026-01-06 21:36:08.131  INFO 10072 --- [http-nio-8080-exec-2] org.example.kortex.config.JwtFilter      : JWT найден в cookie
2026-01-06 21:36:08.136  INFO 10072 --- [http-nio-8080-exec-2] org.example.kortex.config.JwtFilter      : JWT валиден для email: s5090@inbox.ru, role: ADMIN
2026-01-06 21:36:08.136  INFO 10072 --- [http-nio-8080-exec-2] o.e.kortex.users.domain.UserService      : Поиск пользователя с email: s5090@inbox.ru
2026-01-06 21:36:08.148  INFO 10072 --- [http-nio-8080-exec-2] org.example.kortex.config.JwtFilter      : Аутентификация установлена для: s5090@inbox.ru
2026-01-06 21:36:14.909  WARN 10072 --- [http-nio-8080-exec-10] .w.s.m.s.DefaultHandlerExceptionResolver : Resolved [org.springframework.http.converter.HttpMessageNotReadableException: Required request body is missing: public org.springframework.http.ResponseEntity<?> org.example.kortex.users.api.AuthController.verifyRegistration(org.example.kortex.users.api.dto.auth.VerifyRegisterRequest,javax.servlet.http.HttpServletResponse)]
2026-01-06 21:41:45.413  INFO 10072 --- [SpringApplicationShutdownHook] j.LocalContainerEntityManagerFactoryBean : Closing JPA EntityManagerFactory for persistence unit 'default'
2026-01-06 21:41:45.487  INFO 10072 --- [SpringApplicationShutdownHook] com.zaxxer.hikari.HikariDataSource       : HikariPool-1 - Shutdown initiated...
2026-01-06 21:41:45.524  INFO 10072 --- [SpringApplicationShutdownHook] com.zaxxer.hikari.HikariDataSource       : HikariPool-1 - Shutdown completed.
2026-01-06 21:41:49.491  INFO 18208 --- [main] org.example.kortex.KortexApplication     : Starting KortexApplication using Java 21.0.1 on DESKTOP-4APF200 with PID 18208 (C:\java Ultimate\Kortex\target\classes started by 7 in C:\java Ultimate\Kortex)
2026-01-06 21:41:49.493  INFO 18208 --- [main] org.example.kortex.KortexApplication     : No active profile set, falling back to 1 default profile: "default"
2026-01-06 21:41:51.029  INFO 18208 --- [main] .s.d.r.c.RepositoryConfigurationDelegate : Bootstrapping Spring Data JPA repositories in DEFAULT mode.
2026-01-06 21:41:51.152  INFO 18208 --- [main] .s.d.r.c.RepositoryConfigurationDelegate : Finished Spring Data repository scanning in 110 ms. Found 7 JPA repository interfaces.
2026-01-06 21:41:51.737  INFO 18208 --- [main] o.s.b.w.embedded.tomcat.TomcatWebServer  : Tomcat initialized with port(s): 8080 (http)
2026-01-06 21:41:51.745  INFO 18208 --- [main] o.apache.catalina.core.StandardService   : Starting service [Tomcat]
2026-01-06 21:41:51.745  INFO 18208 --- [main] org.apache.catalina.core.StandardEngine  : Starting Servlet engine: [Apache Tomcat/9.0.73]
2026-01-06 21:41:51.856  INFO 18208 --- [main] o.a.c.c.C.[Tomcat].[localhost].[/]       : Initializing Spring embedded WebApplicationContext
2026-01-06 21:41:51.857  INFO 18208 --- [main] w.s.c.ServletWebServerApplicationContext : Root WebApplicationContext: initialization completed in 1943 ms
2026-01-06 21:41:52.224  INFO 18208 --- [main] o.hibernate.jpa.internal.util.LogHelper  : HHH000204: Processing PersistenceUnitInfo [name: default]
2026-01-06 21:41:52.323  INFO 18208 --- [main] org.hibernate.Version                    : HHH000412: Hibernate ORM core version 5.6.15.Final
2026-01-06 21:41:52.589  INFO 18208 --- [main] o.hibernate.annotations.common.Version   : HCANN000001: Hibernate Commons Annotations {5.1.2.Final}
2026-01-06 21:41:52.683  INFO 18208 --- [main] com.zaxxer.hikari.HikariDataSource       : HikariPool-1 - Starting...
2026-01-06 21:41:53.016  INFO 18208 --- [main] com.zaxxer.hikari.HikariDataSource       : HikariPool-1 - Start completed.
2026-01-06 21:41:53.044  INFO 18208 --- [main] org.hibernate.dialect.Dialect            : HHH000400: Using dialect: org.hibernate.dialect.PostgreSQLDialect
2026-01-06 21:41:53.936  INFO 18208 --- [main] o.h.e.t.j.p.i.JtaPlatformInitiator       : HHH000490: Using JtaPlatform implementation: [org.hibernate.engine.transaction.jta.platform.internal.NoJtaPlatform]
2026-01-06 21:41:53.949  INFO 18208 --- [main] j.LocalContainerEntityManagerFactoryBean : Initialized JPA EntityManagerFactory for persistence unit 'default'
2026-01-06 21:41:54.294  INFO 18208 --- [main] o.s.aop.framework.CglibAopProxy          : Unable to proxy interface-implementing method [public final void org.springframework.web.filter.OncePerRequestFilter.doFilter(javax.servlet.ServletRequest,javax.servlet.ServletResponse,javax.servlet.FilterChain) throws javax.servlet.ServletException,java.io.IOException] because it is marked as final: Consider using interface-based JDK proxies instead!
2026-01-06 21:41:54.294  INFO 18208 --- [main] o.s.aop.framework.CglibAopProxy          : Unable to proxy interface-implementing method [public final void org.springframework.web.filter.GenericFilterBean.init(javax.servlet.FilterConfig) throws javax.servlet.ServletException] because it is marked as final: Consider using interface-based JDK proxies instead!
2026-01-06 21:41:54.784  INFO 18208 --- [main] o.s.s.web.DefaultSecurityFilterChain     : Will secure any request with [org.springframework.security.web.session.DisableEncodeUrlFilter@79d3c655, org.springframework.security.web.context.request.async.WebAsyncManagerIntegrationFilter@42ea14b8, org.springframework.security.web.context.SecurityContextPersistenceFilter@5b16e486, org.springframework.security.web.header.HeaderWriterFilter@47cf65f1, org.springframework.security.web.authentication.logout.LogoutFilter@4f3e65f4, org.example.kortex.config.JwtFilter@3741071d, org.springframework.security.web.savedrequest.RequestCacheAwareFilter@2bf45b7c, org.springframework.security.web.servletapi.SecurityContextHolderAwareRequestFilter@2559f65c, org.springframework.security.web.authentication.AnonymousAuthenticationFilter@3ce2c5f6, org.springframework.security.web.session.SessionManagementFilter@1bed61d2, org.springframework.security.web.access.ExceptionTranslationFilter@2fa4888c, org.springframework.security.web.access.intercept.FilterSecurityInterceptor@6e53bb4f]
2026-01-06 21:41:55.447  INFO 18208 --- [main] o.s.b.a.e.web.EndpointLinksResolver      : Exposing 1 endpoint(s) beneath base path '/actuator'
2026-01-06 21:41:55.504  INFO 18208 --- [main] o.s.b.w.embedded.tomcat.TomcatWebServer  : Tomcat started on port(s): 8080 (http) with context path ''
2026-01-06 21:41:55.516  INFO 18208 --- [main] org.example.kortex.KortexApplication     : Started KortexApplication in 6.597 seconds (JVM running for 7.603)
2026-01-06 21:41:55.679  INFO 18208 --- [RMI TCP Connection(2)-26.93.201.44] o.a.c.c.C.[Tomcat].[localhost].[/]       : Initializing Spring DispatcherServlet 'dispatcherServlet'
2026-01-06 21:41:55.679  INFO 18208 --- [RMI TCP Connection(2)-26.93.201.44] o.s.web.servlet.DispatcherServlet        : Initializing Servlet 'dispatcherServlet'
2026-01-06 21:41:55.682  INFO 18208 --- [RMI TCP Connection(2)-26.93.201.44] o.s.web.servlet.DispatcherServlet        : Completed initialization in 2 ms
2026-01-06 21:41:58.986  INFO 18208 --- [http-nio-8080-exec-1] org.example.kortex.config.JwtFilter      : JWT токен не найден в запросе
2026-01-06 21:41:59.217  INFO 18208 --- [http-nio-8080-exec-10] org.example.kortex.config.JwtFilter      : JWT токен не найден в запросе
2026-01-06 21:42:04.873  INFO 18208 --- [http-nio-8080-exec-2] o.e.kortex.users.domain.AuthService      : Отправка пользователю код на email=aaaaaa.bbbbbb.18@inbox.ru
2026-01-06 21:42:04.873  INFO 18208 --- [http-nio-8080-exec-1] o.e.kortex.users.domain.AuthService      : Попытка входа для email=aaaaaa.bbbbbb.18@inbox.ru
2026-01-06 21:42:04.880  INFO 18208 --- [http-nio-8080-exec-2] o.e.kortex.users.domain.UserService      : Поиск пользователя с email: aaaaaa.bbbbbb.18@inbox.ru
2026-01-06 21:42:04.926  INFO 18208 --- [Async-1] o.e.k.users.domain.EmailSenderService    : Отпрвавка сообщение на регистрацию на почту: aaaaaa.bbbbbb.18@inbox.ru с кодом 453992
2026-01-06 21:42:04.926  INFO 18208 --- [http-nio-8080-exec-2] o.e.kortex.users.domain.AuthService      : Код подтверждения отправлен на email=aaaaaa.bbbbbb.18@inbox.ru
2026-01-06 21:42:04.946  INFO 18208 --- [http-nio-8080-exec-1] o.e.kortex.users.domain.UserService      : Поиск пользователя с email: aaaaaa.bbbbbb.18@inbox.ru
2026-01-06 21:42:05.018 ERROR 18208 --- [http-nio-8080-exec-1] o.e.kortex.users.domain.AuthService      : Ошибка входа для aaaaaa.bbbbbb.18@inbox.ru: Неверные учетные данные пользователя
2026-01-06 21:42:06.987  INFO 18208 --- [http-nio-8080-exec-5] org.example.kortex.config.JwtFilter      : JWT токен не найден в запросе
2026-01-06 21:42:07.948  INFO 18208 --- [http-nio-8080-exec-5] org.example.kortex.config.JwtFilter      : JWT токен не найден в запросе
2026-01-06 21:42:16.565  INFO 18208 --- [Async-1] o.e.k.users.domain.EmailSenderService    : Сообщение отправлено на регистрацию на почту: aaaaaa.bbbbbb.18@inbox.ru с кодом 453992
2026-01-06 21:42:23.096  INFO 18208 --- [http-nio-8080-exec-3] o.e.kortex.users.domain.AuthService      : verify пользователя 453992
2026-01-06 21:42:23.134  INFO 18208 --- [http-nio-8080-exec-3] o.e.kortex.users.domain.AuthService      : Ошибка при подтверждении: Cannot invoke "Object.hashCode()" because "key" is null
2026-01-06 21:42:24.863  INFO 18208 --- [http-nio-8080-exec-7] org.example.kortex.config.JwtFilter      : JWT токен не найден в запросе
2026-01-06 21:42:24.926  INFO 18208 --- [http-nio-8080-exec-3] org.example.kortex.config.JwtFilter      : JWT токен не найден в запросе
2026-01-06 21:42:24.931  INFO 18208 --- [http-nio-8080-exec-3] o.e.k.products.api.ProductController     : Асинхронный запрос товаров: category=null, query=null, page=0, size=12
2026-01-06 21:42:24.944  INFO 18208 --- [http-nio-8080-exec-7] org.example.kortex.config.JwtFilter      : JWT токен не найден в запросе
2026-01-06 21:42:24.938  INFO 18208 --- [Async-2] o.e.k.products.domain.ProductService     : Запрос на выдачу всех товаров с фильром: ProductSearchFilter[category=null, query=null, pageSize=12, pageNumber=0]
2026-01-06 21:42:25.036  INFO 18208 --- [Async-2] o.e.k.products.domain.ProductService     : Поиск завершен за 79 мс, найдено: 1 товаров
2026-01-06 21:42:25.036  INFO 18208 --- [Async-2] o.e.k.products.domain.ProductService     : Выдача всех товаров с фильтром: ProductSearchFilter[category=null, query=null, pageSize=12, pageNumber=0]
2026-01-06 21:42:25.072  INFO 18208 --- [http-nio-8080-exec-4] org.example.kortex.config.JwtFilter      : JWT токен не найден в запросе
2026-01-06 21:42:32.985  INFO 18208 --- [http-nio-8080-exec-8] org.example.kortex.config.JwtFilter      : JWT токен не найден в запросе
2026-01-06 21:42:33.010  INFO 18208 --- [http-nio-8080-exec-10] org.example.kortex.config.JwtFilter      : JWT токен не найден в запросе
2026-01-06 21:42:46.593  INFO 18208 --- [http-nio-8080-exec-8] org.example.kortex.config.JwtFilter      : JWT токен не найден в запросе
2026-01-06 21:43:02.868  INFO 18208 --- [http-nio-8080-exec-8] o.e.kortex.users.domain.AuthService      : Отправка пользователю код на email=test@inbox.ru
2026-01-06 21:43:02.868  INFO 18208 --- [http-nio-8080-exec-4] o.e.kortex.users.domain.AuthService      : Попытка входа для email=test@inbox.ru
2026-01-06 21:43:02.869  INFO 18208 --- [http-nio-8080-exec-8] o.e.kortex.users.domain.UserService      : Поиск пользователя с email: test@inbox.ru
2026-01-06 21:43:02.869  INFO 18208 --- [http-nio-8080-exec-4] o.e.kortex.users.domain.UserService      : Поиск пользователя с email: test@inbox.ru
2026-01-06 21:43:02.879  INFO 18208 --- [http-nio-8080-exec-8] o.e.kortex.users.domain.AuthService      : Пользователь с таким email уже существует
2026-01-06 21:43:02.948  INFO 18208 --- [http-nio-8080-exec-4] o.e.kortex.users.domain.UserService      : Поиск пользователя с email: test@inbox.ru
2026-01-06 21:43:02.978  INFO 18208 --- [http-nio-8080-exec-4] o.e.kortex.users.domain.AuthService      : Пользователь вошел: test@inbox.ru, ID=5
2026-01-06 21:43:04.653  INFO 18208 --- [http-nio-8080-exec-3] org.example.kortex.config.JwtFilter      : JWT найден в cookie
2026-01-06 21:43:04.680  INFO 18208 --- [http-nio-8080-exec-3] org.example.kortex.config.JwtFilter      : JWT валиден для email: test@inbox.ru, role: USER
2026-01-06 21:43:04.680  INFO 18208 --- [http-nio-8080-exec-3] o.e.kortex.users.domain.UserService      : Поиск пользователя с email: test@inbox.ru
2026-01-06 21:43:04.684  INFO 18208 --- [http-nio-8080-exec-3] org.example.kortex.config.JwtFilter      : Аутентификация установлена для: test@inbox.ru
2026-01-06 21:43:26.923  INFO 18208 --- [http-nio-8080-exec-5] org.example.kortex.config.JwtFilter      : JWT найден в cookie
2026-01-06 21:43:26.932  INFO 18208 --- [http-nio-8080-exec-5] org.example.kortex.config.JwtFilter      : JWT валиден для email: test@inbox.ru, role: USER
2026-01-06 21:43:26.932  INFO 18208 --- [http-nio-8080-exec-5] o.e.kortex.users.domain.UserService      : Поиск пользователя с email: test@inbox.ru
2026-01-06 21:43:26.937  INFO 18208 --- [http-nio-8080-exec-5] org.example.kortex.config.JwtFilter      : Аутентификация установлена для: test@inbox.ru
2026-01-06 21:43:38.276  INFO 18208 --- [http-nio-8080-exec-2] org.example.kortex.config.JwtFilter      : JWT найден в cookie
2026-01-06 21:43:38.285  INFO 18208 --- [http-nio-8080-exec-2] org.example.kortex.config.JwtFilter      : JWT валиден для email: test@inbox.ru, role: USER
2026-01-06 21:43:38.286  INFO 18208 --- [http-nio-8080-exec-2] o.e.kortex.users.domain.UserService      : Поиск пользователя с email: test@inbox.ru
2026-01-06 21:43:38.290  INFO 18208 --- [http-nio-8080-exec-2] org.example.kortex.config.JwtFilter      : Аутентификация установлена для: test@inbox.ru
2026-01-06 21:43:38.380  INFO 18208 --- [http-nio-8080-exec-6] org.example.kortex.config.JwtFilter      : JWT найден в cookie
2026-01-06 21:43:38.387  INFO 18208 --- [http-nio-8080-exec-10] org.example.kortex.config.JwtFilter      : JWT найден в cookie
2026-01-06 21:43:38.396  INFO 18208 --- [http-nio-8080-exec-10] org.example.kortex.config.JwtFilter      : JWT валиден для email: test@inbox.ru, role: USER
2026-01-06 21:43:38.397  INFO 18208 --- [http-nio-8080-exec-10] o.e.kortex.users.domain.UserService      : Поиск пользователя с email: test@inbox.ru
2026-01-06 21:43:38.398  INFO 18208 --- [http-nio-8080-exec-6] org.example.kortex.config.JwtFilter      : JWT валиден для email: test@inbox.ru, role: USER
2026-01-06 21:43:38.399  INFO 18208 --- [http-nio-8080-exec-6] o.e.kortex.users.domain.UserService      : Поиск пользователя с email: test@inbox.ru
2026-01-06 21:43:38.403  INFO 18208 --- [http-nio-8080-exec-10] org.example.kortex.config.JwtFilter      : Аутентификация установлена для: test@inbox.ru
2026-01-06 21:43:38.404  INFO 18208 --- [http-nio-8080-exec-6] org.example.kortex.config.JwtFilter      : Аутентификация установлена для: test@inbox.ru
2026-01-06 21:43:38.426  INFO 18208 --- [http-nio-8080-exec-4] org.example.kortex.config.JwtFilter      : JWT найден в cookie
2026-01-06 21:43:38.433  INFO 18208 --- [http-nio-8080-exec-7] org.example.kortex.config.JwtFilter      : JWT найден в cookie
2026-01-06 21:43:38.438  INFO 18208 --- [http-nio-8080-exec-4] org.example.kortex.config.JwtFilter      : JWT валиден для email: test@inbox.ru, role: USER
2026-01-06 21:43:38.439  INFO 18208 --- [http-nio-8080-exec-4] o.e.kortex.users.domain.UserService      : Поиск пользователя с email: test@inbox.ru
2026-01-06 21:43:38.445  INFO 18208 --- [http-nio-8080-exec-7] org.example.kortex.config.JwtFilter      : JWT валиден для email: test@inbox.ru, role: USER
2026-01-06 21:43:38.446  INFO 18208 --- [http-nio-8080-exec-7] o.e.kortex.users.domain.UserService      : Поиск пользователя с email: test@inbox.ru
2026-01-06 21:43:38.446  INFO 18208 --- [http-nio-8080-exec-4] org.example.kortex.config.JwtFilter      : Аутентификация установлена для: test@inbox.ru
2026-01-06 21:43:38.450  INFO 18208 --- [http-nio-8080-exec-7] org.example.kortex.config.JwtFilter      : Аутентификация установлена для: test@inbox.ru
2026-01-06 21:48:40.530  INFO 18208 --- [SpringApplicationShutdownHook] j.LocalContainerEntityManagerFactoryBean : Closing JPA EntityManagerFactory for persistence unit 'default'
2026-01-06 21:48:40.650  INFO 18208 --- [SpringApplicationShutdownHook] com.zaxxer.hikari.HikariDataSource       : HikariPool-1 - Shutdown initiated...
2026-01-06 21:48:40.672  INFO 18208 --- [SpringApplicationShutdownHook] com.zaxxer.hikari.HikariDataSource       : HikariPool-1 - Shutdown completed.
2026-01-06 21:48:50.657  INFO 24452 --- [main] org.example.kortex.KortexApplication     : Starting KortexApplication using Java 21.0.1 on DESKTOP-4APF200 with PID 24452 (C:\java Ultimate\Kortex\target\classes started by 7 in C:\java Ultimate\Kortex)
2026-01-06 21:48:50.660  INFO 24452 --- [main] org.example.kortex.KortexApplication     : No active profile set, falling back to 1 default profile: "default"
2026-01-06 21:48:51.800  INFO 24452 --- [main] .s.d.r.c.RepositoryConfigurationDelegate : Bootstrapping Spring Data JPA repositories in DEFAULT mode.
2026-01-06 21:48:51.891  INFO 24452 --- [main] .s.d.r.c.RepositoryConfigurationDelegate : Finished Spring Data repository scanning in 80 ms. Found 7 JPA repository interfaces.
2026-01-06 21:48:52.406  INFO 24452 --- [main] o.s.b.w.embedded.tomcat.TomcatWebServer  : Tomcat initialized with port(s): 8080 (http)
2026-01-06 21:48:52.415  INFO 24452 --- [main] o.apache.catalina.core.StandardService   : Starting service [Tomcat]
2026-01-06 21:48:52.416  INFO 24452 --- [main] org.apache.catalina.core.StandardEngine  : Starting Servlet engine: [Apache Tomcat/9.0.73]
2026-01-06 21:48:52.525  INFO 24452 --- [main] o.a.c.c.C.[Tomcat].[localhost].[/]       : Initializing Spring embedded WebApplicationContext
2026-01-06 21:48:52.525  INFO 24452 --- [main] w.s.c.ServletWebServerApplicationContext : Root WebApplicationContext: initialization completed in 1801 ms
2026-01-06 21:48:52.968  INFO 24452 --- [main] o.hibernate.jpa.internal.util.LogHelper  : HHH000204: Processing PersistenceUnitInfo [name: default]
2026-01-06 21:48:53.031  INFO 24452 --- [main] org.hibernate.Version                    : HHH000412: Hibernate ORM core version 5.6.15.Final
2026-01-06 21:48:53.182  INFO 24452 --- [main] o.hibernate.annotations.common.Version   : HCANN000001: Hibernate Commons Annotations {5.1.2.Final}
2026-01-06 21:48:53.275  INFO 24452 --- [main] com.zaxxer.hikari.HikariDataSource       : HikariPool-1 - Starting...
2026-01-06 21:48:53.451  INFO 24452 --- [main] com.zaxxer.hikari.HikariDataSource       : HikariPool-1 - Start completed.
2026-01-06 21:48:53.470  INFO 24452 --- [main] org.hibernate.dialect.Dialect            : HHH000400: Using dialect: org.hibernate.dialect.PostgreSQLDialect
2026-01-06 21:48:54.315  INFO 24452 --- [main] o.h.e.t.j.p.i.JtaPlatformInitiator       : HHH000490: Using JtaPlatform implementation: [org.hibernate.engine.transaction.jta.platform.internal.NoJtaPlatform]
2026-01-06 21:48:54.326  INFO 24452 --- [main] j.LocalContainerEntityManagerFactoryBean : Initialized JPA EntityManagerFactory for persistence unit 'default'
2026-01-06 21:48:54.675  INFO 24452 --- [main] o.s.aop.framework.CglibAopProxy          : Unable to proxy interface-implementing method [public final void org.springframework.web.filter.OncePerRequestFilter.doFilter(javax.servlet.ServletRequest,javax.servlet.ServletResponse,javax.servlet.FilterChain) throws javax.servlet.ServletException,java.io.IOException] because it is marked as final: Consider using interface-based JDK proxies instead!
2026-01-06 21:48:54.676  INFO 24452 --- [main] o.s.aop.framework.CglibAopProxy          : Unable to proxy interface-implementing method [public final void org.springframework.web.filter.GenericFilterBean.init(javax.servlet.FilterConfig) throws javax.servlet.ServletException] because it is marked as final: Consider using interface-based JDK proxies instead!
2026-01-06 21:48:55.197  INFO 24452 --- [main] o.s.s.web.DefaultSecurityFilterChain     : Will secure any request with [org.springframework.security.web.session.DisableEncodeUrlFilter@71c74011, org.springframework.security.web.context.request.async.WebAsyncManagerIntegrationFilter@1d884a19, org.springframework.security.web.context.SecurityContextPersistenceFilter@121f9c52, org.springframework.security.web.header.HeaderWriterFilter@11896af6, org.springframework.security.web.authentication.logout.LogoutFilter@7d3a2459, org.example.kortex.config.JwtFilter@634d3439, org.springframework.security.web.savedrequest.RequestCacheAwareFilter@156f0281, org.springframework.security.web.servletapi.SecurityContextHolderAwareRequestFilter@1e041848, org.springframework.security.web.authentication.AnonymousAuthenticationFilter@188058fb, org.springframework.security.web.session.SessionManagementFilter@79f59e0e, org.springframework.security.web.access.ExceptionTranslationFilter@3f5f79d8, org.springframework.security.web.access.intercept.FilterSecurityInterceptor@53a3fc8b]
2026-01-06 21:48:55.720  INFO 24452 --- [main] o.s.b.a.e.web.EndpointLinksResolver      : Exposing 1 endpoint(s) beneath base path '/actuator'
2026-01-06 21:48:55.797  INFO 24452 --- [main] o.s.b.w.embedded.tomcat.TomcatWebServer  : Tomcat started on port(s): 8080 (http) with context path ''
2026-01-06 21:48:55.808  INFO 24452 --- [main] org.example.kortex.KortexApplication     : Started KortexApplication in 5.661 seconds (JVM running for 6.548)
2026-01-06 21:48:56.125  INFO 24452 --- [RMI TCP Connection(2)-26.93.201.44] o.a.c.c.C.[Tomcat].[localhost].[/]       : Initializing Spring DispatcherServlet 'dispatcherServlet'
2026-01-06 21:48:56.126  INFO 24452 --- [RMI TCP Connection(2)-26.93.201.44] o.s.web.servlet.DispatcherServlet        : Initializing Servlet 'dispatcherServlet'
2026-01-06 21:48:56.128  INFO 24452 --- [RMI TCP Connection(2)-26.93.201.44] o.s.web.servlet.DispatcherServlet        : Completed initialization in 2 ms
2026-01-06 21:49:00.879  INFO 24452 --- [http-nio-8080-exec-1] org.example.kortex.config.JwtFilter      : JWT токен не найден в запросе
2026-01-06 21:49:01.118  INFO 24452 --- [http-nio-8080-exec-10] org.example.kortex.config.JwtFilter      : JWT токен не найден в запросе
2026-01-06 21:49:03.319  INFO 24452 --- [http-nio-8080-exec-1] org.example.kortex.config.JwtFilter      : JWT токен не найден в запросе
2026-01-06 21:49:03.461  INFO 24452 --- [http-nio-8080-exec-10] org.example.kortex.config.JwtFilter      : JWT токен не найден в запросе
2026-01-06 21:49:25.656  INFO 24452 --- [http-nio-8080-exec-2] o.e.kortex.users.domain.AuthService      : Отправка пользователю код на email=auth@test.ru
2026-01-06 21:49:25.657  INFO 24452 --- [http-nio-8080-exec-1] o.e.kortex.users.domain.AuthService      : Попытка входа для email=auth@test.ru
2026-01-06 21:49:25.664  INFO 24452 --- [http-nio-8080-exec-2] o.e.kortex.users.domain.UserService      : Поиск пользователя с email: auth@test.ru
2026-01-06 21:49:25.715  INFO 24452 --- [http-nio-8080-exec-2] o.e.kortex.users.domain.AuthService      : Код подтверждения отправлен на email=auth@test.ru
2026-01-06 21:49:25.715  INFO 24452 --- [Async-1] o.e.k.users.domain.EmailSenderService    : Отпрвавка сообщение на регистрацию на почту: auth@test.ru с кодом 163431
2026-01-06 21:49:25.737  INFO 24452 --- [http-nio-8080-exec-1] o.e.kortex.users.domain.UserService      : Поиск пользователя с email: auth@test.ru
2026-01-06 21:49:25.812 ERROR 24452 --- [http-nio-8080-exec-1] o.e.kortex.users.domain.AuthService      : Ошибка входа для auth@test.ru: Неверные учетные данные пользователя
2026-01-06 21:49:27.070  INFO 24452 --- [http-nio-8080-exec-7] org.example.kortex.config.JwtFilter      : JWT токен не найден в запросе
2026-01-06 21:49:28.223  INFO 24452 --- [http-nio-8080-exec-1] org.example.kortex.config.JwtFilter      : JWT токен не найден в запросе
2026-01-06 21:49:37.678  INFO 24452 --- [Async-1] o.e.k.users.domain.EmailSenderService    : Сообщение отправлено на регистрацию на почту: auth@test.ru с кодом 163431
2026-01-06 21:49:50.840  INFO 24452 --- [http-nio-8080-exec-6] o.e.kortex.users.domain.AuthService      : verify пользователя 163431
2026-01-06 21:49:50.844  INFO 24452 --- [http-nio-8080-exec-6] o.e.kortex.users.domain.AuthService      : Ошибка при подтверждении: Cannot invoke "Object.hashCode()" because "key" is null
2026-01-06 21:49:52.602  INFO 24452 --- [http-nio-8080-exec-4] org.example.kortex.config.JwtFilter      : JWT токен не найден в запросе
2026-01-06 21:49:52.660  INFO 24452 --- [http-nio-8080-exec-6] org.example.kortex.config.JwtFilter      : JWT токен не найден в запросе
2026-01-06 21:49:52.664  INFO 24452 --- [http-nio-8080-exec-6] o.e.k.products.api.ProductController     : Асинхронный запрос товаров: category=null, query=null, page=0, size=12
2026-01-06 21:49:52.678  INFO 24452 --- [http-nio-8080-exec-4] org.example.kortex.config.JwtFilter      : JWT токен не найден в запросе
2026-01-06 21:49:52.695  INFO 24452 --- [Async-2] o.e.k.products.domain.ProductService     : Запрос на выдачу всех товаров с фильром: ProductSearchFilter[category=null, query=null, pageSize=12, pageNumber=0]
2026-01-06 21:49:52.782  INFO 24452 --- [Async-2] o.e.k.products.domain.ProductService     : Поиск завершен за 74 мс, найдено: 1 товаров
2026-01-06 21:49:52.782  INFO 24452 --- [Async-2] o.e.k.products.domain.ProductService     : Выдача всех товаров с фильтром: ProductSearchFilter[category=null, query=null, pageSize=12, pageNumber=0]
2026-01-06 21:49:52.821  INFO 24452 --- [http-nio-8080-exec-9] org.example.kortex.config.JwtFilter      : JWT токен не найден в запросе
2026-01-06 21:49:54.154  INFO 24452 --- [http-nio-8080-exec-5] org.example.kortex.config.JwtFilter      : JWT токен не найден в запросе
2026-01-06 21:49:54.172  INFO 24452 --- [http-nio-8080-exec-3] org.example.kortex.config.JwtFilter      : JWT токен не найден в запросе
2026-01-06 21:49:54.262  INFO 24452 --- [http-nio-8080-exec-5] org.example.kortex.config.JwtFilter      : JWT токен не найден в запросе
2026-01-06 21:51:33.709  INFO 24452 --- [http-nio-8080-exec-6] org.example.kortex.config.JwtFilter      : JWT токен не найден в запросе
2026-01-06 21:51:33.719  INFO 24452 --- [http-nio-8080-exec-9] org.example.kortex.config.JwtFilter      : JWT токен не найден в запросе
2026-01-06 21:51:33.798  INFO 24452 --- [http-nio-8080-exec-6] org.example.kortex.config.JwtFilter      : JWT токен не найден в запросе
2026-01-06 21:51:35.207  INFO 24452 --- [http-nio-8080-exec-9] org.example.kortex.config.JwtFilter      : JWT токен не найден в запросе
2026-01-06 21:51:35.219  INFO 24452 --- [http-nio-8080-exec-8] org.example.kortex.config.JwtFilter      : JWT токен не найден в запросе
2026-01-06 21:51:35.295  INFO 24452 --- [http-nio-8080-exec-9] org.example.kortex.config.JwtFilter      : JWT токен не найден в запросе
2026-01-06 21:51:39.866  INFO 24452 --- [http-nio-8080-exec-5] o.e.kortex.users.domain.AuthService      : Попытка входа для email=s5090@inbox.ru
2026-01-06 21:51:39.867  INFO 24452 --- [http-nio-8080-exec-5] o.e.kortex.users.domain.UserService      : Поиск пользователя с email: s5090@inbox.ru
2026-01-06 21:51:39.871  WARN 24452 --- [http-nio-8080-exec-8] .w.s.m.s.DefaultHandlerExceptionResolver : Resolved [org.springframework.web.HttpMediaTypeNotSupportedException: Content type 'application/x-www-form-urlencoded;charset=UTF-8' not supported]
2026-01-06 21:51:39.953  INFO 24452 --- [http-nio-8080-exec-5] o.e.kortex.users.domain.UserService      : Поиск пользователя с email: s5090@inbox.ru
2026-01-06 21:51:39.997  INFO 24452 --- [http-nio-8080-exec-5] o.e.kortex.users.domain.AuthService      : Пользователь вошел: s5090@inbox.ru, ID=1
2026-01-06 21:51:43.775  INFO 24452 --- [http-nio-8080-exec-2] org.example.kortex.config.JwtFilter      : JWT найден в cookie
2026-01-06 21:51:43.801  INFO 24452 --- [http-nio-8080-exec-2] org.example.kortex.config.JwtFilter      : JWT валиден для email: s5090@inbox.ru, role: ADMIN
2026-01-06 21:51:43.801  INFO 24452 --- [http-nio-8080-exec-2] o.e.kortex.users.domain.UserService      : Поиск пользователя с email: s5090@inbox.ru
2026-01-06 21:51:43.804  INFO 24452 --- [http-nio-8080-exec-2] org.example.kortex.config.JwtFilter      : Аутентификация установлена для: s5090@inbox.ru
2026-01-06 21:51:43.856  INFO 24452 --- [http-nio-8080-exec-5] org.example.kortex.config.JwtFilter      : JWT найден в cookie
2026-01-06 21:51:43.901  INFO 24452 --- [http-nio-8080-exec-5] org.example.kortex.config.JwtFilter      : JWT валиден для email: s5090@inbox.ru, role: ADMIN
2026-01-06 21:51:43.902  INFO 24452 --- [http-nio-8080-exec-5] o.e.kortex.users.domain.UserService      : Поиск пользователя с email: s5090@inbox.ru
2026-01-06 21:51:43.908  INFO 24452 --- [http-nio-8080-exec-5] org.example.kortex.config.JwtFilter      : Аутентификация установлена для: s5090@inbox.ru
2026-01-06 21:51:43.911  INFO 24452 --- [http-nio-8080-exec-5] o.e.k.products.api.ProductController     : Асинхронный запрос товаров: category=null, query=null, page=0, size=12
2026-01-06 21:51:43.913  INFO 24452 --- [Async-3] o.e.k.products.domain.ProductService     : Запрос на выдачу всех товаров с фильром: ProductSearchFilter[category=null, query=null, pageSize=12, pageNumber=0]
2026-01-06 21:51:43.921  INFO 24452 --- [Async-3] o.e.k.products.domain.ProductService     : Поиск завершен за 8 мс, найдено: 1 товаров
2026-01-06 21:51:43.922  INFO 24452 --- [Async-3] o.e.k.products.domain.ProductService     : Выдача всех товаров с фильтром: ProductSearchFilter[category=null, query=null, pageSize=12, pageNumber=0]
2026-01-06 21:51:43.924  INFO 24452 --- [http-nio-8080-exec-2] org.example.kortex.config.JwtFilter      : JWT найден в cookie
2026-01-06 21:51:43.930  INFO 24452 --- [http-nio-8080-exec-2] org.example.kortex.config.JwtFilter      : JWT валиден для email: s5090@inbox.ru, role: ADMIN
2026-01-06 21:51:43.931  INFO 24452 --- [http-nio-8080-exec-2] o.e.kortex.users.domain.UserService      : Поиск пользователя с email: s5090@inbox.ru
2026-01-06 21:51:43.931  INFO 24452 --- [http-nio-8080-exec-4] org.example.kortex.config.JwtFilter      : JWT найден в cookie
2026-01-06 21:51:43.934  INFO 24452 --- [http-nio-8080-exec-2] org.example.kortex.config.JwtFilter      : Аутентификация установлена для: s5090@inbox.ru
2026-01-06 21:51:43.937  INFO 24452 --- [http-nio-8080-exec-4] org.example.kortex.config.JwtFilter      : JWT валиден для email: s5090@inbox.ru, role: ADMIN
2026-01-06 21:51:43.938  INFO 24452 --- [http-nio-8080-exec-4] o.e.kortex.users.domain.UserService      : Поиск пользователя с email: s5090@inbox.ru
2026-01-06 21:51:43.944  INFO 24452 --- [http-nio-8080-exec-4] org.example.kortex.config.JwtFilter      : Аутентификация установлена для: s5090@inbox.ru
2026-01-06 21:51:45.512  INFO 24452 --- [http-nio-8080-exec-1] org.example.kortex.config.JwtFilter      : JWT найден в cookie
2026-01-06 21:51:45.520  INFO 24452 --- [http-nio-8080-exec-1] org.example.kortex.config.JwtFilter      : JWT валиден для email: s5090@inbox.ru, role: ADMIN
2026-01-06 21:51:45.520  INFO 24452 --- [http-nio-8080-exec-1] o.e.kortex.users.domain.UserService      : Поиск пользователя с email: s5090@inbox.ru
2026-01-06 21:51:45.525  INFO 24452 --- [http-nio-8080-exec-1] org.example.kortex.config.JwtFilter      : Аутентификация установлена для: s5090@inbox.ru
2026-01-06 21:51:45.614  INFO 24452 --- [http-nio-8080-exec-3] org.example.kortex.config.JwtFilter      : JWT найден в cookie
2026-01-06 21:51:45.618  INFO 24452 --- [http-nio-8080-exec-10] org.example.kortex.config.JwtFilter      : JWT найден в cookie
2026-01-06 21:51:45.627  INFO 24452 --- [http-nio-8080-exec-3] org.example.kortex.config.JwtFilter      : JWT валиден для email: s5090@inbox.ru, role: ADMIN
2026-01-06 21:51:45.627  INFO 24452 --- [http-nio-8080-exec-3] o.e.kortex.users.domain.UserService      : Поиск пользователя с email: s5090@inbox.ru
2026-01-06 21:51:45.635  INFO 24452 --- [http-nio-8080-exec-3] org.example.kortex.config.JwtFilter      : Аутентификация установлена для: s5090@inbox.ru
2026-01-06 21:51:45.636  INFO 24452 --- [http-nio-8080-exec-10] org.example.kortex.config.JwtFilter      : JWT валиден для email: s5090@inbox.ru, role: ADMIN
2026-01-06 21:51:45.637  INFO 24452 --- [http-nio-8080-exec-10] o.e.kortex.users.domain.UserService      : Поиск пользователя с email: s5090@inbox.ru
2026-01-06 21:51:45.646  INFO 24452 --- [http-nio-8080-exec-10] org.example.kortex.config.JwtFilter      : Аутентификация установлена для: s5090@inbox.ru
2026-01-06 21:51:45.649  INFO 24452 --- [http-nio-8080-exec-8] org.example.kortex.config.JwtFilter      : JWT найден в cookie
2026-01-06 21:51:45.661  INFO 24452 --- [http-nio-8080-exec-8] org.example.kortex.config.JwtFilter      : JWT валиден для email: s5090@inbox.ru, role: ADMIN
2026-01-06 21:51:45.661  INFO 24452 --- [http-nio-8080-exec-8] o.e.kortex.users.domain.UserService      : Поиск пользователя с email: s5090@inbox.ru
2026-01-06 21:51:45.667  INFO 24452 --- [http-nio-8080-exec-8] org.example.kortex.config.JwtFilter      : Аутентификация установлена для: s5090@inbox.ru
2026-01-06 21:51:45.674  INFO 24452 --- [http-nio-8080-exec-7] org.example.kortex.config.JwtFilter      : JWT найден в cookie
2026-01-06 21:51:45.685  INFO 24452 --- [http-nio-8080-exec-7] org.example.kortex.config.JwtFilter      : JWT валиден для email: s5090@inbox.ru, role: ADMIN
2026-01-06 21:51:45.685  INFO 24452 --- [http-nio-8080-exec-7] o.e.kortex.users.domain.UserService      : Поиск пользователя с email: s5090@inbox.ru
2026-01-06 21:51:45.692  INFO 24452 --- [http-nio-8080-exec-7] org.example.kortex.config.JwtFilter      : Аутентификация установлена для: s5090@inbox.ru
2026-01-06 21:51:49.834  INFO 24452 --- [http-nio-8080-exec-5] org.example.kortex.config.JwtFilter      : JWT найден в cookie
2026-01-06 21:51:49.842  INFO 24452 --- [http-nio-8080-exec-5] org.example.kortex.config.JwtFilter      : JWT валиден для email: s5090@inbox.ru, role: ADMIN
2026-01-06 21:51:49.843  INFO 24452 --- [http-nio-8080-exec-5] o.e.kortex.users.domain.UserService      : Поиск пользователя с email: s5090@inbox.ru
2026-01-06 21:51:49.850  INFO 24452 --- [http-nio-8080-exec-5] org.example.kortex.config.JwtFilter      : Аутентификация установлена для: s5090@inbox.ru
2026-01-06 21:51:49.923  INFO 24452 --- [http-nio-8080-exec-5] org.example.kortex.config.JwtFilter      : JWT найден в cookie
2026-01-06 21:51:49.930  INFO 24452 --- [http-nio-8080-exec-5] org.example.kortex.config.JwtFilter      : JWT валиден для email: s5090@inbox.ru, role: ADMIN
2026-01-06 21:51:49.930  INFO 24452 --- [http-nio-8080-exec-5] o.e.kortex.users.domain.UserService      : Поиск пользователя с email: s5090@inbox.ru
2026-01-06 21:51:49.933  INFO 24452 --- [http-nio-8080-exec-5] org.example.kortex.config.JwtFilter      : Аутентификация установлена для: s5090@inbox.ru
2026-01-06 21:51:49.947  INFO 24452 --- [http-nio-8080-exec-6] org.example.kortex.config.JwtFilter      : JWT найден в cookie
2026-01-06 21:51:49.960  INFO 24452 --- [http-nio-8080-exec-6] org.example.kortex.config.JwtFilter      : JWT валиден для email: s5090@inbox.ru, role: ADMIN
2026-01-06 21:51:49.960  INFO 24452 --- [http-nio-8080-exec-6] o.e.kortex.users.domain.UserService      : Поиск пользователя с email: s5090@inbox.ru
2026-01-06 21:51:49.964  INFO 24452 --- [http-nio-8080-exec-6] org.example.kortex.config.JwtFilter      : Аутентификация установлена для: s5090@inbox.ru
2026-01-06 21:51:49.980  INFO 24452 --- [http-nio-8080-exec-9] org.example.kortex.config.JwtFilter      : JWT найден в cookie
2026-01-06 21:51:49.987  INFO 24452 --- [http-nio-8080-exec-9] org.example.kortex.config.JwtFilter      : JWT валиден для email: s5090@inbox.ru, role: ADMIN
2026-01-06 21:51:49.987  INFO 24452 --- [http-nio-8080-exec-9] o.e.kortex.users.domain.UserService      : Поиск пользователя с email: s5090@inbox.ru
2026-01-06 21:51:49.995  INFO 24452 --- [http-nio-8080-exec-9] org.example.kortex.config.JwtFilter      : Аутентификация установлена для: s5090@inbox.ru
2026-01-06 21:51:52.766  INFO 24452 --- [http-nio-8080-exec-8] org.example.kortex.config.JwtFilter      : JWT найден в cookie
2026-01-06 21:51:52.773  INFO 24452 --- [http-nio-8080-exec-8] org.example.kortex.config.JwtFilter      : JWT валиден для email: s5090@inbox.ru, role: ADMIN
2026-01-06 21:51:52.773  INFO 24452 --- [http-nio-8080-exec-8] o.e.kortex.users.domain.UserService      : Поиск пользователя с email: s5090@inbox.ru
2026-01-06 21:51:52.777  INFO 24452 --- [http-nio-8080-exec-8] org.example.kortex.config.JwtFilter      : Аутентификация установлена для: s5090@inbox.ru
2026-01-06 21:51:52.862  INFO 24452 --- [http-nio-8080-exec-6] org.example.kortex.config.JwtFilter      : JWT найден в cookie
2026-01-06 21:51:52.866  INFO 24452 --- [http-nio-8080-exec-6] org.example.kortex.config.JwtFilter      : JWT валиден для email: s5090@inbox.ru, role: ADMIN
2026-01-06 21:51:52.867  INFO 24452 --- [http-nio-8080-exec-6] o.e.kortex.users.domain.UserService      : Поиск пользователя с email: s5090@inbox.ru
2026-01-06 21:51:52.872  INFO 24452 --- [http-nio-8080-exec-6] org.example.kortex.config.JwtFilter      : Аутентификация установлена для: s5090@inbox.ru
2026-01-06 21:54:14.349  INFO 24452 --- [SpringApplicationShutdownHook] j.LocalContainerEntityManagerFactoryBean : Closing JPA EntityManagerFactory for persistence unit 'default'
2026-01-06 21:54:14.368  INFO 24452 --- [SpringApplicationShutdownHook] com.zaxxer.hikari.HikariDataSource       : HikariPool-1 - Shutdown initiated...
2026-01-06 21:54:14.376  INFO 24452 --- [SpringApplicationShutdownHook] com.zaxxer.hikari.HikariDataSource       : HikariPool-1 - Shutdown completed.
2026-01-06 21:54:23.556  INFO 13420 --- [main] org.example.kortex.KortexApplication     : Starting KortexApplication using Java 21.0.1 on DESKTOP-4APF200 with PID 13420 (C:\java Ultimate\Kortex\target\classes started by 7 in C:\java Ultimate\Kortex)
2026-01-06 21:54:23.561  INFO 13420 --- [main] org.example.kortex.KortexApplication     : No active profile set, falling back to 1 default profile: "default"
2026-01-06 21:54:25.083  INFO 13420 --- [main] .s.d.r.c.RepositoryConfigurationDelegate : Bootstrapping Spring Data JPA repositories in DEFAULT mode.
2026-01-06 21:54:26.600  INFO 13420 --- [main] .s.d.r.c.RepositoryConfigurationDelegate : Finished Spring Data repository scanning in 1502 ms. Found 7 JPA repository interfaces.
2026-01-06 21:54:28.449  INFO 13420 --- [main] o.s.b.w.embedded.tomcat.TomcatWebServer  : Tomcat initialized with port(s): 8080 (http)
2026-01-06 21:54:28.458  INFO 13420 --- [main] o.apache.catalina.core.StandardService   : Starting service [Tomcat]
2026-01-06 21:54:28.458  INFO 13420 --- [main] org.apache.catalina.core.StandardEngine  : Starting Servlet engine: [Apache Tomcat/9.0.73]
2026-01-06 21:54:28.575  INFO 13420 --- [main] o.a.c.c.C.[Tomcat].[localhost].[/]       : Initializing Spring embedded WebApplicationContext
2026-01-06 21:54:28.576  INFO 13420 --- [main] w.s.c.ServletWebServerApplicationContext : Root WebApplicationContext: initialization completed in 4953 ms
2026-01-06 21:54:28.849  INFO 13420 --- [main] o.hibernate.jpa.internal.util.LogHelper  : HHH000204: Processing PersistenceUnitInfo [name: default]
2026-01-06 21:54:28.919  INFO 13420 --- [main] org.hibernate.Version                    : HHH000412: Hibernate ORM core version 5.6.15.Final
2026-01-06 21:54:29.070  INFO 13420 --- [main] o.hibernate.annotations.common.Version   : HCANN000001: Hibernate Commons Annotations {5.1.2.Final}
2026-01-06 21:54:29.164  INFO 13420 --- [main] com.zaxxer.hikari.HikariDataSource       : HikariPool-1 - Starting...
2026-01-06 21:54:29.366  INFO 13420 --- [main] com.zaxxer.hikari.HikariDataSource       : HikariPool-1 - Start completed.
2026-01-06 21:54:29.385  INFO 13420 --- [main] org.hibernate.dialect.Dialect            : HHH000400: Using dialect: org.hibernate.dialect.PostgreSQLDialect
2026-01-06 21:54:30.262  INFO 13420 --- [main] o.h.e.t.j.p.i.JtaPlatformInitiator       : HHH000490: Using JtaPlatform implementation: [org.hibernate.engine.transaction.jta.platform.internal.NoJtaPlatform]
2026-01-06 21:54:30.272  INFO 13420 --- [main] j.LocalContainerEntityManagerFactoryBean : Initialized JPA EntityManagerFactory for persistence unit 'default'
2026-01-06 21:54:30.648  INFO 13420 --- [main] o.s.aop.framework.CglibAopProxy          : Unable to proxy interface-implementing method [public final void org.springframework.web.filter.OncePerRequestFilter.doFilter(javax.servlet.ServletRequest,javax.servlet.ServletResponse,javax.servlet.FilterChain) throws javax.servlet.ServletException,java.io.IOException] because it is marked as final: Consider using interface-based JDK proxies instead!
2026-01-06 21:54:30.649  INFO 13420 --- [main] o.s.aop.framework.CglibAopProxy          : Unable to proxy interface-implementing method [public final void org.springframework.web.filter.GenericFilterBean.init(javax.servlet.FilterConfig) throws javax.servlet.ServletException] because it is marked as final: Consider using interface-based JDK proxies instead!
2026-01-06 21:54:31.228  INFO 13420 --- [main] o.s.s.web.DefaultSecurityFilterChain     : Will secure any request with [org.springframework.security.web.session.DisableEncodeUrlFilter@34376069, org.springframework.security.web.context.request.async.WebAsyncManagerIntegrationFilter@9c40f43, org.springframework.security.web.context.SecurityContextPersistenceFilter@4c6fe482, org.springframework.security.web.header.HeaderWriterFilter@4f3e65f4, org.springframework.security.web.authentication.logout.LogoutFilter@460df441, org.example.kortex.config.JwtFilter@3ab70d34, org.springframework.security.web.savedrequest.RequestCacheAwareFilter@2fd05b15, org.springframework.security.web.servletapi.SecurityContextHolderAwareRequestFilter@564fc235, org.springframework.security.web.authentication.AnonymousAuthenticationFilter@44a0e68f, org.springframework.security.web.session.SessionManagementFilter@3fe11091, org.springframework.security.web.access.ExceptionTranslationFilter@49ea4b65, org.springframework.security.web.access.intercept.FilterSecurityInterceptor@5f233f9]
2026-01-06 21:54:31.779  INFO 13420 --- [main] o.s.b.a.e.web.EndpointLinksResolver      : Exposing 1 endpoint(s) beneath base path '/actuator'
2026-01-06 21:54:31.828  INFO 13420 --- [main] o.s.b.w.embedded.tomcat.TomcatWebServer  : Tomcat started on port(s): 8080 (http) with context path ''
2026-01-06 21:54:31.839  INFO 13420 --- [main] org.example.kortex.KortexApplication     : Started KortexApplication in 8.871 seconds (JVM running for 9.777)
2026-01-06 21:54:31.957  INFO 13420 --- [RMI TCP Connection(2)-26.93.201.44] o.a.c.c.C.[Tomcat].[localhost].[/]       : Initializing Spring DispatcherServlet 'dispatcherServlet'
2026-01-06 21:54:31.958  INFO 13420 --- [RMI TCP Connection(2)-26.93.201.44] o.s.web.servlet.DispatcherServlet        : Initializing Servlet 'dispatcherServlet'
2026-01-06 21:54:31.960  INFO 13420 --- [RMI TCP Connection(2)-26.93.201.44] o.s.web.servlet.DispatcherServlet        : Completed initialization in 2 ms
2026-01-06 21:54:32.073  INFO 13420 --- [http-nio-8080-exec-2] org.example.kortex.config.JwtFilter      : JWT найден в cookie
2026-01-06 21:54:32.115  INFO 13420 --- [http-nio-8080-exec-2] org.example.kortex.config.JwtFilter      : JWT валиден для email: s5090@inbox.ru, role: ADMIN
2026-01-06 21:54:32.120  INFO 13420 --- [http-nio-8080-exec-2] o.e.kortex.users.domain.UserService      : Поиск пользователя с email: s5090@inbox.ru
2026-01-06 21:54:32.176  INFO 13420 --- [http-nio-8080-exec-2] org.example.kortex.config.JwtFilter      : Аутентификация установлена для: s5090@inbox.ru
2026-01-06 21:54:32.470  INFO 13420 --- [http-nio-8080-exec-9] org.example.kortex.config.JwtFilter      : JWT найден в cookie
2026-01-06 21:54:32.500  INFO 13420 --- [http-nio-8080-exec-9] org.example.kortex.config.JwtFilter      : JWT валиден для email: s5090@inbox.ru, role: ADMIN
2026-01-06 21:54:32.501  INFO 13420 --- [http-nio-8080-exec-9] o.e.kortex.users.domain.UserService      : Поиск пользователя с email: s5090@inbox.ru
2026-01-06 21:54:32.507  INFO 13420 --- [http-nio-8080-exec-9] org.example.kortex.config.JwtFilter      : Аутентификация установлена для: s5090@inbox.ru
2026-01-06 21:54:48.009  INFO 13420 --- [http-nio-8080-exec-2] o.e.kortex.users.domain.AuthService      : Отправка пользователю код на email=aaaaaa.bbbbbb.18@inbox.ru
2026-01-06 21:54:48.010  INFO 13420 --- [http-nio-8080-exec-10] o.e.kortex.users.domain.AuthService      : Попытка входа для email=aaaaaa.bbbbbb.18@inbox.ru
2026-01-06 21:54:48.010  INFO 13420 --- [http-nio-8080-exec-2] o.e.kortex.users.domain.UserService      : Поиск пользователя с email: aaaaaa.bbbbbb.18@inbox.ru
2026-01-06 21:54:48.017  INFO 13420 --- [http-nio-8080-exec-2] o.e.kortex.users.domain.AuthService      : Код подтверждения отправлен на email=aaaaaa.bbbbbb.18@inbox.ru
2026-01-06 21:54:48.017  INFO 13420 --- [Async-1] o.e.k.users.domain.EmailSenderService    : Отпрвавка сообщение на регистрацию на почту: aaaaaa.bbbbbb.18@inbox.ru с кодом 733446
2026-01-06 21:54:48.083  INFO 13420 --- [http-nio-8080-exec-10] o.e.kortex.users.domain.UserService      : Поиск пользователя с email: aaaaaa.bbbbbb.18@inbox.ru
2026-01-06 21:54:48.152 ERROR 13420 --- [http-nio-8080-exec-10] o.e.kortex.users.domain.AuthService      : Ошибка входа для aaaaaa.bbbbbb.18@inbox.ru: Неверные учетные данные пользователя
2026-01-06 21:54:49.542  INFO 13420 --- [http-nio-8080-exec-4] org.example.kortex.config.JwtFilter      : JWT найден в cookie
2026-01-06 21:54:49.549  INFO 13420 --- [http-nio-8080-exec-4] org.example.kortex.config.JwtFilter      : JWT валиден для email: s5090@inbox.ru, role: ADMIN
2026-01-06 21:54:49.549  INFO 13420 --- [http-nio-8080-exec-4] o.e.kortex.users.domain.UserService      : Поиск пользователя с email: s5090@inbox.ru
2026-01-06 21:54:49.555  INFO 13420 --- [http-nio-8080-exec-4] org.example.kortex.config.JwtFilter      : Аутентификация установлена для: s5090@inbox.ru
2026-01-06 21:54:50.971  INFO 13420 --- [http-nio-8080-exec-4] org.example.kortex.config.JwtFilter      : JWT найден в cookie
2026-01-06 21:54:50.982  INFO 13420 --- [http-nio-8080-exec-4] org.example.kortex.config.JwtFilter      : JWT валиден для email: s5090@inbox.ru, role: ADMIN
2026-01-06 21:54:50.983  INFO 13420 --- [http-nio-8080-exec-4] o.e.kortex.users.domain.UserService      : Поиск пользователя с email: s5090@inbox.ru
2026-01-06 21:54:50.987  INFO 13420 --- [http-nio-8080-exec-4] org.example.kortex.config.JwtFilter      : Аутентификация установлена для: s5090@inbox.ru
2026-01-06 21:54:58.857  INFO 13420 --- [Async-1] o.e.k.users.domain.EmailSenderService    : Сообщение отправлено на регистрацию на почту: aaaaaa.bbbbbb.18@inbox.ru с кодом 733446
2026-01-06 21:55:05.920  INFO 13420 --- [http-nio-8080-exec-3] o.e.kortex.users.domain.AuthService      : verify пользователя 733446
2026-01-06 21:55:05.922  INFO 13420 --- [http-nio-8080-exec-3] o.e.kortex.users.domain.AuthService      : Ошибка при подтверждении: Cannot invoke "Object.hashCode()" because "key" is null
2026-01-06 21:55:07.130  INFO 13420 --- [http-nio-8080-exec-7] org.example.kortex.config.JwtFilter      : JWT найден в cookie
2026-01-06 21:55:07.135  INFO 13420 --- [http-nio-8080-exec-7] org.example.kortex.config.JwtFilter      : JWT валиден для email: s5090@inbox.ru, role: ADMIN
2026-01-06 21:55:07.136  INFO 13420 --- [http-nio-8080-exec-7] o.e.kortex.users.domain.UserService      : Поиск пользователя с email: s5090@inbox.ru
2026-01-06 21:55:07.139  INFO 13420 --- [http-nio-8080-exec-7] org.example.kortex.config.JwtFilter      : Аутентификация установлена для: s5090@inbox.ru
2026-01-06 21:55:07.199  INFO 13420 --- [http-nio-8080-exec-4] org.example.kortex.config.JwtFilter      : JWT найден в cookie
2026-01-06 21:55:07.209  INFO 13420 --- [http-nio-8080-exec-4] org.example.kortex.config.JwtFilter      : JWT валиден для email: s5090@inbox.ru, role: ADMIN
2026-01-06 21:55:07.209  INFO 13420 --- [http-nio-8080-exec-4] o.e.kortex.users.domain.UserService      : Поиск пользователя с email: s5090@inbox.ru
2026-01-06 21:55:07.213  INFO 13420 --- [http-nio-8080-exec-4] org.example.kortex.config.JwtFilter      : Аутентификация установлена для: s5090@inbox.ru
2026-01-06 21:55:07.219  INFO 13420 --- [http-nio-8080-exec-4] o.e.k.products.api.ProductController     : Асинхронный запрос товаров: category=null, query=null, page=0, size=12
2026-01-06 21:55:07.237  INFO 13420 --- [http-nio-8080-exec-3] org.example.kortex.config.JwtFilter      : JWT найден в cookie
2026-01-06 21:55:07.250  INFO 13420 --- [http-nio-8080-exec-3] org.example.kortex.config.JwtFilter      : JWT валиден для email: s5090@inbox.ru, role: ADMIN
2026-01-06 21:55:07.251  INFO 13420 --- [http-nio-8080-exec-3] o.e.kortex.users.domain.UserService      : Поиск пользователя с email: s5090@inbox.ru
2026-01-06 21:55:07.261  INFO 13420 --- [http-nio-8080-exec-3] org.example.kortex.config.JwtFilter      : Аутентификация установлена для: s5090@inbox.ru
2026-01-06 21:55:07.233  INFO 13420 --- [Async-2] o.e.k.products.domain.ProductService     : Запрос на выдачу всех товаров с фильром: ProductSearchFilter[category=null, query=null, pageSize=12, pageNumber=0]
2026-01-06 21:55:07.310  INFO 13420 --- [Async-2] o.e.k.products.domain.ProductService     : Поиск завершен за 45 мс, найдено: 1 товаров
2026-01-06 21:55:07.310  INFO 13420 --- [Async-2] o.e.k.products.domain.ProductService     : Выдача всех товаров с фильтром: ProductSearchFilter[category=null, query=null, pageSize=12, pageNumber=0]
2026-01-06 21:55:07.351  INFO 13420 --- [http-nio-8080-exec-2] org.example.kortex.config.JwtFilter      : JWT найден в cookie
2026-01-06 21:55:07.367  INFO 13420 --- [http-nio-8080-exec-2] org.example.kortex.config.JwtFilter      : JWT валиден для email: s5090@inbox.ru, role: ADMIN
2026-01-06 21:55:07.367  INFO 13420 --- [http-nio-8080-exec-2] o.e.kortex.users.domain.UserService      : Поиск пользователя с email: s5090@inbox.ru
2026-01-06 21:55:07.377  INFO 13420 --- [http-nio-8080-exec-2] org.example.kortex.config.JwtFilter      : Аутентификация установлена для: s5090@inbox.ru
2026-01-06 21:55:08.542  INFO 13420 --- [http-nio-8080-exec-1] org.example.kortex.config.JwtFilter      : JWT найден в cookie
2026-01-06 21:55:08.549  INFO 13420 --- [http-nio-8080-exec-1] org.example.kortex.config.JwtFilter      : JWT валиден для email: s5090@inbox.ru, role: ADMIN
2026-01-06 21:55:08.549  INFO 13420 --- [http-nio-8080-exec-1] o.e.kortex.users.domain.UserService      : Поиск пользователя с email: s5090@inbox.ru
2026-01-06 21:55:08.552  INFO 13420 --- [http-nio-8080-exec-1] org.example.kortex.config.JwtFilter      : Аутентификация установлена для: s5090@inbox.ru
2026-01-06 21:55:08.715  INFO 13420 --- [http-nio-8080-exec-5] org.example.kortex.config.JwtFilter      : JWT найден в cookie
2026-01-06 21:55:08.728  INFO 13420 --- [http-nio-8080-exec-8] org.example.kortex.config.JwtFilter      : JWT найден в cookie
2026-01-06 21:55:08.734  INFO 13420 --- [http-nio-8080-exec-5] org.example.kortex.config.JwtFilter      : JWT валиден для email: s5090@inbox.ru, role: ADMIN
2026-01-06 21:55:08.734  INFO 13420 --- [http-nio-8080-exec-5] o.e.kortex.users.domain.UserService      : Поиск пользователя с email: s5090@inbox.ru
2026-01-06 21:55:08.742  INFO 13420 --- [http-nio-8080-exec-5] org.example.kortex.config.JwtFilter      : Аутентификация установлена для: s5090@inbox.ru
2026-01-06 21:55:08.744  INFO 13420 --- [http-nio-8080-exec-8] org.example.kortex.config.JwtFilter      : JWT валиден для email: s5090@inbox.ru, role: ADMIN
2026-01-06 21:55:08.744  INFO 13420 --- [http-nio-8080-exec-8] o.e.kortex.users.domain.UserService      : Поиск пользователя с email: s5090@inbox.ru
2026-01-06 21:55:08.748  INFO 13420 --- [http-nio-8080-exec-8] org.example.kortex.config.JwtFilter      : Аутентификация установлена для: s5090@inbox.ru
2026-01-06 21:55:08.787  INFO 13420 --- [http-nio-8080-exec-10] org.example.kortex.config.JwtFilter      : JWT найден в cookie
2026-01-06 21:55:08.803  INFO 13420 --- [http-nio-8080-exec-10] org.example.kortex.config.JwtFilter      : JWT валиден для email: s5090@inbox.ru, role: ADMIN
2026-01-06 21:55:08.804  INFO 13420 --- [http-nio-8080-exec-10] o.e.kortex.users.domain.UserService      : Поиск пользователя с email: s5090@inbox.ru
2026-01-06 21:55:08.812  INFO 13420 --- [http-nio-8080-exec-10] org.example.kortex.config.JwtFilter      : Аутентификация установлена для: s5090@inbox.ru
2026-01-06 21:55:08.820  INFO 13420 --- [http-nio-8080-exec-5] org.example.kortex.config.JwtFilter      : JWT найден в cookie
2026-01-06 21:55:08.847  INFO 13420 --- [http-nio-8080-exec-5] org.example.kortex.config.JwtFilter      : JWT валиден для email: s5090@inbox.ru, role: ADMIN
2026-01-06 21:55:08.847  INFO 13420 --- [http-nio-8080-exec-5] o.e.kortex.users.domain.UserService      : Поиск пользователя с email: s5090@inbox.ru
2026-01-06 21:55:08.852  INFO 13420 --- [http-nio-8080-exec-5] org.example.kortex.config.JwtFilter      : Аутентификация установлена для: s5090@inbox.ru
2026-01-06 21:59:47.133  INFO 13420 --- [http-nio-8080-exec-8] org.example.kortex.config.JwtFilter      : JWT найден в cookie
2026-01-06 21:59:47.145  INFO 13420 --- [http-nio-8080-exec-8] org.example.kortex.config.JwtFilter      : JWT валиден для email: s5090@inbox.ru, role: ADMIN
2026-01-06 21:59:47.145  INFO 13420 --- [http-nio-8080-exec-8] o.e.kortex.users.domain.UserService      : Поиск пользователя с email: s5090@inbox.ru
2026-01-06 21:59:47.162  INFO 13420 --- [http-nio-8080-exec-8] org.example.kortex.config.JwtFilter      : Аутентификация установлена для: s5090@inbox.ru
2026-01-06 21:59:47.268  INFO 13420 --- [http-nio-8080-exec-6] org.example.kortex.config.JwtFilter      : JWT найден в cookie
2026-01-06 21:59:47.279  INFO 13420 --- [http-nio-8080-exec-6] org.example.kortex.config.JwtFilter      : JWT валиден для email: s5090@inbox.ru, role: ADMIN
2026-01-06 21:59:47.279  INFO 13420 --- [http-nio-8080-exec-6] o.e.kortex.users.domain.UserService      : Поиск пользователя с email: s5090@inbox.ru
2026-01-06 21:59:47.283  INFO 13420 --- [http-nio-8080-exec-6] org.example.kortex.config.JwtFilter      : Аутентификация установлена для: s5090@inbox.ru
2026-01-06 21:59:48.399  INFO 13420 --- [http-nio-8080-exec-3] org.example.kortex.config.JwtFilter      : JWT найден в cookie
2026-01-06 21:59:48.405  INFO 13420 --- [http-nio-8080-exec-3] org.example.kortex.config.JwtFilter      : JWT валиден для email: s5090@inbox.ru, role: ADMIN
2026-01-06 21:59:48.406  INFO 13420 --- [http-nio-8080-exec-3] o.e.kortex.users.domain.UserService      : Поиск пользователя с email: s5090@inbox.ru
2026-01-06 21:59:48.412  INFO 13420 --- [http-nio-8080-exec-3] org.example.kortex.config.JwtFilter      : Аутентификация установлена для: s5090@inbox.ru
2026-01-06 21:59:48.533  INFO 13420 --- [http-nio-8080-exec-6] org.example.kortex.config.JwtFilter      : JWT найден в cookie
2026-01-06 21:59:48.545  INFO 13420 --- [http-nio-8080-exec-6] org.example.kortex.config.JwtFilter      : JWT валиден для email: s5090@inbox.ru, role: ADMIN
2026-01-06 21:59:48.545  INFO 13420 --- [http-nio-8080-exec-6] o.e.kortex.users.domain.UserService      : Поиск пользователя с email: s5090@inbox.ru
2026-01-06 21:59:48.549  INFO 13420 --- [http-nio-8080-exec-6] org.example.kortex.config.JwtFilter      : Аутентификация установлена для: s5090@inbox.ru
2026-01-06 22:00:24.077  INFO 13420 --- [http-nio-8080-exec-3] o.e.kortex.users.domain.AuthService      : Попытка входа для email=newAuth@inbox.ru
2026-01-06 22:00:24.078  INFO 13420 --- [http-nio-8080-exec-3] o.e.kortex.users.domain.UserService      : Поиск пользователя с email: newAuth@inbox.ru
2026-01-06 22:00:24.079  INFO 13420 --- [http-nio-8080-exec-5] o.e.kortex.users.domain.AuthService      : Отправка пользователю код на email=newAuth@inbox.ru
2026-01-06 22:00:24.079  INFO 13420 --- [http-nio-8080-exec-5] o.e.kortex.users.domain.UserService      : Поиск пользователя с email: newAuth@inbox.ru
2026-01-06 22:00:24.092  INFO 13420 --- [http-nio-8080-exec-5] o.e.kortex.users.domain.AuthService      : Код подтверждения отправлен на email=newAuth@inbox.ru
2026-01-06 22:00:24.095  INFO 13420 --- [Async-3] o.e.k.users.domain.EmailSenderService    : Отпрвавка сообщение на регистрацию на почту: newAuth@inbox.ru с кодом 869100
2026-01-06 22:00:24.163 ERROR 13420 --- [http-nio-8080-exec-3] o.e.kortex.users.domain.AuthService      : Ошибка входа для newAuth@inbox.ru: Неверные учетные данные пользователя
2026-01-06 22:00:25.714  INFO 13420 --- [http-nio-8080-exec-10] org.example.kortex.config.JwtFilter      : JWT токен не найден в запросе
2026-01-06 22:00:26.556  INFO 13420 --- [http-nio-8080-exec-3] org.example.kortex.config.JwtFilter      : JWT токен не найден в запросе
2026-01-06 22:00:35.720  INFO 13420 --- [Async-3] o.e.k.users.domain.EmailSenderService    : Сообщение отправлено на регистрацию на почту: newAuth@inbox.ru с кодом 869100
2026-01-06 22:01:11.203  INFO 13420 --- [http-nio-8080-exec-10] o.e.kortex.users.domain.AuthService      : verify пользователя 869100
2026-01-06 22:01:11.204  INFO 13420 --- [http-nio-8080-exec-10] o.e.kortex.users.domain.AuthService      : Ошибка при подтверждении: Cannot invoke "Object.hashCode()" because "key" is null
2026-01-06 22:01:12.232  INFO 13420 --- [http-nio-8080-exec-7] org.example.kortex.config.JwtFilter      : JWT токен не найден в запросе
2026-01-06 22:01:12.290  INFO 13420 --- [http-nio-8080-exec-10] org.example.kortex.config.JwtFilter      : JWT токен не найден в запросе
2026-01-06 22:01:12.294  INFO 13420 --- [http-nio-8080-exec-10] o.e.k.products.api.ProductController     : Асинхронный запрос товаров: category=null, query=null, page=0, size=12
2026-01-06 22:01:12.296  INFO 13420 --- [Async-4] o.e.k.products.domain.ProductService     : Запрос на выдачу всех товаров с фильром: ProductSearchFilter[category=null, query=null, pageSize=12, pageNumber=0]
2026-01-06 22:01:12.309  INFO 13420 --- [http-nio-8080-exec-7] org.example.kortex.config.JwtFilter      : JWT токен не найден в запросе
2026-01-06 22:01:12.323  INFO 13420 --- [Async-4] o.e.k.products.domain.ProductService     : Поиск завершен за 25 мс, найдено: 1 товаров
2026-01-06 22:01:12.323  INFO 13420 --- [Async-4] o.e.k.products.domain.ProductService     : Выдача всех товаров с фильтром: ProductSearchFilter[category=null, query=null, pageSize=12, pageNumber=0]
2026-01-06 22:01:12.358  INFO 13420 --- [http-nio-8080-exec-6] org.example.kortex.config.JwtFilter      : JWT токен не найден в запросе
2026-01-06 22:01:13.367  INFO 13420 --- [http-nio-8080-exec-8] org.example.kortex.config.JwtFilter      : JWT токен не найден в запросе
2026-01-06 22:01:13.400  INFO 13420 --- [http-nio-8080-exec-5] org.example.kortex.config.JwtFilter      : JWT токен не найден в запросе
2026-01-06 22:01:13.468  INFO 13420 --- [http-nio-8080-exec-8] org.example.kortex.config.JwtFilter      : JWT токен не найден в запросе
2026-01-06 22:06:45.744  INFO 13420 --- [SpringApplicationShutdownHook] j.LocalContainerEntityManagerFactoryBean : Closing JPA EntityManagerFactory for persistence unit 'default'
2026-01-06 22:06:45.868  INFO 13420 --- [SpringApplicationShutdownHook] com.zaxxer.hikari.HikariDataSource       : HikariPool-1 - Shutdown initiated...
2026-01-06 22:06:45.982  INFO 13420 --- [SpringApplicationShutdownHook] com.zaxxer.hikari.HikariDataSource       : HikariPool-1 - Shutdown completed.
2026-01-06 22:06:51.249  INFO 3980 --- [main] org.example.kortex.KortexApplication     : Starting KortexApplication using Java 21.0.1 on DESKTOP-4APF200 with PID 3980 (C:\java Ultimate\Kortex\target\classes started by 7 in C:\java Ultimate\Kortex)
2026-01-06 22:06:51.252  INFO 3980 --- [main] org.example.kortex.KortexApplication     : No active profile set, falling back to 1 default profile: "default"
2026-01-06 22:06:52.680  INFO 3980 --- [main] .s.d.r.c.RepositoryConfigurationDelegate : Bootstrapping Spring Data JPA repositories in DEFAULT mode.
2026-01-06 22:06:52.762  INFO 3980 --- [main] .s.d.r.c.RepositoryConfigurationDelegate : Finished Spring Data repository scanning in 74 ms. Found 7 JPA repository interfaces.
2026-01-06 22:06:53.321  INFO 3980 --- [main] o.s.b.w.embedded.tomcat.TomcatWebServer  : Tomcat initialized with port(s): 8080 (http)
2026-01-06 22:06:53.330  INFO 3980 --- [main] o.apache.catalina.core.StandardService   : Starting service [Tomcat]
2026-01-06 22:06:53.330  INFO 3980 --- [main] org.apache.catalina.core.StandardEngine  : Starting Servlet engine: [Apache Tomcat/9.0.73]
2026-01-06 22:06:53.455  INFO 3980 --- [main] o.a.c.c.C.[Tomcat].[localhost].[/]       : Initializing Spring embedded WebApplicationContext
2026-01-06 22:06:53.456  INFO 3980 --- [main] w.s.c.ServletWebServerApplicationContext : Root WebApplicationContext: initialization completed in 2142 ms
2026-01-06 22:06:53.738  INFO 3980 --- [main] o.hibernate.jpa.internal.util.LogHelper  : HHH000204: Processing PersistenceUnitInfo [name: default]
2026-01-06 22:06:53.800  INFO 3980 --- [main] org.hibernate.Version                    : HHH000412: Hibernate ORM core version 5.6.15.Final
2026-01-06 22:06:53.944  INFO 3980 --- [main] o.hibernate.annotations.common.Version   : HCANN000001: Hibernate Commons Annotations {5.1.2.Final}
2026-01-06 22:06:54.030  INFO 3980 --- [main] com.zaxxer.hikari.HikariDataSource       : HikariPool-1 - Starting...
2026-01-06 22:06:54.310  INFO 3980 --- [main] com.zaxxer.hikari.HikariDataSource       : HikariPool-1 - Start completed.
2026-01-06 22:06:54.327  INFO 3980 --- [main] org.hibernate.dialect.Dialect            : HHH000400: Using dialect: org.hibernate.dialect.PostgreSQLDialect
2026-01-06 22:06:55.321  INFO 3980 --- [main] o.h.e.t.j.p.i.JtaPlatformInitiator       : HHH000490: Using JtaPlatform implementation: [org.hibernate.engine.transaction.jta.platform.internal.NoJtaPlatform]
2026-01-06 22:06:55.348  INFO 3980 --- [main] j.LocalContainerEntityManagerFactoryBean : Initialized JPA EntityManagerFactory for persistence unit 'default'
2026-01-06 22:06:55.689  INFO 3980 --- [main] o.s.aop.framework.CglibAopProxy          : Unable to proxy interface-implementing method [public final void org.springframework.web.filter.OncePerRequestFilter.doFilter(javax.servlet.ServletRequest,javax.servlet.ServletResponse,javax.servlet.FilterChain) throws javax.servlet.ServletException,java.io.IOException] because it is marked as final: Consider using interface-based JDK proxies instead!
2026-01-06 22:06:55.689  INFO 3980 --- [main] o.s.aop.framework.CglibAopProxy          : Unable to proxy interface-implementing method [public final void org.springframework.web.filter.GenericFilterBean.init(javax.servlet.FilterConfig) throws javax.servlet.ServletException] because it is marked as final: Consider using interface-based JDK proxies instead!
2026-01-06 22:06:56.149  INFO 3980 --- [main] o.s.s.web.DefaultSecurityFilterChain     : Will secure any request with [org.springframework.security.web.session.DisableEncodeUrlFilter@256aabbe, org.springframework.security.web.context.request.async.WebAsyncManagerIntegrationFilter@6b7a0f18, org.springframework.security.web.context.SecurityContextPersistenceFilter@35d53cd8, org.springframework.security.web.header.HeaderWriterFilter@79f59e0e, org.springframework.security.web.authentication.logout.LogoutFilter@6d5d1204, org.example.kortex.config.JwtFilter@3741071d, org.springframework.security.web.savedrequest.RequestCacheAwareFilter@8a11a19, org.springframework.security.web.servletapi.SecurityContextHolderAwareRequestFilter@47393345, org.springframework.security.web.authentication.AnonymousAuthenticationFilter@38d895e8, org.springframework.security.web.session.SessionManagementFilter@433db56d, org.springframework.security.web.access.ExceptionTranslationFilter@46a9c368, org.springframework.security.web.access.intercept.FilterSecurityInterceptor@81cd90e]
2026-01-06 22:06:56.779  INFO 3980 --- [main] o.s.b.a.e.web.EndpointLinksResolver      : Exposing 1 endpoint(s) beneath base path '/actuator'
2026-01-06 22:06:56.847  INFO 3980 --- [main] o.s.b.w.embedded.tomcat.TomcatWebServer  : Tomcat started on port(s): 8080 (http) with context path ''
2026-01-06 22:06:56.858  INFO 3980 --- [main] org.example.kortex.KortexApplication     : Started KortexApplication in 6.123 seconds (JVM running for 7.523)
2026-01-06 22:06:57.215  INFO 3980 --- [RMI TCP Connection(4)-26.93.201.44] o.a.c.c.C.[Tomcat].[localhost].[/]       : Initializing Spring DispatcherServlet 'dispatcherServlet'
2026-01-06 22:06:57.216  INFO 3980 --- [RMI TCP Connection(4)-26.93.201.44] o.s.web.servlet.DispatcherServlet        : Initializing Servlet 'dispatcherServlet'
2026-01-06 22:06:57.219  INFO 3980 --- [RMI TCP Connection(4)-26.93.201.44] o.s.web.servlet.DispatcherServlet        : Completed initialization in 3 ms
2026-01-06 22:06:59.605  INFO 3980 --- [http-nio-8080-exec-1] org.example.kortex.config.JwtFilter      : JWT токен не найден в запросе
2026-01-06 22:06:59.761  INFO 3980 --- [http-nio-8080-exec-10] org.example.kortex.config.JwtFilter      : JWT токен не найден в запросе
2026-01-06 22:07:10.079  INFO 3980 --- [http-nio-8080-exec-5] o.e.kortex.users.domain.AuthService      : Отправка пользователю код на email=aaaaaa.bbbbbb.18@inbox.ru
2026-01-06 22:07:10.079  INFO 3980 --- [http-nio-8080-exec-1] o.e.kortex.users.domain.AuthService      : Попытка входа для email=aaaaaa.bbbbbb.18@inbox.ru
2026-01-06 22:07:10.085  INFO 3980 --- [http-nio-8080-exec-5] o.e.kortex.users.domain.UserService      : Поиск пользователя с email: aaaaaa.bbbbbb.18@inbox.ru
2026-01-06 22:07:10.147  INFO 3980 --- [http-nio-8080-exec-5] o.e.kortex.users.domain.AuthService      : Код подтверждения отправлен на email=aaaaaa.bbbbbb.18@inbox.ru
2026-01-06 22:07:10.147  INFO 3980 --- [Async-1] o.e.k.users.domain.EmailSenderService    : Отпрвавка сообщение на регистрацию на почту: aaaaaa.bbbbbb.18@inbox.ru с кодом 518446
2026-01-06 22:07:10.159  INFO 3980 --- [http-nio-8080-exec-1] o.e.kortex.users.domain.UserService      : Поиск пользователя с email: aaaaaa.bbbbbb.18@inbox.ru
2026-01-06 22:07:10.234 ERROR 3980 --- [http-nio-8080-exec-1] o.e.kortex.users.domain.AuthService      : Ошибка входа для aaaaaa.bbbbbb.18@inbox.ru: Неверные учетные данные пользователя
2026-01-06 22:07:21.884  INFO 3980 --- [Async-1] o.e.k.users.domain.EmailSenderService    : Сообщение отправлено на регистрацию на почту: aaaaaa.bbbbbb.18@inbox.ru с кодом 518446
2026-01-06 22:11:12.301  INFO 3980 --- [SpringApplicationShutdownHook] j.LocalContainerEntityManagerFactoryBean : Closing JPA EntityManagerFactory for persistence unit 'default'
2026-01-06 22:11:12.331  INFO 3980 --- [SpringApplicationShutdownHook] com.zaxxer.hikari.HikariDataSource       : HikariPool-1 - Shutdown initiated...
2026-01-06 22:11:12.353  INFO 3980 --- [SpringApplicationShutdownHook] com.zaxxer.hikari.HikariDataSource       : HikariPool-1 - Shutdown completed.
2026-01-06 22:11:20.368  INFO 17972 --- [main] org.example.kortex.KortexApplication     : Starting KortexApplication using Java 21.0.1 on DESKTOP-4APF200 with PID 17972 (C:\java Ultimate\Kortex\target\classes started by 7 in C:\java Ultimate\Kortex)
2026-01-06 22:11:20.371  INFO 17972 --- [main] org.example.kortex.KortexApplication     : No active profile set, falling back to 1 default profile: "default"
2026-01-06 22:11:21.682  INFO 17972 --- [main] .s.d.r.c.RepositoryConfigurationDelegate : Bootstrapping Spring Data JPA repositories in DEFAULT mode.
2026-01-06 22:11:21.761  INFO 17972 --- [main] .s.d.r.c.RepositoryConfigurationDelegate : Finished Spring Data repository scanning in 70 ms. Found 7 JPA repository interfaces.
2026-01-06 22:11:22.264  INFO 17972 --- [main] o.s.b.w.embedded.tomcat.TomcatWebServer  : Tomcat initialized with port(s): 8080 (http)
2026-01-06 22:11:22.272  INFO 17972 --- [main] o.apache.catalina.core.StandardService   : Starting service [Tomcat]
2026-01-06 22:11:22.272  INFO 17972 --- [main] org.apache.catalina.core.StandardEngine  : Starting Servlet engine: [Apache Tomcat/9.0.73]
2026-01-06 22:11:22.387  INFO 17972 --- [main] o.a.c.c.C.[Tomcat].[localhost].[/]       : Initializing Spring embedded WebApplicationContext
2026-01-06 22:11:22.388  INFO 17972 --- [main] w.s.c.ServletWebServerApplicationContext : Root WebApplicationContext: initialization completed in 1962 ms
2026-01-06 22:11:22.673  INFO 17972 --- [main] o.hibernate.jpa.internal.util.LogHelper  : HHH000204: Processing PersistenceUnitInfo [name: default]
2026-01-06 22:11:22.743  INFO 17972 --- [main] org.hibernate.Version                    : HHH000412: Hibernate ORM core version 5.6.15.Final
2026-01-06 22:11:22.908  INFO 17972 --- [main] o.hibernate.annotations.common.Version   : HCANN000001: Hibernate Commons Annotations {5.1.2.Final}
2026-01-06 22:11:22.991  INFO 17972 --- [main] com.zaxxer.hikari.HikariDataSource       : HikariPool-1 - Starting...
2026-01-06 22:11:23.185  INFO 17972 --- [main] com.zaxxer.hikari.HikariDataSource       : HikariPool-1 - Start completed.
2026-01-06 22:11:23.207  INFO 17972 --- [main] org.hibernate.dialect.Dialect            : HHH000400: Using dialect: org.hibernate.dialect.PostgreSQLDialect
2026-01-06 22:11:24.122  INFO 17972 --- [main] o.h.e.t.j.p.i.JtaPlatformInitiator       : HHH000490: Using JtaPlatform implementation: [org.hibernate.engine.transaction.jta.platform.internal.NoJtaPlatform]
2026-01-06 22:11:24.134  INFO 17972 --- [main] j.LocalContainerEntityManagerFactoryBean : Initialized JPA EntityManagerFactory for persistence unit 'default'
2026-01-06 22:11:24.476  INFO 17972 --- [main] o.s.aop.framework.CglibAopProxy          : Unable to proxy interface-implementing method [public final void org.springframework.web.filter.OncePerRequestFilter.doFilter(javax.servlet.ServletRequest,javax.servlet.ServletResponse,javax.servlet.FilterChain) throws javax.servlet.ServletException,java.io.IOException] because it is marked as final: Consider using interface-based JDK proxies instead!
2026-01-06 22:11:24.477  INFO 17972 --- [main] o.s.aop.framework.CglibAopProxy          : Unable to proxy interface-implementing method [public final void org.springframework.web.filter.GenericFilterBean.init(javax.servlet.FilterConfig) throws javax.servlet.ServletException] because it is marked as final: Consider using interface-based JDK proxies instead!
2026-01-06 22:11:24.964  INFO 17972 --- [main] o.s.s.web.DefaultSecurityFilterChain     : Will secure any request with [org.springframework.security.web.session.DisableEncodeUrlFilter@5add7380, org.springframework.security.web.context.request.async.WebAsyncManagerIntegrationFilter@e638553, org.springframework.security.web.context.SecurityContextPersistenceFilter@2f11d889, org.springframework.security.web.header.HeaderWriterFilter@2cf669f2, org.springframework.security.web.authentication.logout.LogoutFilter@53654b2d, org.example.kortex.config.JwtFilter@351d726c, org.springframework.security.web.savedrequest.RequestCacheAwareFilter@5ca10d0e, org.springframework.security.web.servletapi.SecurityContextHolderAwareRequestFilter@34604b32, org.springframework.security.web.authentication.AnonymousAuthenticationFilter@52bcfd10, org.springframework.security.web.session.SessionManagementFilter@734a2c17, org.springframework.security.web.access.ExceptionTranslationFilter@3bc33ad9, org.springframework.security.web.access.intercept.FilterSecurityInterceptor@6c92a59d]
2026-01-06 22:11:25.465  INFO 17972 --- [main] o.s.b.a.e.web.EndpointLinksResolver      : Exposing 1 endpoint(s) beneath base path '/actuator'
2026-01-06 22:11:25.527  INFO 17972 --- [main] o.s.b.w.embedded.tomcat.TomcatWebServer  : Tomcat started on port(s): 8080 (http) with context path ''
2026-01-06 22:11:25.543  INFO 17972 --- [main] org.example.kortex.KortexApplication     : Started KortexApplication in 5.619 seconds (JVM running for 6.426)
2026-01-06 22:11:25.865  INFO 17972 --- [RMI TCP Connection(3)-26.93.201.44] o.a.c.c.C.[Tomcat].[localhost].[/]       : Initializing Spring DispatcherServlet 'dispatcherServlet'
2026-01-06 22:11:25.866  INFO 17972 --- [RMI TCP Connection(3)-26.93.201.44] o.s.web.servlet.DispatcherServlet        : Initializing Servlet 'dispatcherServlet'
2026-01-06 22:11:25.868  INFO 17972 --- [RMI TCP Connection(3)-26.93.201.44] o.s.web.servlet.DispatcherServlet        : Completed initialization in 2 ms
2026-01-06 22:11:29.537  INFO 17972 --- [http-nio-8080-exec-1] o.e.kortex.users.domain.AuthService      : Отправка пользователю код на email=aaaaaa.bbbbbb.18@inbox.ru
2026-01-06 22:11:29.539  INFO 17972 --- [http-nio-8080-exec-2] o.e.kortex.users.domain.AuthService      : Попытка входа для email=aaaaaa.bbbbbb.18@inbox.ru
2026-01-06 22:11:29.545  INFO 17972 --- [http-nio-8080-exec-1] o.e.kortex.users.domain.UserService      : Поиск пользователя с email: aaaaaa.bbbbbb.18@inbox.ru
2026-01-06 22:11:29.604  INFO 17972 --- [http-nio-8080-exec-1] o.e.kortex.users.domain.AuthService      : Код подтверждения отправлен на email=aaaaaa.bbbbbb.18@inbox.ru
2026-01-06 22:11:29.604  INFO 17972 --- [Async-1] o.e.k.users.domain.EmailSenderService    : Отпрвавка сообщение на регистрацию на почту: aaaaaa.bbbbbb.18@inbox.ru с кодом 895801
2026-01-06 22:11:29.619  INFO 17972 --- [http-nio-8080-exec-2] o.e.kortex.users.domain.UserService      : Поиск пользователя с email: aaaaaa.bbbbbb.18@inbox.ru
2026-01-06 22:11:29.708 ERROR 17972 --- [http-nio-8080-exec-2] o.e.kortex.users.domain.AuthService      : Ошибка входа для aaaaaa.bbbbbb.18@inbox.ru: Неверные учетные данные пользователя
2026-01-06 22:11:40.960  INFO 17972 --- [Async-1] o.e.k.users.domain.EmailSenderService    : Сообщение отправлено на регистрацию на почту: aaaaaa.bbbbbb.18@inbox.ru с кодом 895801
2026-01-06 22:15:45.168  INFO 17972 --- [SpringApplicationShutdownHook] j.LocalContainerEntityManagerFactoryBean : Closing JPA EntityManagerFactory for persistence unit 'default'
2026-01-06 22:15:45.216  INFO 17972 --- [SpringApplicationShutdownHook] com.zaxxer.hikari.HikariDataSource       : HikariPool-1 - Shutdown initiated...
2026-01-06 22:15:45.243  INFO 17972 --- [SpringApplicationShutdownHook] com.zaxxer.hikari.HikariDataSource       : HikariPool-1 - Shutdown completed.
2026-01-06 22:15:52.017  INFO 14656 --- [main] org.example.kortex.KortexApplication     : Starting KortexApplication using Java 21.0.1 on DESKTOP-4APF200 with PID 14656 (C:\java Ultimate\Kortex\target\classes started by 7 in C:\java Ultimate\Kortex)
2026-01-06 22:15:52.023  INFO 14656 --- [main] org.example.kortex.KortexApplication     : No active profile set, falling back to 1 default profile: "default"
2026-01-06 22:15:53.540  INFO 14656 --- [main] .s.d.r.c.RepositoryConfigurationDelegate : Bootstrapping Spring Data JPA repositories in DEFAULT mode.
2026-01-06 22:15:53.627  INFO 14656 --- [main] .s.d.r.c.RepositoryConfigurationDelegate : Finished Spring Data repository scanning in 78 ms. Found 7 JPA repository interfaces.
2026-01-06 22:15:54.337  INFO 14656 --- [main] o.s.b.w.embedded.tomcat.TomcatWebServer  : Tomcat initialized with port(s): 8080 (http)
2026-01-06 22:15:54.352  INFO 14656 --- [main] o.apache.catalina.core.StandardService   : Starting service [Tomcat]
2026-01-06 22:15:54.353  INFO 14656 --- [main] org.apache.catalina.core.StandardEngine  : Starting Servlet engine: [Apache Tomcat/9.0.73]
2026-01-06 22:15:54.563  INFO 14656 --- [main] o.a.c.c.C.[Tomcat].[localhost].[/]       : Initializing Spring embedded WebApplicationContext
2026-01-06 22:15:54.564  INFO 14656 --- [main] w.s.c.ServletWebServerApplicationContext : Root WebApplicationContext: initialization completed in 2462 ms
2026-01-06 22:15:55.086  INFO 14656 --- [main] o.hibernate.jpa.internal.util.LogHelper  : HHH000204: Processing PersistenceUnitInfo [name: default]
2026-01-06 22:15:55.137  INFO 14656 --- [main] org.hibernate.Version                    : HHH000412: Hibernate ORM core version 5.6.15.Final
2026-01-06 22:15:55.309  INFO 14656 --- [main] o.hibernate.annotations.common.Version   : HCANN000001: Hibernate Commons Annotations {5.1.2.Final}
2026-01-06 22:15:55.407  INFO 14656 --- [main] com.zaxxer.hikari.HikariDataSource       : HikariPool-1 - Starting...
2026-01-06 22:15:55.589  INFO 14656 --- [main] com.zaxxer.hikari.HikariDataSource       : HikariPool-1 - Start completed.
2026-01-06 22:15:55.609  INFO 14656 --- [main] org.hibernate.dialect.Dialect            : HHH000400: Using dialect: org.hibernate.dialect.PostgreSQLDialect
2026-01-06 22:15:56.633  INFO 14656 --- [main] o.h.e.t.j.p.i.JtaPlatformInitiator       : HHH000490: Using JtaPlatform implementation: [org.hibernate.engine.transaction.jta.platform.internal.NoJtaPlatform]
2026-01-06 22:15:56.646  INFO 14656 --- [main] j.LocalContainerEntityManagerFactoryBean : Initialized JPA EntityManagerFactory for persistence unit 'default'
2026-01-06 22:15:57.159  INFO 14656 --- [main] o.s.aop.framework.CglibAopProxy          : Unable to proxy interface-implementing method [public final void org.springframework.web.filter.OncePerRequestFilter.doFilter(javax.servlet.ServletRequest,javax.servlet.ServletResponse,javax.servlet.FilterChain) throws javax.servlet.ServletException,java.io.IOException] because it is marked as final: Consider using interface-based JDK proxies instead!
2026-01-06 22:15:57.159  INFO 14656 --- [main] o.s.aop.framework.CglibAopProxy          : Unable to proxy interface-implementing method [public final void org.springframework.web.filter.GenericFilterBean.init(javax.servlet.FilterConfig) throws javax.servlet.ServletException] because it is marked as final: Consider using interface-based JDK proxies instead!
2026-01-06 22:15:57.679  INFO 14656 --- [main] o.s.s.web.DefaultSecurityFilterChain     : Will secure any request with [org.springframework.security.web.session.DisableEncodeUrlFilter@345d641e, org.springframework.security.web.context.request.async.WebAsyncManagerIntegrationFilter@70cdbd18, org.springframework.security.web.context.SecurityContextPersistenceFilter@6d5d1204, org.springframework.security.web.header.HeaderWriterFilter@62ec4146, org.springframework.security.web.authentication.logout.LogoutFilter@2f11d889, org.example.kortex.config.JwtFilter@5e663ab, org.springframework.security.web.savedrequest.RequestCacheAwareFilter@49ea4b65, org.springframework.security.web.servletapi.SecurityContextHolderAwareRequestFilter@4af6839c, org.springframework.security.web.authentication.AnonymousAuthenticationFilter@3c62c81f, org.springframework.security.web.session.SessionManagementFilter@6f12b637, org.springframework.security.web.access.ExceptionTranslationFilter@5f1c406e, org.springframework.security.web.access.intercept.FilterSecurityInterceptor@5837cb9e]
2026-01-06 22:15:58.300  INFO 14656 --- [main] o.s.b.a.e.web.EndpointLinksResolver      : Exposing 1 endpoint(s) beneath base path '/actuator'
2026-01-06 22:15:58.348  INFO 14656 --- [main] o.s.b.w.embedded.tomcat.TomcatWebServer  : Tomcat started on port(s): 8080 (http) with context path ''
2026-01-06 22:15:58.360  INFO 14656 --- [main] org.example.kortex.KortexApplication     : Started KortexApplication in 6.883 seconds (JVM running for 8.085)
2026-01-06 22:15:58.649  INFO 14656 --- [RMI TCP Connection(1)-26.93.201.44] o.a.c.c.C.[Tomcat].[localhost].[/]       : Initializing Spring DispatcherServlet 'dispatcherServlet'
2026-01-06 22:15:58.650  INFO 14656 --- [RMI TCP Connection(1)-26.93.201.44] o.s.web.servlet.DispatcherServlet        : Initializing Servlet 'dispatcherServlet'
2026-01-06 22:15:58.653  INFO 14656 --- [RMI TCP Connection(1)-26.93.201.44] o.s.web.servlet.DispatcherServlet        : Completed initialization in 3 ms
2026-01-06 22:16:27.615  INFO 14656 --- [http-nio-8080-exec-1] o.e.kortex.users.domain.AuthService      : Отправка пользователю код на email=aaaaaa.bbbbbb.18@inbox.ru
2026-01-06 22:16:27.616  INFO 14656 --- [http-nio-8080-exec-2] o.e.kortex.users.domain.AuthService      : Попытка входа для email=aaaaaa.bbbbbb.18@inbox.ru
2026-01-06 22:16:27.619  INFO 14656 --- [http-nio-8080-exec-1] o.e.kortex.users.domain.UserService      : Поиск пользователя с email: aaaaaa.bbbbbb.18@inbox.ru
2026-01-06 22:16:27.662  INFO 14656 --- [http-nio-8080-exec-1] o.e.kortex.users.domain.AuthService      : Код подтверждения отправлен на email=aaaaaa.bbbbbb.18@inbox.ru
2026-01-06 22:16:27.662  INFO 14656 --- [Async-1] o.e.k.users.domain.EmailSenderService    : Отпрвавка сообщение на регистрацию на почту: aaaaaa.bbbbbb.18@inbox.ru с кодом 962292
2026-01-06 22:16:27.684  INFO 14656 --- [http-nio-8080-exec-2] o.e.kortex.users.domain.UserService      : Поиск пользователя с email: aaaaaa.bbbbbb.18@inbox.ru
2026-01-06 22:16:27.754 ERROR 14656 --- [http-nio-8080-exec-2] o.e.kortex.users.domain.AuthService      : Ошибка входа для aaaaaa.bbbbbb.18@inbox.ru: Неверные учетные данные пользователя
2026-01-06 22:16:39.285  INFO 14656 --- [Async-1] o.e.k.users.domain.EmailSenderService    : Сообщение отправлено на регистрацию на почту: aaaaaa.bbbbbb.18@inbox.ru с кодом 962292
2026-01-06 22:16:51.365  INFO 14656 --- [http-nio-8080-exec-4] o.e.kortex.users.domain.AuthService      : Попытка входа для email=aaaaaa.bbbbbb.18@inbox.ru
2026-01-06 22:16:51.365  INFO 14656 --- [http-nio-8080-exec-3] o.e.kortex.users.domain.AuthService      : Отправка пользователю код на email=aaaaaa.bbbbbb.18@inbox.ru
2026-01-06 22:16:51.365  INFO 14656 --- [http-nio-8080-exec-4] o.e.kortex.users.domain.UserService      : Поиск пользователя с email: aaaaaa.bbbbbb.18@inbox.ru
2026-01-06 22:16:51.366  INFO 14656 --- [http-nio-8080-exec-3] o.e.kortex.users.domain.UserService      : Поиск пользователя с email: aaaaaa.bbbbbb.18@inbox.ru
2026-01-06 22:16:51.373  INFO 14656 --- [http-nio-8080-exec-3] o.e.kortex.users.domain.AuthService      : Код подтверждения отправлен на email=aaaaaa.bbbbbb.18@inbox.ru
2026-01-06 22:16:51.373  INFO 14656 --- [Async-2] o.e.k.users.domain.EmailSenderService    : Отпрвавка сообщение на регистрацию на почту: aaaaaa.bbbbbb.18@inbox.ru с кодом 796302
2026-01-06 22:16:51.434 ERROR 14656 --- [http-nio-8080-exec-4] o.e.kortex.users.domain.AuthService      : Ошибка входа для aaaaaa.bbbbbb.18@inbox.ru: Неверные учетные данные пользователя
2026-01-06 22:16:57.149  INFO 14656 --- [SpringApplicationShutdownHook] j.LocalContainerEntityManagerFactoryBean : Closing JPA EntityManagerFactory for persistence unit 'default'
2026-01-06 22:16:57.151  INFO 14656 --- [SpringApplicationShutdownHook] com.zaxxer.hikari.HikariDataSource       : HikariPool-1 - Shutdown initiated...
2026-01-06 22:16:57.154  INFO 14656 --- [SpringApplicationShutdownHook] com.zaxxer.hikari.HikariDataSource       : HikariPool-1 - Shutdown completed.
2026-01-06 22:17:00.931  INFO 25048 --- [main] org.example.kortex.KortexApplication     : Starting KortexApplication using Java 21.0.1 on DESKTOP-4APF200 with PID 25048 (C:\java Ultimate\Kortex\target\classes started by 7 in C:\java Ultimate\Kortex)
2026-01-06 22:17:00.936  INFO 25048 --- [main] org.example.kortex.KortexApplication     : No active profile set, falling back to 1 default profile: "default"
2026-01-06 22:17:01.905  INFO 25048 --- [main] .s.d.r.c.RepositoryConfigurationDelegate : Bootstrapping Spring Data JPA repositories in DEFAULT mode.
2026-01-06 22:17:01.969  INFO 25048 --- [main] .s.d.r.c.RepositoryConfigurationDelegate : Finished Spring Data repository scanning in 58 ms. Found 7 JPA repository interfaces.
2026-01-06 22:17:02.449  INFO 25048 --- [main] o.s.b.w.embedded.tomcat.TomcatWebServer  : Tomcat initialized with port(s): 8080 (http)
2026-01-06 22:17:02.457  INFO 25048 --- [main] o.apache.catalina.core.StandardService   : Starting service [Tomcat]
2026-01-06 22:17:02.457  INFO 25048 --- [main] org.apache.catalina.core.StandardEngine  : Starting Servlet engine: [Apache Tomcat/9.0.73]
2026-01-06 22:17:02.571  INFO 25048 --- [main] o.a.c.c.C.[Tomcat].[localhost].[/]       : Initializing Spring embedded WebApplicationContext
2026-01-06 22:17:02.572  INFO 25048 --- [main] w.s.c.ServletWebServerApplicationContext : Root WebApplicationContext: initialization completed in 1571 ms
2026-01-06 22:17:02.856  INFO 25048 --- [main] o.hibernate.jpa.internal.util.LogHelper  : HHH000204: Processing PersistenceUnitInfo [name: default]
2026-01-06 22:17:02.903  INFO 25048 --- [main] org.hibernate.Version                    : HHH000412: Hibernate ORM core version 5.6.15.Final
2026-01-06 22:17:03.048  INFO 25048 --- [main] o.hibernate.annotations.common.Version   : HCANN000001: Hibernate Commons Annotations {5.1.2.Final}
2026-01-06 22:17:03.133  INFO 25048 --- [main] com.zaxxer.hikari.HikariDataSource       : HikariPool-1 - Starting...
2026-01-06 22:17:03.315  INFO 25048 --- [main] com.zaxxer.hikari.HikariDataSource       : HikariPool-1 - Start completed.
2026-01-06 22:17:03.330  INFO 25048 --- [main] org.hibernate.dialect.Dialect            : HHH000400: Using dialect: org.hibernate.dialect.PostgreSQLDialect
2026-01-06 22:17:04.129  INFO 25048 --- [main] o.h.e.t.j.p.i.JtaPlatformInitiator       : HHH000490: Using JtaPlatform implementation: [org.hibernate.engine.transaction.jta.platform.internal.NoJtaPlatform]
2026-01-06 22:17:04.142  INFO 25048 --- [main] j.LocalContainerEntityManagerFactoryBean : Initialized JPA EntityManagerFactory for persistence unit 'default'
2026-01-06 22:17:04.497  INFO 25048 --- [main] o.s.aop.framework.CglibAopProxy          : Unable to proxy interface-implementing method [public final void org.springframework.web.filter.OncePerRequestFilter.doFilter(javax.servlet.ServletRequest,javax.servlet.ServletResponse,javax.servlet.FilterChain) throws javax.servlet.ServletException,java.io.IOException] because it is marked as final: Consider using interface-based JDK proxies instead!
2026-01-06 22:17:04.498  INFO 25048 --- [main] o.s.aop.framework.CglibAopProxy          : Unable to proxy interface-implementing method [public final void org.springframework.web.filter.GenericFilterBean.init(javax.servlet.FilterConfig) throws javax.servlet.ServletException] because it is marked as final: Consider using interface-based JDK proxies instead!
2026-01-06 22:17:05.019  INFO 25048 --- [main] o.s.s.web.DefaultSecurityFilterChain     : Will secure any request with [org.springframework.security.web.session.DisableEncodeUrlFilter@13552290, org.springframework.security.web.context.request.async.WebAsyncManagerIntegrationFilter@188ab96, org.springframework.security.web.context.SecurityContextPersistenceFilter@4a9f0360, org.springframework.security.web.header.HeaderWriterFilter@444ebefd, org.springframework.security.web.authentication.logout.LogoutFilter@5bbc033f, org.example.kortex.config.JwtFilter@5e663ab, org.springframework.security.web.savedrequest.RequestCacheAwareFilter@eea0b48, org.springframework.security.web.servletapi.SecurityContextHolderAwareRequestFilter@5feb8e9a, org.springframework.security.web.authentication.AnonymousAuthenticationFilter@553d828a, org.springframework.security.web.session.SessionManagementFilter@65880400, org.springframework.security.web.access.ExceptionTranslationFilter@490704a5, org.springframework.security.web.access.intercept.FilterSecurityInterceptor@188058fb]
2026-01-06 22:17:05.486  INFO 25048 --- [main] o.s.b.a.e.web.EndpointLinksResolver      : Exposing 1 endpoint(s) beneath base path '/actuator'
2026-01-06 22:17:05.536  INFO 25048 --- [main] o.s.b.w.embedded.tomcat.TomcatWebServer  : Tomcat started on port(s): 8080 (http) with context path ''
2026-01-06 22:17:05.547  INFO 25048 --- [main] org.example.kortex.KortexApplication     : Started KortexApplication in 5.212 seconds (JVM running for 6.184)
2026-01-06 22:17:05.819  INFO 25048 --- [RMI TCP Connection(3)-26.93.201.44] o.a.c.c.C.[Tomcat].[localhost].[/]       : Initializing Spring DispatcherServlet 'dispatcherServlet'
2026-01-06 22:17:05.820  INFO 25048 --- [RMI TCP Connection(3)-26.93.201.44] o.s.web.servlet.DispatcherServlet        : Initializing Servlet 'dispatcherServlet'
2026-01-06 22:17:05.822  INFO 25048 --- [RMI TCP Connection(3)-26.93.201.44] o.s.web.servlet.DispatcherServlet        : Completed initialization in 2 ms
2026-01-06 22:17:10.030  INFO 25048 --- [SpringApplicationShutdownHook] j.LocalContainerEntityManagerFactoryBean : Closing JPA EntityManagerFactory for persistence unit 'default'
2026-01-06 22:17:10.032  INFO 25048 --- [SpringApplicationShutdownHook] com.zaxxer.hikari.HikariDataSource       : HikariPool-1 - Shutdown initiated...
2026-01-06 22:17:10.035  INFO 25048 --- [SpringApplicationShutdownHook] com.zaxxer.hikari.HikariDataSource       : HikariPool-1 - Shutdown completed.
2026-01-06 22:17:13.009  INFO 21624 --- [main] org.example.kortex.KortexApplication     : Starting KortexApplication using Java 21.0.1 on DESKTOP-4APF200 with PID 21624 (C:\java Ultimate\Kortex\target\classes started by 7 in C:\java Ultimate\Kortex)
2026-01-06 22:17:13.012  INFO 21624 --- [main] org.example.kortex.KortexApplication     : No active profile set, falling back to 1 default profile: "default"
2026-01-06 22:17:13.924  INFO 21624 --- [main] .s.d.r.c.RepositoryConfigurationDelegate : Bootstrapping Spring Data JPA repositories in DEFAULT mode.
2026-01-06 22:17:13.994  INFO 21624 --- [main] .s.d.r.c.RepositoryConfigurationDelegate : Finished Spring Data repository scanning in 63 ms. Found 7 JPA repository interfaces.
2026-01-06 22:17:14.428  INFO 21624 --- [main] o.s.b.w.embedded.tomcat.TomcatWebServer  : Tomcat initialized with port(s): 8080 (http)
2026-01-06 22:17:14.435  INFO 21624 --- [main] o.apache.catalina.core.StandardService   : Starting service [Tomcat]
2026-01-06 22:17:14.435  INFO 21624 --- [main] org.apache.catalina.core.StandardEngine  : Starting Servlet engine: [Apache Tomcat/9.0.73]
2026-01-06 22:17:14.606  INFO 21624 --- [main] o.a.c.c.C.[Tomcat].[localhost].[/]       : Initializing Spring embedded WebApplicationContext
2026-01-06 22:17:14.609  INFO 21624 --- [main] w.s.c.ServletWebServerApplicationContext : Root WebApplicationContext: initialization completed in 1545 ms
2026-01-06 22:17:14.879  INFO 21624 --- [main] o.hibernate.jpa.internal.util.LogHelper  : HHH000204: Processing PersistenceUnitInfo [name: default]
2026-01-06 22:17:14.921  INFO 21624 --- [main] org.hibernate.Version                    : HHH000412: Hibernate ORM core version 5.6.15.Final
2026-01-06 22:17:15.066  INFO 21624 --- [main] o.hibernate.annotations.common.Version   : HCANN000001: Hibernate Commons Annotations {5.1.2.Final}
2026-01-06 22:17:15.153  INFO 21624 --- [main] com.zaxxer.hikari.HikariDataSource       : HikariPool-1 - Starting...
2026-01-06 22:17:15.314  INFO 21624 --- [main] com.zaxxer.hikari.HikariDataSource       : HikariPool-1 - Start completed.
2026-01-06 22:17:15.344  INFO 21624 --- [main] org.hibernate.dialect.Dialect            : HHH000400: Using dialect: org.hibernate.dialect.PostgreSQLDialect
2026-01-06 22:17:16.362  INFO 21624 --- [main] o.h.e.t.j.p.i.JtaPlatformInitiator       : HHH000490: Using JtaPlatform implementation: [org.hibernate.engine.transaction.jta.platform.internal.NoJtaPlatform]
2026-01-06 22:17:16.369  INFO 21624 --- [main] j.LocalContainerEntityManagerFactoryBean : Initialized JPA EntityManagerFactory for persistence unit 'default'
2026-01-06 22:17:16.713  INFO 21624 --- [main] o.s.aop.framework.CglibAopProxy          : Unable to proxy interface-implementing method [public final void org.springframework.web.filter.OncePerRequestFilter.doFilter(javax.servlet.ServletRequest,javax.servlet.ServletResponse,javax.servlet.FilterChain) throws javax.servlet.ServletException,java.io.IOException] because it is marked as final: Consider using interface-based JDK proxies instead!
2026-01-06 22:17:16.713  INFO 21624 --- [main] o.s.aop.framework.CglibAopProxy          : Unable to proxy interface-implementing method [public final void org.springframework.web.filter.GenericFilterBean.init(javax.servlet.FilterConfig) throws javax.servlet.ServletException] because it is marked as final: Consider using interface-based JDK proxies instead!
2026-01-06 22:17:17.144  INFO 21624 --- [main] o.s.s.web.DefaultSecurityFilterChain     : Will secure any request with [org.springframework.security.web.session.DisableEncodeUrlFilter@232be28d, org.springframework.security.web.context.request.async.WebAsyncManagerIntegrationFilter@69c6e5, org.springframework.security.web.context.SecurityContextPersistenceFilter@502b9399, org.springframework.security.web.header.HeaderWriterFilter@3555d804, org.springframework.security.web.authentication.logout.LogoutFilter@4a9f0360, org.example.kortex.config.JwtFilter@4d9bccfe, org.springframework.security.web.savedrequest.RequestCacheAwareFilter@e23af91, org.springframework.security.web.servletapi.SecurityContextHolderAwareRequestFilter@396ec737, org.springframework.security.web.authentication.AnonymousAuthenticationFilter@6705fb02, org.springframework.security.web.session.SessionManagementFilter@4c4be9d8, org.springframework.security.web.access.ExceptionTranslationFilter@4f72078d, org.springframework.security.web.access.intercept.FilterSecurityInterceptor@62d21afd]
2026-01-06 22:17:17.559  INFO 21624 --- [main] o.s.b.a.e.web.EndpointLinksResolver      : Exposing 1 endpoint(s) beneath base path '/actuator'
2026-01-06 22:17:17.599  INFO 21624 --- [main] o.s.b.w.embedded.tomcat.TomcatWebServer  : Tomcat started on port(s): 8080 (http) with context path ''
2026-01-06 22:17:17.609  INFO 21624 --- [main] org.example.kortex.KortexApplication     : Started KortexApplication in 5.028 seconds (JVM running for 6.521)
2026-01-06 22:17:18.017  INFO 21624 --- [RMI TCP Connection(4)-26.93.201.44] o.a.c.c.C.[Tomcat].[localhost].[/]       : Initializing Spring DispatcherServlet 'dispatcherServlet'
2026-01-06 22:17:18.018  INFO 21624 --- [RMI TCP Connection(4)-26.93.201.44] o.s.web.servlet.DispatcherServlet        : Initializing Servlet 'dispatcherServlet'
2026-01-06 22:17:18.020  INFO 21624 --- [RMI TCP Connection(4)-26.93.201.44] o.s.web.servlet.DispatcherServlet        : Completed initialization in 2 ms
2026-01-06 22:17:20.447  INFO 21624 --- [http-nio-8080-exec-1] org.example.kortex.config.JwtFilter      : JWT токен не найден в запросе
2026-01-06 22:17:20.609  INFO 21624 --- [http-nio-8080-exec-2] org.example.kortex.config.JwtFilter      : JWT токен не найден в запросе
2026-01-06 22:17:37.985  INFO 21624 --- [http-nio-8080-exec-3] o.e.kortex.users.domain.AuthService      : Отправка пользователю код на email=asda@bk.ru
2026-01-06 22:17:37.985  INFO 21624 --- [http-nio-8080-exec-1] o.e.kortex.users.domain.AuthService      : Попытка входа для email=asda@bk.ru
2026-01-06 22:17:37.993  INFO 21624 --- [http-nio-8080-exec-3] o.e.kortex.users.domain.UserService      : Поиск пользователя с email: asda@bk.ru
2026-01-06 22:17:38.037  INFO 21624 --- [http-nio-8080-exec-3] o.e.kortex.users.domain.AuthService      : Код подтверждения отправлен на email=asda@bk.ru
2026-01-06 22:17:38.037  INFO 21624 --- [Async-1] o.e.k.users.domain.EmailSenderService    : Отпрвавка сообщение на регистрацию на почту: asda@bk.ru с кодом 515581
2026-01-06 22:17:38.060  INFO 21624 --- [http-nio-8080-exec-1] o.e.kortex.users.domain.UserService      : Поиск пользователя с email: asda@bk.ru
2026-01-06 22:17:38.130 ERROR 21624 --- [http-nio-8080-exec-1] o.e.kortex.users.domain.AuthService      : Ошибка входа для asda@bk.ru: Неверные учетные данные пользователя
2026-01-06 22:17:39.482  INFO 21624 --- [http-nio-8080-exec-4] org.example.kortex.config.JwtFilter      : JWT токен не найден в запросе
2026-01-06 22:17:40.882  INFO 21624 --- [http-nio-8080-exec-1] org.example.kortex.config.JwtFilter      : JWT токен не найден в запросе
2026-01-06 22:17:49.678  INFO 21624 --- [Async-1] o.e.k.users.domain.EmailSenderService    : Сообщение отправлено на регистрацию на почту: asda@bk.ru с кодом 515581
2026-01-06 22:18:20.376  WARN 21624 --- [http-nio-8080-exec-4] .w.s.m.s.DefaultHandlerExceptionResolver : Resolved [org.springframework.http.converter.HttpMessageNotReadableException: Required request body is missing: public org.springframework.http.ResponseEntity<?> org.example.kortex.users.api.AuthController.verifyRegistration(org.example.kortex.users.api.dto.auth.VerifyRegisterRequest,javax.servlet.http.HttpServletResponse)]
2026-01-06 22:19:20.926  INFO 21624 --- [SpringApplicationShutdownHook] j.LocalContainerEntityManagerFactoryBean : Closing JPA EntityManagerFactory for persistence unit 'default'
2026-01-06 22:19:20.931  INFO 21624 --- [SpringApplicationShutdownHook] com.zaxxer.hikari.HikariDataSource       : HikariPool-1 - Shutdown initiated...
2026-01-06 22:19:20.935  INFO 21624 --- [SpringApplicationShutdownHook] com.zaxxer.hikari.HikariDataSource       : HikariPool-1 - Shutdown completed.
2026-01-06 22:19:27.955  INFO 14128 --- [main] org.example.kortex.KortexApplication     : Starting KortexApplication using Java 21.0.1 on DESKTOP-4APF200 with PID 14128 (C:\java Ultimate\Kortex\target\classes started by 7 in C:\java Ultimate\Kortex)
2026-01-06 22:19:27.960  INFO 14128 --- [main] org.example.kortex.KortexApplication     : No active profile set, falling back to 1 default profile: "default"
2026-01-06 22:19:28.931  INFO 14128 --- [main] .s.d.r.c.RepositoryConfigurationDelegate : Bootstrapping Spring Data JPA repositories in DEFAULT mode.
2026-01-06 22:19:29.006  INFO 14128 --- [main] .s.d.r.c.RepositoryConfigurationDelegate : Finished Spring Data repository scanning in 67 ms. Found 7 JPA repository interfaces.
2026-01-06 22:19:29.530  INFO 14128 --- [main] o.s.b.w.embedded.tomcat.TomcatWebServer  : Tomcat initialized with port(s): 8080 (http)
2026-01-06 22:19:29.540  INFO 14128 --- [main] o.apache.catalina.core.StandardService   : Starting service [Tomcat]
2026-01-06 22:19:29.540  INFO 14128 --- [main] org.apache.catalina.core.StandardEngine  : Starting Servlet engine: [Apache Tomcat/9.0.73]
2026-01-06 22:19:29.655  INFO 14128 --- [main] o.a.c.c.C.[Tomcat].[localhost].[/]       : Initializing Spring embedded WebApplicationContext
2026-01-06 22:19:29.656  INFO 14128 --- [main] w.s.c.ServletWebServerApplicationContext : Root WebApplicationContext: initialization completed in 1637 ms
2026-01-06 22:19:29.933  INFO 14128 --- [main] o.hibernate.jpa.internal.util.LogHelper  : HHH000204: Processing PersistenceUnitInfo [name: default]
2026-01-06 22:19:29.985  INFO 14128 --- [main] org.hibernate.Version                    : HHH000412: Hibernate ORM core version 5.6.15.Final
2026-01-06 22:19:30.150  INFO 14128 --- [main] o.hibernate.annotations.common.Version   : HCANN000001: Hibernate Commons Annotations {5.1.2.Final}
2026-01-06 22:19:30.230  INFO 14128 --- [main] com.zaxxer.hikari.HikariDataSource       : HikariPool-1 - Starting...
2026-01-06 22:19:30.410  INFO 14128 --- [main] com.zaxxer.hikari.HikariDataSource       : HikariPool-1 - Start completed.
2026-01-06 22:19:30.427  INFO 14128 --- [main] org.hibernate.dialect.Dialect            : HHH000400: Using dialect: org.hibernate.dialect.PostgreSQLDialect
2026-01-06 22:19:31.234  INFO 14128 --- [main] o.h.e.t.j.p.i.JtaPlatformInitiator       : HHH000490: Using JtaPlatform implementation: [org.hibernate.engine.transaction.jta.platform.internal.NoJtaPlatform]
2026-01-06 22:19:31.243  INFO 14128 --- [main] j.LocalContainerEntityManagerFactoryBean : Initialized JPA EntityManagerFactory for persistence unit 'default'
2026-01-06 22:19:31.622  INFO 14128 --- [main] o.s.aop.framework.CglibAopProxy          : Unable to proxy interface-implementing method [public final void org.springframework.web.filter.OncePerRequestFilter.doFilter(javax.servlet.ServletRequest,javax.servlet.ServletResponse,javax.servlet.FilterChain) throws javax.servlet.ServletException,java.io.IOException] because it is marked as final: Consider using interface-based JDK proxies instead!
2026-01-06 22:19:31.622  INFO 14128 --- [main] o.s.aop.framework.CglibAopProxy          : Unable to proxy interface-implementing method [public final void org.springframework.web.filter.GenericFilterBean.init(javax.servlet.FilterConfig) throws javax.servlet.ServletException] because it is marked as final: Consider using interface-based JDK proxies instead!
2026-01-06 22:19:32.118  INFO 14128 --- [main] o.s.s.web.DefaultSecurityFilterChain     : Will secure any request with [org.springframework.security.web.session.DisableEncodeUrlFilter@6a4d57b7, org.springframework.security.web.context.request.async.WebAsyncManagerIntegrationFilter@a36ff0b, org.springframework.security.web.context.SecurityContextPersistenceFilter@1dd6e400, org.springframework.security.web.header.HeaderWriterFilter@6d5d1204, org.springframework.security.web.authentication.logout.LogoutFilter@5c40402c, org.example.kortex.config.JwtFilter@5ce41f1f, org.springframework.security.web.savedrequest.RequestCacheAwareFilter@7995a589, org.springframework.security.web.servletapi.SecurityContextHolderAwareRequestFilter@66b3eab0, org.springframework.security.web.authentication.AnonymousAuthenticationFilter@5add7380, org.springframework.security.web.session.SessionManagementFilter@3bc33ad9, org.springframework.security.web.access.ExceptionTranslationFilter@eea0b48, org.springframework.security.web.access.intercept.FilterSecurityInterceptor@7f5a25e2]
2026-01-06 22:19:32.631  INFO 14128 --- [main] o.s.b.a.e.web.EndpointLinksResolver      : Exposing 1 endpoint(s) beneath base path '/actuator'
2026-01-06 22:19:32.682  INFO 14128 --- [main] o.s.b.w.embedded.tomcat.TomcatWebServer  : Tomcat started on port(s): 8080 (http) with context path ''
2026-01-06 22:19:32.694  INFO 14128 --- [main] org.example.kortex.KortexApplication     : Started KortexApplication in 5.187 seconds (JVM running for 7.766)
2026-01-06 22:19:33.013  INFO 14128 --- [RMI TCP Connection(2)-26.93.201.44] o.a.c.c.C.[Tomcat].[localhost].[/]       : Initializing Spring DispatcherServlet 'dispatcherServlet'
2026-01-06 22:19:33.013  INFO 14128 --- [RMI TCP Connection(2)-26.93.201.44] o.s.web.servlet.DispatcherServlet        : Initializing Servlet 'dispatcherServlet'
2026-01-06 22:19:33.014  INFO 14128 --- [RMI TCP Connection(2)-26.93.201.44] o.s.web.servlet.DispatcherServlet        : Completed initialization in 1 ms
2026-01-06 22:19:36.172  INFO 14128 --- [http-nio-8080-exec-1] org.example.kortex.config.JwtFilter      : JWT токен не найден в запросе
2026-01-06 22:19:36.259  INFO 14128 --- [http-nio-8080-exec-6] org.example.kortex.config.JwtFilter      : JWT токен не найден в запросе
2026-01-06 22:19:41.556  INFO 14128 --- [http-nio-8080-exec-7] o.e.kortex.users.domain.AuthService      : Попытка входа для email=asda@bk.ru
2026-01-06 22:19:41.556  INFO 14128 --- [http-nio-8080-exec-8] o.e.kortex.users.domain.AuthService      : Отправка пользователю код на email=asda@bk.ru
2026-01-06 22:19:41.572  INFO 14128 --- [http-nio-8080-exec-8] o.e.kortex.users.domain.UserService      : Поиск пользователя с email: asda@bk.ru
2026-01-06 22:19:41.622  INFO 14128 --- [http-nio-8080-exec-8] o.e.kortex.users.domain.AuthService      : Код подтверждения отправлен на email=asda@bk.ru
2026-01-06 22:19:41.623  INFO 14128 --- [Async-1] o.e.k.users.domain.EmailSenderService    : Отпрвавка сообщение на регистрацию на почту: asda@bk.ru с кодом 796186
2026-01-06 22:19:41.642  INFO 14128 --- [http-nio-8080-exec-7] o.e.kortex.users.domain.UserService      : Поиск пользователя с email: asda@bk.ru
2026-01-06 22:19:41.718 ERROR 14128 --- [http-nio-8080-exec-7] o.e.kortex.users.domain.AuthService      : Ошибка входа для asda@bk.ru: Неверные учетные данные пользователя
2026-01-06 22:19:42.580  INFO 14128 --- [http-nio-8080-exec-9] org.example.kortex.config.JwtFilter      : JWT токен не найден в запросе
2026-01-06 22:19:43.777  INFO 14128 --- [http-nio-8080-exec-9] org.example.kortex.config.JwtFilter      : JWT токен не найден в запросе
2026-01-06 22:19:53.312  INFO 14128 --- [Async-1] o.e.k.users.domain.EmailSenderService    : Сообщение отправлено на регистрацию на почту: asda@bk.ru с кодом 796186
2026-01-06 22:19:55.625  WARN 14128 --- [http-nio-8080-exec-1] .w.s.m.s.DefaultHandlerExceptionResolver : Resolved [org.springframework.http.converter.HttpMessageNotReadableException: Required request body is missing: public org.springframework.http.ResponseEntity<?> org.example.kortex.users.api.AuthController.verifyRegistration(org.example.kortex.users.api.dto.auth.VerifyRegisterRequest,javax.servlet.http.HttpServletResponse)]
2026-01-06 22:20:51.909  INFO 14128 --- [SpringApplicationShutdownHook] j.LocalContainerEntityManagerFactoryBean : Closing JPA EntityManagerFactory for persistence unit 'default'
2026-01-06 22:20:51.912  INFO 14128 --- [SpringApplicationShutdownHook] com.zaxxer.hikari.HikariDataSource       : HikariPool-1 - Shutdown initiated...
2026-01-06 22:20:51.918  INFO 14128 --- [SpringApplicationShutdownHook] com.zaxxer.hikari.HikariDataSource       : HikariPool-1 - Shutdown completed.
2026-01-06 22:20:56.523  INFO 8872 --- [main] org.example.kortex.KortexApplication     : Starting KortexApplication using Java 21.0.1 on DESKTOP-4APF200 with PID 8872 (C:\java Ultimate\Kortex\target\classes started by 7 in C:\java Ultimate\Kortex)
2026-01-06 22:20:56.527  INFO 8872 --- [main] org.example.kortex.KortexApplication     : No active profile set, falling back to 1 default profile: "default"
2026-01-06 22:20:57.388  INFO 8872 --- [main] .s.d.r.c.RepositoryConfigurationDelegate : Bootstrapping Spring Data JPA repositories in DEFAULT mode.
2026-01-06 22:20:57.452  INFO 8872 --- [main] .s.d.r.c.RepositoryConfigurationDelegate : Finished Spring Data repository scanning in 58 ms. Found 7 JPA repository interfaces.
2026-01-06 22:20:57.950  INFO 8872 --- [main] o.s.b.w.embedded.tomcat.TomcatWebServer  : Tomcat initialized with port(s): 8080 (http)
2026-01-06 22:20:57.959  INFO 8872 --- [main] o.apache.catalina.core.StandardService   : Starting service [Tomcat]
2026-01-06 22:20:57.959  INFO 8872 --- [main] org.apache.catalina.core.StandardEngine  : Starting Servlet engine: [Apache Tomcat/9.0.73]
2026-01-06 22:20:58.063  INFO 8872 --- [main] o.a.c.c.C.[Tomcat].[localhost].[/]       : Initializing Spring embedded WebApplicationContext
2026-01-06 22:20:58.063  INFO 8872 --- [main] w.s.c.ServletWebServerApplicationContext : Root WebApplicationContext: initialization completed in 1477 ms
2026-01-06 22:20:58.333  INFO 8872 --- [main] o.hibernate.jpa.internal.util.LogHelper  : HHH000204: Processing PersistenceUnitInfo [name: default]
2026-01-06 22:20:58.394  INFO 8872 --- [main] org.hibernate.Version                    : HHH000412: Hibernate ORM core version 5.6.15.Final
2026-01-06 22:20:58.526  INFO 8872 --- [main] o.hibernate.annotations.common.Version   : HCANN000001: Hibernate Commons Annotations {5.1.2.Final}
2026-01-06 22:20:58.601  INFO 8872 --- [main] com.zaxxer.hikari.HikariDataSource       : HikariPool-1 - Starting...
2026-01-06 22:20:58.733  INFO 8872 --- [main] com.zaxxer.hikari.HikariDataSource       : HikariPool-1 - Start completed.
2026-01-06 22:20:58.748  INFO 8872 --- [main] org.hibernate.dialect.Dialect            : HHH000400: Using dialect: org.hibernate.dialect.PostgreSQLDialect
2026-01-06 22:20:59.466  INFO 8872 --- [main] o.h.e.t.j.p.i.JtaPlatformInitiator       : HHH000490: Using JtaPlatform implementation: [org.hibernate.engine.transaction.jta.platform.internal.NoJtaPlatform]
2026-01-06 22:20:59.475  INFO 8872 --- [main] j.LocalContainerEntityManagerFactoryBean : Initialized JPA EntityManagerFactory for persistence unit 'default'
2026-01-06 22:20:59.811  INFO 8872 --- [main] o.s.aop.framework.CglibAopProxy          : Unable to proxy interface-implementing method [public final void org.springframework.web.filter.OncePerRequestFilter.doFilter(javax.servlet.ServletRequest,javax.servlet.ServletResponse,javax.servlet.FilterChain) throws javax.servlet.ServletException,java.io.IOException] because it is marked as final: Consider using interface-based JDK proxies instead!
2026-01-06 22:20:59.811  INFO 8872 --- [main] o.s.aop.framework.CglibAopProxy          : Unable to proxy interface-implementing method [public final void org.springframework.web.filter.GenericFilterBean.init(javax.servlet.FilterConfig) throws javax.servlet.ServletException] because it is marked as final: Consider using interface-based JDK proxies instead!
2026-01-06 22:21:00.295  INFO 8872 --- [main] o.s.s.web.DefaultSecurityFilterChain     : Will secure any request with [org.springframework.security.web.session.DisableEncodeUrlFilter@359a2c96, org.springframework.security.web.context.request.async.WebAsyncManagerIntegrationFilter@1dbf727a, org.springframework.security.web.context.SecurityContextPersistenceFilter@1e3a2177, org.springframework.security.web.header.HeaderWriterFilter@44aa5585, org.springframework.security.web.authentication.logout.LogoutFilter@447630c4, org.example.kortex.config.JwtFilter@7fcbc336, org.springframework.security.web.savedrequest.RequestCacheAwareFilter@24749ad3, org.springframework.security.web.servletapi.SecurityContextHolderAwareRequestFilter@1755aee6, org.springframework.security.web.authentication.AnonymousAuthenticationFilter@70044113, org.springframework.security.web.session.SessionManagementFilter@1ddb6abb, org.springframework.security.web.access.ExceptionTranslationFilter@5ab3f611, org.springframework.security.web.access.intercept.FilterSecurityInterceptor@4cd9ee2c]
2026-01-06 22:21:00.823  INFO 8872 --- [main] o.s.b.a.e.web.EndpointLinksResolver      : Exposing 1 endpoint(s) beneath base path '/actuator'
2026-01-06 22:21:00.863  INFO 8872 --- [main] o.s.b.w.embedded.tomcat.TomcatWebServer  : Tomcat started on port(s): 8080 (http) with context path ''
2026-01-06 22:21:00.873  INFO 8872 --- [main] org.example.kortex.KortexApplication     : Started KortexApplication in 4.762 seconds (JVM running for 5.44)
2026-01-06 22:21:01.179  INFO 8872 --- [RMI TCP Connection(1)-26.93.201.44] o.a.c.c.C.[Tomcat].[localhost].[/]       : Initializing Spring DispatcherServlet 'dispatcherServlet'
2026-01-06 22:21:01.179  INFO 8872 --- [RMI TCP Connection(1)-26.93.201.44] o.s.web.servlet.DispatcherServlet        : Initializing Servlet 'dispatcherServlet'
2026-01-06 22:21:01.181  INFO 8872 --- [RMI TCP Connection(1)-26.93.201.44] o.s.web.servlet.DispatcherServlet        : Completed initialization in 1 ms
2026-01-06 22:21:03.610  INFO 8872 --- [http-nio-8080-exec-1] org.example.kortex.config.JwtFilter      : JWT токен не найден в запросе
2026-01-06 22:21:03.699  INFO 8872 --- [http-nio-8080-exec-6] org.example.kortex.config.JwtFilter      : JWT токен не найден в запросе
2026-01-06 22:21:11.486  INFO 8872 --- [http-nio-8080-exec-8] org.example.kortex.config.JwtFilter      : JWT токен не найден в запросе
2026-01-06 22:21:11.569  INFO 8872 --- [http-nio-8080-exec-6] org.example.kortex.config.JwtFilter      : JWT токен не найден в запросе
2026-01-06 22:21:27.636  INFO 8872 --- [http-nio-8080-exec-8] o.e.kortex.users.domain.AuthService      : Попытка входа для email=adsdsa@bk.ru
2026-01-06 22:21:27.636  INFO 8872 --- [http-nio-8080-exec-7] o.e.kortex.users.domain.AuthService      : Отправка пользователю код на email=adsdsa@bk.ru
2026-01-06 22:21:27.644  INFO 8872 --- [http-nio-8080-exec-7] o.e.kortex.users.domain.UserService      : Поиск пользователя с email: adsdsa@bk.ru
2026-01-06 22:21:27.688  INFO 8872 --- [http-nio-8080-exec-7] o.e.kortex.users.domain.AuthService      : Код подтверждения отправлен на email=adsdsa@bk.ru
2026-01-06 22:21:27.689  INFO 8872 --- [Async-1] o.e.k.users.domain.EmailSenderService    : Отпрвавка сообщение на регистрацию на почту: adsdsa@bk.ru с кодом 608408
2026-01-06 22:21:27.710  INFO 8872 --- [http-nio-8080-exec-8] o.e.kortex.users.domain.UserService      : Поиск пользователя с email: adsdsa@bk.ru
2026-01-06 22:21:27.787 ERROR 8872 --- [http-nio-8080-exec-8] o.e.kortex.users.domain.AuthService      : Ошибка входа для adsdsa@bk.ru: Неверные учетные данные пользователя
2026-01-06 22:21:36.377  INFO 8872 --- [http-nio-8080-exec-4] o.e.kortex.users.domain.AuthService      : Отправка пользователю код на email=adsdsa@bk.ru
2026-01-06 22:21:36.377  INFO 8872 --- [http-nio-8080-exec-9] o.e.kortex.users.domain.AuthService      : Попытка входа для email=adsdsa@bk.ru
2026-01-06 22:21:36.378  INFO 8872 --- [http-nio-8080-exec-9] o.e.kortex.users.domain.UserService      : Поиск пользователя с email: adsdsa@bk.ru
2026-01-06 22:21:36.378  INFO 8872 --- [http-nio-8080-exec-4] o.e.kortex.users.domain.UserService      : Поиск пользователя с email: adsdsa@bk.ru
2026-01-06 22:21:36.386  INFO 8872 --- [http-nio-8080-exec-4] o.e.kortex.users.domain.AuthService      : Код подтверждения отправлен на email=adsdsa@bk.ru
2026-01-06 22:21:36.401  INFO 8872 --- [Async-2] o.e.k.users.domain.EmailSenderService    : Отпрвавка сообщение на регистрацию на почту: adsdsa@bk.ru с кодом 606288
2026-01-06 22:21:36.448 ERROR 8872 --- [http-nio-8080-exec-9] o.e.kortex.users.domain.AuthService      : Ошибка входа для adsdsa@bk.ru: Неверные учетные данные пользователя
2026-01-06 22:21:39.558  INFO 8872 --- [Async-1] o.e.k.users.domain.EmailSenderService    : Сообщение отправлено на регистрацию на почту: adsdsa@bk.ru с кодом 608408
2026-01-06 22:21:47.886  INFO 8872 --- [Async-2] o.e.k.users.domain.EmailSenderService    : Сообщение отправлено на регистрацию на почту: adsdsa@bk.ru с кодом 606288
2026-01-06 22:41:16.366  INFO 8872 --- [SpringApplicationShutdownHook] j.LocalContainerEntityManagerFactoryBean : Closing JPA EntityManagerFactory for persistence unit 'default'
2026-01-06 22:41:16.402  INFO 8872 --- [SpringApplicationShutdownHook] com.zaxxer.hikari.HikariDataSource       : HikariPool-1 - Shutdown initiated...
2026-01-06 22:41:16.414  INFO 8872 --- [SpringApplicationShutdownHook] com.zaxxer.hikari.HikariDataSource       : HikariPool-1 - Shutdown completed.
2026-01-06 22:41:24.743  INFO 25060 --- [main] org.example.kortex.KortexApplication     : Starting KortexApplication using Java 21.0.1 on DESKTOP-4APF200 with PID 25060 (C:\java Ultimate\Kortex\target\classes started by 7 in C:\java Ultimate\Kortex)
2026-01-06 22:41:24.746  INFO 25060 --- [main] org.example.kortex.KortexApplication     : No active profile set, falling back to 1 default profile: "default"
2026-01-06 22:41:26.460  INFO 25060 --- [main] .s.d.r.c.RepositoryConfigurationDelegate : Bootstrapping Spring Data JPA repositories in DEFAULT mode.
2026-01-06 22:41:26.537  INFO 25060 --- [main] .s.d.r.c.RepositoryConfigurationDelegate : Finished Spring Data repository scanning in 70 ms. Found 7 JPA repository interfaces.
2026-01-06 22:41:27.217  INFO 25060 --- [main] o.s.b.w.embedded.tomcat.TomcatWebServer  : Tomcat initialized with port(s): 8080 (http)
2026-01-06 22:41:27.230  INFO 25060 --- [main] o.apache.catalina.core.StandardService   : Starting service [Tomcat]
2026-01-06 22:41:27.230  INFO 25060 --- [main] org.apache.catalina.core.StandardEngine  : Starting Servlet engine: [Apache Tomcat/9.0.73]
2026-01-06 22:41:27.360  INFO 25060 --- [main] o.a.c.c.C.[Tomcat].[localhost].[/]       : Initializing Spring embedded WebApplicationContext
2026-01-06 22:41:27.361  INFO 25060 --- [main] w.s.c.ServletWebServerApplicationContext : Root WebApplicationContext: initialization completed in 2562 ms
2026-01-06 22:41:27.641  INFO 25060 --- [main] o.hibernate.jpa.internal.util.LogHelper  : HHH000204: Processing PersistenceUnitInfo [name: default]
2026-01-06 22:41:27.712  INFO 25060 --- [main] org.hibernate.Version                    : HHH000412: Hibernate ORM core version 5.6.15.Final
2026-01-06 22:41:27.861  INFO 25060 --- [main] o.hibernate.annotations.common.Version   : HCANN000001: Hibernate Commons Annotations {5.1.2.Final}
2026-01-06 22:41:27.963  INFO 25060 --- [main] com.zaxxer.hikari.HikariDataSource       : HikariPool-1 - Starting...
2026-01-06 22:41:28.230  INFO 25060 --- [main] com.zaxxer.hikari.HikariDataSource       : HikariPool-1 - Start completed.
2026-01-06 22:41:28.250  INFO 25060 --- [main] org.hibernate.dialect.Dialect            : HHH000400: Using dialect: org.hibernate.dialect.PostgreSQLDialect
2026-01-06 22:41:29.303  INFO 25060 --- [main] o.h.e.t.j.p.i.JtaPlatformInitiator       : HHH000490: Using JtaPlatform implementation: [org.hibernate.engine.transaction.jta.platform.internal.NoJtaPlatform]
2026-01-06 22:41:29.317  INFO 25060 --- [main] j.LocalContainerEntityManagerFactoryBean : Initialized JPA EntityManagerFactory for persistence unit 'default'
2026-01-06 22:41:29.720  INFO 25060 --- [main] o.s.aop.framework.CglibAopProxy          : Unable to proxy interface-implementing method [public final void org.springframework.web.filter.OncePerRequestFilter.doFilter(javax.servlet.ServletRequest,javax.servlet.ServletResponse,javax.servlet.FilterChain) throws javax.servlet.ServletException,java.io.IOException] because it is marked as final: Consider using interface-based JDK proxies instead!
2026-01-06 22:41:29.720  INFO 25060 --- [main] o.s.aop.framework.CglibAopProxy          : Unable to proxy interface-implementing method [public final void org.springframework.web.filter.GenericFilterBean.init(javax.servlet.FilterConfig) throws javax.servlet.ServletException] because it is marked as final: Consider using interface-based JDK proxies instead!
2026-01-06 22:41:30.307  INFO 25060 --- [main] o.s.s.web.DefaultSecurityFilterChain     : Will secure any request with [org.springframework.security.web.session.DisableEncodeUrlFilter@3ce2c5f6, org.springframework.security.web.context.request.async.WebAsyncManagerIntegrationFilter@20a3321a, org.springframework.security.web.context.SecurityContextPersistenceFilter@66b62332, org.springframework.security.web.header.HeaderWriterFilter@519eab1e, org.springframework.security.web.authentication.logout.LogoutFilter@74901d7, org.example.kortex.config.JwtFilter@57806346, org.springframework.security.web.savedrequest.RequestCacheAwareFilter@240f712e, org.springframework.security.web.servletapi.SecurityContextHolderAwareRequestFilter@3e7ddb7e, org.springframework.security.web.authentication.AnonymousAuthenticationFilter@9c40f43, org.springframework.security.web.session.SessionManagementFilter@4af6839c, org.springframework.security.web.access.ExceptionTranslationFilter@7d5cbcc9, org.springframework.security.web.access.intercept.FilterSecurityInterceptor@345d641e]
2026-01-06 22:41:30.767  INFO 25060 --- [main] o.s.b.a.e.web.EndpointLinksResolver      : Exposing 1 endpoint(s) beneath base path '/actuator'
2026-01-06 22:41:30.808  INFO 25060 --- [main] o.s.b.w.embedded.tomcat.TomcatWebServer  : Tomcat started on port(s): 8080 (http) with context path ''
2026-01-06 22:41:30.817  INFO 25060 --- [main] org.example.kortex.KortexApplication     : Started KortexApplication in 6.529 seconds (JVM running for 7.674)
2026-01-06 22:41:30.997  INFO 25060 --- [RMI TCP Connection(2)-26.93.201.44] o.a.c.c.C.[Tomcat].[localhost].[/]       : Initializing Spring DispatcherServlet 'dispatcherServlet'
2026-01-06 22:41:30.999  INFO 25060 --- [RMI TCP Connection(2)-26.93.201.44] o.s.web.servlet.DispatcherServlet        : Initializing Servlet 'dispatcherServlet'
2026-01-06 22:41:31.005  INFO 25060 --- [RMI TCP Connection(2)-26.93.201.44] o.s.web.servlet.DispatcherServlet        : Completed initialization in 6 ms
2026-01-06 22:41:31.093  INFO 25060 --- [http-nio-8080-exec-1] org.example.kortex.config.JwtFilter      : JWT токен не найден в запросе
2026-01-06 22:41:31.242  INFO 25060 --- [http-nio-8080-exec-8] org.example.kortex.config.JwtFilter      : JWT токен не найден в запросе
2026-01-06 22:41:57.260  INFO 25060 --- [http-nio-8080-exec-10] o.e.kortex.users.domain.AuthService      : Отправка кода регистрации на email=asdffdsa@bk.ru
2026-01-06 22:41:57.260  INFO 25060 --- [http-nio-8080-exec-9] o.e.kortex.users.domain.AuthService      : Попытка входа для email=asdffdsa@bk.ru
2026-01-06 22:41:57.266  INFO 25060 --- [http-nio-8080-exec-10] o.e.kortex.users.domain.UserService      : Поиск пользователя с email: asdffdsa@bk.ru
2026-01-06 22:41:57.331  INFO 25060 --- [http-nio-8080-exec-9] o.e.kortex.users.domain.UserService      : Поиск пользователя с email: asdffdsa@bk.ru
2026-01-06 22:41:57.376  INFO 25060 --- [http-nio-8080-exec-10] o.e.kortex.users.domain.AuthService      : Код подтверждения отправлен на email=asdffdsa@bk.ru
2026-01-06 22:41:57.376  INFO 25060 --- [Async-1] o.e.k.users.domain.EmailSenderService    : Отпрвавка сообщение на регистрацию на почту: asdffdsa@bk.ru с кодом 470383
2026-01-06 22:41:57.402 ERROR 25060 --- [http-nio-8080-exec-9] o.e.kortex.users.domain.AuthService      : Ошибка входа для asdffdsa@bk.ru: Неверные учетные данные пользователя
2026-01-06 22:41:59.061  INFO 25060 --- [http-nio-8080-exec-1] org.example.kortex.config.JwtFilter      : JWT токен не найден в запросе
2026-01-06 22:41:59.193  INFO 25060 --- [http-nio-8080-exec-1] org.example.kortex.config.JwtFilter      : JWT токен не найден в запросе
2026-01-06 22:42:09.149  INFO 25060 --- [Async-1] o.e.k.users.domain.EmailSenderService    : Сообщение отправлено на регистрацию на почту: asdffdsa@bk.ru с кодом 470383
2026-01-06 22:42:13.469  INFO 25060 --- [http-nio-8080-exec-5] o.e.kortex.users.domain.AuthService      : Подтверждение регистрации для ID=eb99ee2f-59f4-4928-8741-00a8aba0ce69
2026-01-06 22:42:13.470  INFO 25060 --- [http-nio-8080-exec-5] o.e.kortex.users.domain.UserService      : Создания пользователя
2026-01-06 22:42:13.559  INFO 25060 --- [http-nio-8080-exec-5] o.e.kortex.users.domain.UserService      : Пользователь создан его id: 12
2026-01-06 22:42:13.562  INFO 25060 --- [http-nio-8080-exec-5] o.e.kortex.carts.domain.CartService      : Создания корзины у пользователя 12
2026-01-06 22:42:13.574  INFO 25060 --- [http-nio-8080-exec-5] o.e.kortex.carts.domain.CartService      : Корзина создана id корзины: 12
2026-01-06 22:42:13.597  INFO 25060 --- [http-nio-8080-exec-5] o.e.kortex.users.domain.AuthService      : Пользователь создан id=12, email=asdffdsa@bk.ru
2026-01-06 22:42:14.623  INFO 25060 --- [http-nio-8080-exec-3] org.example.kortex.config.JwtFilter      : JWT найден в cookie
2026-01-06 22:42:14.645  INFO 25060 --- [http-nio-8080-exec-3] org.example.kortex.config.JwtFilter      : JWT валиден для email: asdffdsa@bk.ru, role: USER
2026-01-06 22:42:14.645  INFO 25060 --- [http-nio-8080-exec-3] o.e.kortex.users.domain.UserService      : Поиск пользователя с email: asdffdsa@bk.ru
2026-01-06 22:42:14.662  INFO 25060 --- [http-nio-8080-exec-3] org.example.kortex.config.JwtFilter      : Аутентификация установлена для: asdffdsa@bk.ru
2026-01-06 22:42:14.721  INFO 25060 --- [http-nio-8080-exec-5] org.example.kortex.config.JwtFilter      : JWT найден в cookie
2026-01-06 22:42:14.737  INFO 25060 --- [http-nio-8080-exec-5] org.example.kortex.config.JwtFilter      : JWT валиден для email: asdffdsa@bk.ru, role: USER
2026-01-06 22:42:14.738  INFO 25060 --- [http-nio-8080-exec-5] o.e.kortex.users.domain.UserService      : Поиск пользователя с email: asdffdsa@bk.ru
2026-01-06 22:42:14.741  INFO 25060 --- [http-nio-8080-exec-3] org.example.kortex.config.JwtFilter      : JWT найден в cookie
2026-01-06 22:42:14.743  INFO 25060 --- [http-nio-8080-exec-5] org.example.kortex.config.JwtFilter      : Аутентификация установлена для: asdffdsa@bk.ru
2026-01-06 22:42:14.747  INFO 25060 --- [http-nio-8080-exec-3] org.example.kortex.config.JwtFilter      : JWT валиден для email: asdffdsa@bk.ru, role: USER
2026-01-06 22:42:14.748  INFO 25060 --- [http-nio-8080-exec-3] o.e.kortex.users.domain.UserService      : Поиск пользователя с email: asdffdsa@bk.ru
2026-01-06 22:42:14.750  INFO 25060 --- [http-nio-8080-exec-5] o.e.k.products.api.ProductController     : Асинхронный запрос товаров: category=null, query=null, page=0, size=12
2026-01-06 22:42:14.757  INFO 25060 --- [http-nio-8080-exec-3] org.example.kortex.config.JwtFilter      : Аутентификация установлена для: asdffdsa@bk.ru
2026-01-06 22:42:14.764  INFO 25060 --- [Async-2] o.e.k.products.domain.ProductService     : Запрос на выдачу всех товаров с фильром: ProductSearchFilter[category=null, query=null, pageSize=12, pageNumber=0]
2026-01-06 22:42:14.818  INFO 25060 --- [Async-2] o.e.k.products.domain.ProductService     : Поиск завершен за 38 мс, найдено: 1 товаров
2026-01-06 22:42:14.819  INFO 25060 --- [Async-2] o.e.k.products.domain.ProductService     : Выдача всех товаров с фильтром: ProductSearchFilter[category=null, query=null, pageSize=12, pageNumber=0]
2026-01-06 22:42:14.871  INFO 25060 --- [http-nio-8080-exec-4] org.example.kortex.config.JwtFilter      : JWT найден в cookie
2026-01-06 22:42:14.880  INFO 25060 --- [http-nio-8080-exec-4] org.example.kortex.config.JwtFilter      : JWT валиден для email: asdffdsa@bk.ru, role: USER
2026-01-06 22:42:14.880  INFO 25060 --- [http-nio-8080-exec-4] o.e.kortex.users.domain.UserService      : Поиск пользователя с email: asdffdsa@bk.ru
2026-01-06 22:42:14.885  INFO 25060 --- [http-nio-8080-exec-4] org.example.kortex.config.JwtFilter      : Аутентификация установлена для: asdffdsa@bk.ru
2026-01-06 22:42:16.242  INFO 25060 --- [http-nio-8080-exec-7] org.example.kortex.config.JwtFilter      : JWT найден в cookie
2026-01-06 22:42:16.250  INFO 25060 --- [http-nio-8080-exec-7] org.example.kortex.config.JwtFilter      : JWT валиден для email: asdffdsa@bk.ru, role: USER
2026-01-06 22:42:16.250  INFO 25060 --- [http-nio-8080-exec-7] o.e.kortex.users.domain.UserService      : Поиск пользователя с email: asdffdsa@bk.ru
2026-01-06 22:42:16.254  INFO 25060 --- [http-nio-8080-exec-7] org.example.kortex.config.JwtFilter      : Аутентификация установлена для: asdffdsa@bk.ru
2026-01-06 22:42:16.347  INFO 25060 --- [http-nio-8080-exec-7] org.example.kortex.config.JwtFilter      : JWT найден в cookie
2026-01-06 22:42:16.357  INFO 25060 --- [http-nio-8080-exec-3] org.example.kortex.config.JwtFilter      : JWT найден в cookie
2026-01-06 22:42:16.362  INFO 25060 --- [http-nio-8080-exec-7] org.example.kortex.config.JwtFilter      : JWT валиден для email: asdffdsa@bk.ru, role: USER
2026-01-06 22:42:16.363  INFO 25060 --- [http-nio-8080-exec-8] org.example.kortex.config.JwtFilter      : JWT найден в cookie
2026-01-06 22:42:16.363  INFO 25060 --- [http-nio-8080-exec-7] o.e.kortex.users.domain.UserService      : Поиск пользователя с email: asdffdsa@bk.ru
2026-01-06 22:42:16.372  INFO 25060 --- [http-nio-8080-exec-7] org.example.kortex.config.JwtFilter      : Аутентификация установлена для: asdffdsa@bk.ru
2026-01-06 22:42:16.374  INFO 25060 --- [http-nio-8080-exec-3] org.example.kortex.config.JwtFilter      : JWT валиден для email: asdffdsa@bk.ru, role: USER
2026-01-06 22:42:16.375  INFO 25060 --- [http-nio-8080-exec-3] o.e.kortex.users.domain.UserService      : Поиск пользователя с email: asdffdsa@bk.ru
2026-01-06 22:42:16.388  INFO 25060 --- [http-nio-8080-exec-3] org.example.kortex.config.JwtFilter      : Аутентификация установлена для: asdffdsa@bk.ru
2026-01-06 22:42:16.390  INFO 25060 --- [http-nio-8080-exec-8] org.example.kortex.config.JwtFilter      : JWT валиден для email: asdffdsa@bk.ru, role: USER
2026-01-06 22:42:16.390  INFO 25060 --- [http-nio-8080-exec-8] o.e.kortex.users.domain.UserService      : Поиск пользователя с email: asdffdsa@bk.ru
2026-01-06 22:42:16.397  INFO 25060 --- [http-nio-8080-exec-8] org.example.kortex.config.JwtFilter      : Аутентификация установлена для: asdffdsa@bk.ru
2026-01-06 22:42:16.429  INFO 25060 --- [http-nio-8080-exec-9] org.example.kortex.config.JwtFilter      : JWT найден в cookie
2026-01-06 22:42:16.434  INFO 25060 --- [http-nio-8080-exec-9] org.example.kortex.config.JwtFilter      : JWT валиден для email: asdffdsa@bk.ru, role: USER
2026-01-06 22:42:16.434  INFO 25060 --- [http-nio-8080-exec-9] o.e.kortex.users.domain.UserService      : Поиск пользователя с email: asdffdsa@bk.ru
2026-01-06 22:42:16.441  INFO 25060 --- [http-nio-8080-exec-9] org.example.kortex.config.JwtFilter      : Аутентификация установлена для: asdffdsa@bk.ru
2026-01-06 22:42:24.361  INFO 25060 --- [http-nio-8080-exec-6] org.example.kortex.config.JwtFilter      : JWT найден в cookie
2026-01-06 22:42:24.366  INFO 25060 --- [http-nio-8080-exec-6] org.example.kortex.config.JwtFilter      : JWT валиден для email: asdffdsa@bk.ru, role: USER
2026-01-06 22:42:24.366  INFO 25060 --- [http-nio-8080-exec-6] o.e.kortex.users.domain.UserService      : Поиск пользователя с email: asdffdsa@bk.ru
2026-01-06 22:42:24.369  INFO 25060 --- [http-nio-8080-exec-6] org.example.kortex.config.JwtFilter      : Аутентификация установлена для: asdffdsa@bk.ru
2026-01-06 22:42:24.436  INFO 25060 --- [http-nio-8080-exec-9] org.example.kortex.config.JwtFilter      : JWT найден в cookie
2026-01-06 22:42:24.443  INFO 25060 --- [http-nio-8080-exec-9] org.example.kortex.config.JwtFilter      : JWT валиден для email: asdffdsa@bk.ru, role: USER
2026-01-06 22:42:24.444  INFO 25060 --- [http-nio-8080-exec-9] o.e.kortex.users.domain.UserService      : Поиск пользователя с email: asdffdsa@bk.ru
2026-01-06 22:42:24.447  INFO 25060 --- [http-nio-8080-exec-9] org.example.kortex.config.JwtFilter      : Аутентификация установлена для: asdffdsa@bk.ru
2026-01-06 22:42:29.622  INFO 25060 --- [http-nio-8080-exec-5] o.e.kortex.users.domain.AuthService      : Попытка входа для email=s5090@inbox.ru
2026-01-06 22:42:29.623  INFO 25060 --- [http-nio-8080-exec-5] o.e.kortex.users.domain.UserService      : Поиск пользователя с email: s5090@inbox.ru
2026-01-06 22:42:29.624  INFO 25060 --- [http-nio-8080-exec-7] o.e.kortex.users.domain.AuthService      : Попытка входа для email=s5090@inbox.ru
2026-01-06 22:42:29.624  INFO 25060 --- [http-nio-8080-exec-7] o.e.kortex.users.domain.UserService      : Поиск пользователя с email: s5090@inbox.ru
2026-01-06 22:42:29.627  WARN 25060 --- [http-nio-8080-exec-6] .w.s.m.s.DefaultHandlerExceptionResolver : Resolved [org.springframework.web.HttpMediaTypeNotSupportedException: Content type 'application/x-www-form-urlencoded;charset=UTF-8' not supported]
2026-01-06 22:42:29.694  INFO 25060 --- [http-nio-8080-exec-5] o.e.kortex.users.domain.UserService      : Поиск пользователя с email: s5090@inbox.ru
2026-01-06 22:42:29.697  INFO 25060 --- [http-nio-8080-exec-7] o.e.kortex.users.domain.UserService      : Поиск пользователя с email: s5090@inbox.ru
2026-01-06 22:42:29.698  INFO 25060 --- [http-nio-8080-exec-5] o.e.kortex.users.domain.AuthService      : Пользователь вошел: s5090@inbox.ru, ID=1
2026-01-06 22:42:29.702  INFO 25060 --- [http-nio-8080-exec-7] o.e.kortex.users.domain.AuthService      : Пользователь вошел: s5090@inbox.ru, ID=1
2026-01-06 22:42:31.048  INFO 25060 --- [http-nio-8080-exec-2] org.example.kortex.config.JwtFilter      : JWT найден в cookie
2026-01-06 22:42:31.053  INFO 25060 --- [http-nio-8080-exec-2] org.example.kortex.config.JwtFilter      : JWT валиден для email: s5090@inbox.ru, role: ADMIN
2026-01-06 22:42:31.054  INFO 25060 --- [http-nio-8080-exec-2] o.e.kortex.users.domain.UserService      : Поиск пользователя с email: s5090@inbox.ru
2026-01-06 22:42:31.059  INFO 25060 --- [http-nio-8080-exec-2] org.example.kortex.config.JwtFilter      : Аутентификация установлена для: s5090@inbox.ru
2026-01-06 22:42:31.105  INFO 25060 --- [http-nio-8080-exec-5] org.example.kortex.config.JwtFilter      : JWT найден в cookie
2026-01-06 22:42:31.111  INFO 25060 --- [http-nio-8080-exec-5] org.example.kortex.config.JwtFilter      : JWT валиден для email: s5090@inbox.ru, role: ADMIN
2026-01-06 22:42:31.111  INFO 25060 --- [http-nio-8080-exec-5] o.e.kortex.users.domain.UserService      : Поиск пользователя с email: s5090@inbox.ru
2026-01-06 22:42:31.116  INFO 25060 --- [http-nio-8080-exec-5] org.example.kortex.config.JwtFilter      : Аутентификация установлена для: s5090@inbox.ru
2026-01-06 22:42:31.118  INFO 25060 --- [http-nio-8080-exec-5] o.e.k.products.api.ProductController     : Асинхронный запрос товаров: category=null, query=null, page=0, size=12
2026-01-06 22:42:31.137  INFO 25060 --- [Async-3] o.e.k.products.domain.ProductService     : Запрос на выдачу всех товаров с фильром: ProductSearchFilter[category=null, query=null, pageSize=12, pageNumber=0]
2026-01-06 22:42:31.145  INFO 25060 --- [Async-3] o.e.k.products.domain.ProductService     : Поиск завершен за 8 мс, найдено: 1 товаров
2026-01-06 22:42:31.145  INFO 25060 --- [Async-3] o.e.k.products.domain.ProductService     : Выдача всех товаров с фильтром: ProductSearchFilter[category=null, query=null, pageSize=12, pageNumber=0]
2026-01-06 22:42:31.156  INFO 25060 --- [http-nio-8080-exec-2] org.example.kortex.config.JwtFilter      : JWT найден в cookie
2026-01-06 22:42:31.161  INFO 25060 --- [http-nio-8080-exec-2] org.example.kortex.config.JwtFilter      : JWT валиден для email: s5090@inbox.ru, role: ADMIN
2026-01-06 22:42:31.161  INFO 25060 --- [http-nio-8080-exec-2] o.e.kortex.users.domain.UserService      : Поиск пользователя с email: s5090@inbox.ru
2026-01-06 22:42:31.164  INFO 25060 --- [http-nio-8080-exec-2] org.example.kortex.config.JwtFilter      : Аутентификация установлена для: s5090@inbox.ru
2026-01-06 22:42:31.170  INFO 25060 --- [http-nio-8080-exec-1] org.example.kortex.config.JwtFilter      : JWT найден в cookie
2026-01-06 22:42:31.178  INFO 25060 --- [http-nio-8080-exec-1] org.example.kortex.config.JwtFilter      : JWT валиден для email: s5090@inbox.ru, role: ADMIN
2026-01-06 22:42:31.178  INFO 25060 --- [http-nio-8080-exec-1] o.e.kortex.users.domain.UserService      : Поиск пользователя с email: s5090@inbox.ru
2026-01-06 22:42:31.182  INFO 25060 --- [http-nio-8080-exec-1] org.example.kortex.config.JwtFilter      : Аутентификация установлена для: s5090@inbox.ru
2026-01-06 22:42:32.261  INFO 25060 --- [http-nio-8080-exec-3] org.example.kortex.config.JwtFilter      : JWT найден в cookie
2026-01-06 22:42:32.267  INFO 25060 --- [http-nio-8080-exec-3] org.example.kortex.config.JwtFilter      : JWT валиден для email: s5090@inbox.ru, role: ADMIN
2026-01-06 22:42:32.268  INFO 25060 --- [http-nio-8080-exec-3] o.e.kortex.users.domain.UserService      : Поиск пользователя с email: s5090@inbox.ru
2026-01-06 22:42:32.273  INFO 25060 --- [http-nio-8080-exec-3] org.example.kortex.config.JwtFilter      : Аутентификация установлена для: s5090@inbox.ru
2026-01-06 22:42:32.318  INFO 25060 --- [http-nio-8080-exec-4] org.example.kortex.config.JwtFilter      : JWT найден в cookie
2026-01-06 22:42:32.322  INFO 25060 --- [http-nio-8080-exec-6] org.example.kortex.config.JwtFilter      : JWT найден в cookie
2026-01-06 22:42:32.326  INFO 25060 --- [http-nio-8080-exec-4] org.example.kortex.config.JwtFilter      : JWT валиден для email: s5090@inbox.ru, role: ADMIN
2026-01-06 22:42:32.327  INFO 25060 --- [http-nio-8080-exec-6] org.example.kortex.config.JwtFilter      : JWT валиден для email: s5090@inbox.ru, role: ADMIN
2026-01-06 22:42:32.328  INFO 25060 --- [http-nio-8080-exec-6] o.e.kortex.users.domain.UserService      : Поиск пользователя с email: s5090@inbox.ru
2026-01-06 22:42:32.328  INFO 25060 --- [http-nio-8080-exec-4] o.e.kortex.users.domain.UserService      : Поиск пользователя с email: s5090@inbox.ru
2026-01-06 22:42:32.332  INFO 25060 --- [http-nio-8080-exec-6] org.example.kortex.config.JwtFilter      : Аутентификация установлена для: s5090@inbox.ru
2026-01-06 22:42:32.333  INFO 25060 --- [http-nio-8080-exec-4] org.example.kortex.config.JwtFilter      : Аутентификация установлена для: s5090@inbox.ru
2026-01-06 22:42:32.345  INFO 25060 --- [http-nio-8080-exec-8] org.example.kortex.config.JwtFilter      : JWT найден в cookie
2026-01-06 22:42:32.350  INFO 25060 --- [http-nio-8080-exec-8] org.example.kortex.config.JwtFilter      : JWT валиден для email: s5090@inbox.ru, role: ADMIN
2026-01-06 22:42:32.351  INFO 25060 --- [http-nio-8080-exec-8] o.e.kortex.users.domain.UserService      : Поиск пользователя с email: s5090@inbox.ru
2026-01-06 22:42:32.362  INFO 25060 --- [http-nio-8080-exec-8] org.example.kortex.config.JwtFilter      : Аутентификация установлена для: s5090@inbox.ru
2026-01-06 22:42:32.378  INFO 25060 --- [http-nio-8080-exec-7] org.example.kortex.config.JwtFilter      : JWT найден в cookie
2026-01-06 22:42:32.381  INFO 25060 --- [http-nio-8080-exec-7] org.example.kortex.config.JwtFilter      : JWT валиден для email: s5090@inbox.ru, role: ADMIN
2026-01-06 22:42:32.381  INFO 25060 --- [http-nio-8080-exec-7] o.e.kortex.users.domain.UserService      : Поиск пользователя с email: s5090@inbox.ru
2026-01-06 22:42:32.388  INFO 25060 --- [http-nio-8080-exec-7] org.example.kortex.config.JwtFilter      : Аутентификация установлена для: s5090@inbox.ru
2026-01-06 22:42:38.783  INFO 25060 --- [http-nio-8080-exec-5] org.example.kortex.config.JwtFilter      : JWT найден в cookie
2026-01-06 22:42:38.796  INFO 25060 --- [http-nio-8080-exec-5] org.example.kortex.config.JwtFilter      : JWT валиден для email: s5090@inbox.ru, role: ADMIN
2026-01-06 22:42:38.796  INFO 25060 --- [http-nio-8080-exec-5] o.e.kortex.users.domain.UserService      : Поиск пользователя с email: s5090@inbox.ru
2026-01-06 22:42:38.802  INFO 25060 --- [http-nio-8080-exec-5] org.example.kortex.config.JwtFilter      : Аутентификация установлена для: s5090@inbox.ru
2026-01-06 22:42:39.044  INFO 25060 --- [http-nio-8080-exec-8] org.example.kortex.config.JwtFilter      : JWT найден в cookie
2026-01-06 22:42:39.058  INFO 25060 --- [http-nio-8080-exec-8] org.example.kortex.config.JwtFilter      : JWT валиден для email: s5090@inbox.ru, role: ADMIN
2026-01-06 22:42:39.058  INFO 25060 --- [http-nio-8080-exec-8] o.e.kortex.users.domain.UserService      : Поиск пользователя с email: s5090@inbox.ru
2026-01-06 22:42:39.063  INFO 25060 --- [http-nio-8080-exec-8] org.example.kortex.config.JwtFilter      : Аутентификация установлена для: s5090@inbox.ru
2026-01-06 22:42:40.388  INFO 25060 --- [http-nio-8080-exec-5] org.example.kortex.config.JwtFilter      : JWT найден в cookie
2026-01-06 22:42:40.395  INFO 25060 --- [http-nio-8080-exec-5] org.example.kortex.config.JwtFilter      : JWT валиден для email: s5090@inbox.ru, role: ADMIN
2026-01-06 22:42:40.395  INFO 25060 --- [http-nio-8080-exec-5] o.e.kortex.users.domain.UserService      : Поиск пользователя с email: s5090@inbox.ru
2026-01-06 22:42:40.398  INFO 25060 --- [http-nio-8080-exec-5] org.example.kortex.config.JwtFilter      : Аутентификация установлена для: s5090@inbox.ru
2026-01-06 22:42:40.489  INFO 25060 --- [http-nio-8080-exec-8] org.example.kortex.config.JwtFilter      : JWT найден в cookie
2026-01-06 22:42:40.494  INFO 25060 --- [http-nio-8080-exec-8] org.example.kortex.config.JwtFilter      : JWT валиден для email: s5090@inbox.ru, role: ADMIN
2026-01-06 22:42:40.495  INFO 25060 --- [http-nio-8080-exec-8] o.e.kortex.users.domain.UserService      : Поиск пользователя с email: s5090@inbox.ru
2026-01-06 22:42:40.498  INFO 25060 --- [http-nio-8080-exec-8] org.example.kortex.config.JwtFilter      : Аутентификация установлена для: s5090@inbox.ru
2026-01-06 22:43:13.534  INFO 25060 --- [http-nio-8080-exec-5] o.e.kortex.users.domain.AuthService      : Запрос на восстановление пароля для email=bgeheh@bk.ru
2026-01-06 22:43:13.534  INFO 25060 --- [http-nio-8080-exec-5] o.e.kortex.users.domain.UserService      : Поиск пользователя с email: bgeheh@bk.ru
2026-01-06 22:43:13.545  INFO 25060 --- [http-nio-8080-exec-5] o.e.kortex.users.domain.AuthService      : Код для сброса пароля отправлен на email: bgeheh@bk.ru
2026-01-06 22:43:13.546  INFO 25060 --- [Async-4] o.e.k.users.domain.EmailSenderService    : Отпрвавка сообщение на изменения сброс на почту: bgeheh@bk.ru с кодом 509909
2026-01-06 22:43:14.567  INFO 25060 --- [http-nio-8080-exec-7] org.example.kortex.config.JwtFilter      : JWT найден в cookie
2026-01-06 22:43:14.573  INFO 25060 --- [http-nio-8080-exec-7] org.example.kortex.config.JwtFilter      : JWT валиден для email: s5090@inbox.ru, role: ADMIN
2026-01-06 22:43:14.573  INFO 25060 --- [http-nio-8080-exec-7] o.e.kortex.users.domain.UserService      : Поиск пользователя с email: s5090@inbox.ru
2026-01-06 22:43:14.577  INFO 25060 --- [http-nio-8080-exec-7] org.example.kortex.config.JwtFilter      : Аутентификация установлена для: s5090@inbox.ru
2026-01-06 22:43:14.726  INFO 25060 --- [http-nio-8080-exec-7] org.example.kortex.config.JwtFilter      : JWT найден в cookie
2026-01-06 22:43:14.730  INFO 25060 --- [http-nio-8080-exec-7] org.example.kortex.config.JwtFilter      : JWT валиден для email: s5090@inbox.ru, role: ADMIN
2026-01-06 22:43:14.730  INFO 25060 --- [http-nio-8080-exec-7] o.e.kortex.users.domain.UserService      : Поиск пользователя с email: s5090@inbox.ru
2026-01-06 22:43:14.738  INFO 25060 --- [http-nio-8080-exec-7] org.example.kortex.config.JwtFilter      : Аутентификация установлена для: s5090@inbox.ru
2026-01-06 22:43:24.971  INFO 25060 --- [Async-4] o.e.k.users.domain.EmailSenderService    : Сообщение отправлено на изменения сброс на почту: bgeheh@bk.ru с кодом 509909
2026-01-06 22:43:31.291  INFO 25060 --- [http-nio-8080-exec-1] o.e.kortex.users.domain.AuthService      : Проверка кода сброса пароля для resetId=65cc0db9-680e-40af-befa-7e0bd4296d07
2026-01-06 22:43:31.291  INFO 25060 --- [http-nio-8080-exec-1] o.e.kortex.users.domain.AuthService      : Код подтвержден для resetId=65cc0db9-680e-40af-befa-7e0bd4296d07
2026-01-06 22:43:32.316  INFO 25060 --- [http-nio-8080-exec-10] org.example.kortex.config.JwtFilter      : JWT найден в cookie
2026-01-06 22:43:32.321  INFO 25060 --- [http-nio-8080-exec-10] org.example.kortex.config.JwtFilter      : JWT валиден для email: s5090@inbox.ru, role: ADMIN
2026-01-06 22:43:32.322  INFO 25060 --- [http-nio-8080-exec-10] o.e.kortex.users.domain.UserService      : Поиск пользователя с email: s5090@inbox.ru
2026-01-06 22:43:32.327  INFO 25060 --- [http-nio-8080-exec-10] org.example.kortex.config.JwtFilter      : Аутентификация установлена для: s5090@inbox.ru
2026-01-06 22:43:32.388  INFO 25060 --- [http-nio-8080-exec-6] org.example.kortex.config.JwtFilter      : JWT найден в cookie
2026-01-06 22:43:32.391  INFO 25060 --- [http-nio-8080-exec-6] org.example.kortex.config.JwtFilter      : JWT валиден для email: s5090@inbox.ru, role: ADMIN
2026-01-06 22:43:32.391  INFO 25060 --- [http-nio-8080-exec-6] o.e.kortex.users.domain.UserService      : Поиск пользователя с email: s5090@inbox.ru
2026-01-06 22:43:32.396  INFO 25060 --- [http-nio-8080-exec-6] org.example.kortex.config.JwtFilter      : Аутентификация установлена для: s5090@inbox.ru
2026-01-06 22:44:24.659  INFO 25060 --- [SpringApplicationShutdownHook] j.LocalContainerEntityManagerFactoryBean : Closing JPA EntityManagerFactory for persistence unit 'default'
2026-01-06 22:44:24.662  INFO 25060 --- [SpringApplicationShutdownHook] com.zaxxer.hikari.HikariDataSource       : HikariPool-1 - Shutdown initiated...
2026-01-06 22:44:24.665  INFO 25060 --- [SpringApplicationShutdownHook] com.zaxxer.hikari.HikariDataSource       : HikariPool-1 - Shutdown completed.
2026-01-06 22:44:29.493  INFO 26984 --- [main] org.example.kortex.KortexApplication     : Starting KortexApplication using Java 21.0.1 on DESKTOP-4APF200 with PID 26984 (C:\java Ultimate\Kortex\target\classes started by 7 in C:\java Ultimate\Kortex)
2026-01-06 22:44:29.499  INFO 26984 --- [main] org.example.kortex.KortexApplication     : No active profile set, falling back to 1 default profile: "default"
2026-01-06 22:44:31.311  INFO 26984 --- [main] .s.d.r.c.RepositoryConfigurationDelegate : Bootstrapping Spring Data JPA repositories in DEFAULT mode.
2026-01-06 22:44:31.462  INFO 26984 --- [main] .s.d.r.c.RepositoryConfigurationDelegate : Finished Spring Data repository scanning in 138 ms. Found 7 JPA repository interfaces.
2026-01-06 22:44:32.290  INFO 26984 --- [main] o.s.b.w.embedded.tomcat.TomcatWebServer  : Tomcat initialized with port(s): 8080 (http)
2026-01-06 22:44:32.312  INFO 26984 --- [main] o.apache.catalina.core.StandardService   : Starting service [Tomcat]
2026-01-06 22:44:32.314  INFO 26984 --- [main] org.apache.catalina.core.StandardEngine  : Starting Servlet engine: [Apache Tomcat/9.0.73]
2026-01-06 22:44:32.580  INFO 26984 --- [main] o.a.c.c.C.[Tomcat].[localhost].[/]       : Initializing Spring embedded WebApplicationContext
2026-01-06 22:44:32.582  INFO 26984 --- [main] w.s.c.ServletWebServerApplicationContext : Root WebApplicationContext: initialization completed in 2980 ms
2026-01-06 22:44:33.086  INFO 26984 --- [main] o.hibernate.jpa.internal.util.LogHelper  : HHH000204: Processing PersistenceUnitInfo [name: default]
2026-01-06 22:44:33.157  INFO 26984 --- [main] org.hibernate.Version                    : HHH000412: Hibernate ORM core version 5.6.15.Final
2026-01-06 22:44:33.400  INFO 26984 --- [main] o.hibernate.annotations.common.Version   : HCANN000001: Hibernate Commons Annotations {5.1.2.Final}
2026-01-06 22:44:33.515  INFO 26984 --- [main] com.zaxxer.hikari.HikariDataSource       : HikariPool-1 - Starting...
2026-01-06 22:44:33.779  INFO 26984 --- [main] com.zaxxer.hikari.HikariDataSource       : HikariPool-1 - Start completed.
2026-01-06 22:44:33.804  INFO 26984 --- [main] org.hibernate.dialect.Dialect            : HHH000400: Using dialect: org.hibernate.dialect.PostgreSQLDialect
2026-01-06 22:44:35.308  INFO 26984 --- [main] o.h.e.t.j.p.i.JtaPlatformInitiator       : HHH000490: Using JtaPlatform implementation: [org.hibernate.engine.transaction.jta.platform.internal.NoJtaPlatform]
2026-01-06 22:44:35.354  INFO 26984 --- [main] j.LocalContainerEntityManagerFactoryBean : Initialized JPA EntityManagerFactory for persistence unit 'default'
2026-01-06 22:44:35.907  INFO 26984 --- [main] o.s.aop.framework.CglibAopProxy          : Unable to proxy interface-implementing method [public final void org.springframework.web.filter.OncePerRequestFilter.doFilter(javax.servlet.ServletRequest,javax.servlet.ServletResponse,javax.servlet.FilterChain) throws javax.servlet.ServletException,java.io.IOException] because it is marked as final: Consider using interface-based JDK proxies instead!
2026-01-06 22:44:35.908  INFO 26984 --- [main] o.s.aop.framework.CglibAopProxy          : Unable to proxy interface-implementing method [public final void org.springframework.web.filter.GenericFilterBean.init(javax.servlet.FilterConfig) throws javax.servlet.ServletException] because it is marked as final: Consider using interface-based JDK proxies instead!
2026-01-06 22:44:36.841  INFO 26984 --- [main] o.s.s.web.DefaultSecurityFilterChain     : Will secure any request with [org.springframework.security.web.session.DisableEncodeUrlFilter@12aa2cca, org.springframework.security.web.context.request.async.WebAsyncManagerIntegrationFilter@3dc4ed6f, org.springframework.security.web.context.SecurityContextPersistenceFilter@7e017f47, org.springframework.security.web.header.HeaderWriterFilter@9734cae, org.springframework.security.web.authentication.logout.LogoutFilter@56226064, org.example.kortex.config.JwtFilter@4cf15477, org.springframework.security.web.savedrequest.RequestCacheAwareFilter@7e36d508, org.springframework.security.web.servletapi.SecurityContextHolderAwareRequestFilter@1d4531fa, org.springframework.security.web.authentication.AnonymousAuthenticationFilter@6bcfb561, org.springframework.security.web.session.SessionManagementFilter@46eb2260, org.springframework.security.web.access.ExceptionTranslationFilter@59c00722, org.springframework.security.web.access.intercept.FilterSecurityInterceptor@7b11ff9a]
2026-01-06 22:44:37.758  INFO 26984 --- [main] o.s.b.a.e.web.EndpointLinksResolver      : Exposing 1 endpoint(s) beneath base path '/actuator'
2026-01-06 22:44:37.851  INFO 26984 --- [main] o.s.b.w.embedded.tomcat.TomcatWebServer  : Tomcat started on port(s): 8080 (http) with context path ''
2026-01-06 22:44:37.875  INFO 26984 --- [main] org.example.kortex.KortexApplication     : Started KortexApplication in 9.232 seconds (JVM running for 10.579)
2026-01-06 22:44:38.353  INFO 26984 --- [RMI TCP Connection(6)-26.93.201.44] o.a.c.c.C.[Tomcat].[localhost].[/]       : Initializing Spring DispatcherServlet 'dispatcherServlet'
2026-01-06 22:44:38.354  INFO 26984 --- [RMI TCP Connection(6)-26.93.201.44] o.s.web.servlet.DispatcherServlet        : Initializing Servlet 'dispatcherServlet'
2026-01-06 22:44:38.359  INFO 26984 --- [RMI TCP Connection(6)-26.93.201.44] o.s.web.servlet.DispatcherServlet        : Completed initialization in 5 ms
2026-01-06 22:45:18.583  INFO 26984 --- [http-nio-8080-exec-1] org.example.kortex.config.JwtFilter      : JWT найден в cookie
2026-01-06 22:45:18.614  INFO 26984 --- [http-nio-8080-exec-1] org.example.kortex.config.JwtFilter      : JWT валиден для email: s5090@inbox.ru, role: ADMIN
2026-01-06 22:45:18.619  INFO 26984 --- [http-nio-8080-exec-1] o.e.kortex.users.domain.UserService      : Поиск пользователя с email: s5090@inbox.ru
2026-01-06 22:45:18.683  INFO 26984 --- [http-nio-8080-exec-1] org.example.kortex.config.JwtFilter      : Аутентификация установлена для: s5090@inbox.ru
2026-01-06 22:45:18.859  INFO 26984 --- [http-nio-8080-exec-1] org.example.kortex.config.JwtFilter      : JWT найден в cookie
2026-01-06 22:45:18.868  INFO 26984 --- [http-nio-8080-exec-1] org.example.kortex.config.JwtFilter      : JWT валиден для email: s5090@inbox.ru, role: ADMIN
2026-01-06 22:45:18.869  INFO 26984 --- [http-nio-8080-exec-1] o.e.kortex.users.domain.UserService      : Поиск пользователя с email: s5090@inbox.ru
2026-01-06 22:45:18.877  INFO 26984 --- [http-nio-8080-exec-1] org.example.kortex.config.JwtFilter      : Аутентификация установлена для: s5090@inbox.ru
2026-01-06 22:45:20.106  INFO 26984 --- [http-nio-8080-exec-7] org.example.kortex.config.JwtFilter      : JWT найден в cookie
2026-01-06 22:45:20.110  INFO 26984 --- [http-nio-8080-exec-7] org.example.kortex.config.JwtFilter      : JWT валиден для email: s5090@inbox.ru, role: ADMIN
2026-01-06 22:45:20.110  INFO 26984 --- [http-nio-8080-exec-7] o.e.kortex.users.domain.UserService      : Поиск пользователя с email: s5090@inbox.ru
2026-01-06 22:45:20.115  INFO 26984 --- [http-nio-8080-exec-7] org.example.kortex.config.JwtFilter      : Аутентификация установлена для: s5090@inbox.ru
2026-01-06 22:45:20.207  INFO 26984 --- [http-nio-8080-exec-2] org.example.kortex.config.JwtFilter      : JWT найден в cookie
2026-01-06 22:45:20.211  INFO 26984 --- [http-nio-8080-exec-2] org.example.kortex.config.JwtFilter      : JWT валиден для email: s5090@inbox.ru, role: ADMIN
2026-01-06 22:45:20.212  INFO 26984 --- [http-nio-8080-exec-2] o.e.kortex.users.domain.UserService      : Поиск пользователя с email: s5090@inbox.ru
2026-01-06 22:45:20.215  INFO 26984 --- [http-nio-8080-exec-2] org.example.kortex.config.JwtFilter      : Аутентификация установлена для: s5090@inbox.ru
2026-01-06 22:45:21.719  INFO 26984 --- [http-nio-8080-exec-8] o.e.kortex.users.domain.AuthService      : Запрос на восстановление пароля для email=bgeheh@bk.ru
2026-01-06 22:45:21.719  INFO 26984 --- [http-nio-8080-exec-8] o.e.kortex.users.domain.UserService      : Поиск пользователя с email: bgeheh@bk.ru
2026-01-06 22:45:21.729  INFO 26984 --- [http-nio-8080-exec-8] o.e.kortex.users.domain.AuthService      : Код для сброса пароля отправлен на email: bgeheh@bk.ru
2026-01-06 22:45:21.730  INFO 26984 --- [Async-1] o.e.k.users.domain.EmailSenderService    : Отпрвавка сообщение на изменения сброс на почту: bgeheh@bk.ru с кодом 519078
2026-01-06 22:45:22.743  INFO 26984 --- [http-nio-8080-exec-9] org.example.kortex.config.JwtFilter      : JWT найден в cookie
2026-01-06 22:45:22.746  INFO 26984 --- [http-nio-8080-exec-9] org.example.kortex.config.JwtFilter      : JWT валиден для email: s5090@inbox.ru, role: ADMIN
2026-01-06 22:45:22.747  INFO 26984 --- [http-nio-8080-exec-9] o.e.kortex.users.domain.UserService      : Поиск пользователя с email: s5090@inbox.ru
2026-01-06 22:45:22.750  INFO 26984 --- [http-nio-8080-exec-9] org.example.kortex.config.JwtFilter      : Аутентификация установлена для: s5090@inbox.ru
2026-01-06 22:45:22.849  INFO 26984 --- [http-nio-8080-exec-9] org.example.kortex.config.JwtFilter      : JWT найден в cookie
2026-01-06 22:45:22.857  INFO 26984 --- [http-nio-8080-exec-9] org.example.kortex.config.JwtFilter      : JWT валиден для email: s5090@inbox.ru, role: ADMIN
2026-01-06 22:45:22.858  INFO 26984 --- [http-nio-8080-exec-9] o.e.kortex.users.domain.UserService      : Поиск пользователя с email: s5090@inbox.ru
2026-01-06 22:45:22.861  INFO 26984 --- [http-nio-8080-exec-9] org.example.kortex.config.JwtFilter      : Аутентификация установлена для: s5090@inbox.ru
2026-01-06 22:45:33.482  INFO 26984 --- [http-nio-8080-exec-1] org.example.kortex.config.JwtFilter      : JWT токен не найден в запросе
2026-01-06 22:45:33.575  INFO 26984 --- [http-nio-8080-exec-4] org.example.kortex.config.JwtFilter      : JWT токен не найден в запросе
2026-01-06 22:45:34.612  INFO 26984 --- [Async-1] o.e.k.users.domain.EmailSenderService    : Сообщение отправлено на изменения сброс на почту: bgeheh@bk.ru с кодом 519078
2026-01-06 22:45:35.260  INFO 26984 --- [http-nio-8080-exec-2] o.e.kortex.users.domain.AuthService      : Запрос на восстановление пароля для email=bgeheh@bk.ru
2026-01-06 22:45:35.261  INFO 26984 --- [http-nio-8080-exec-2] o.e.kortex.users.domain.UserService      : Поиск пользователя с email: bgeheh@bk.ru
2026-01-06 22:45:35.265  INFO 26984 --- [http-nio-8080-exec-2] o.e.kortex.users.domain.AuthService      : Код для сброса пароля отправлен на email: bgeheh@bk.ru
2026-01-06 22:45:35.265  INFO 26984 --- [Async-2] o.e.k.users.domain.EmailSenderService    : Отпрвавка сообщение на изменения сброс на почту: bgeheh@bk.ru с кодом 527914
2026-01-06 22:45:36.285  INFO 26984 --- [http-nio-8080-exec-5] org.example.kortex.config.JwtFilter      : JWT токен не найден в запросе
2026-01-06 22:45:36.431  INFO 26984 --- [http-nio-8080-exec-5] org.example.kortex.config.JwtFilter      : JWT токен не найден в запросе
2026-01-06 22:45:47.652  INFO 26984 --- [Async-2] o.e.k.users.domain.EmailSenderService    : Сообщение отправлено на изменения сброс на почту: bgeheh@bk.ru с кодом 527914
2026-01-06 22:46:02.652  INFO 26984 --- [http-nio-8080-exec-8] o.e.kortex.users.domain.AuthService      : Проверка кода сброса пароля для resetId=673b66cc-1dc6-489d-a350-c97d14a97f19
2026-01-06 22:46:02.653  INFO 26984 --- [http-nio-8080-exec-8] o.e.kortex.users.domain.AuthService      : Код подтвержден для resetId=673b66cc-1dc6-489d-a350-c97d14a97f19
2026-01-06 22:46:03.701  INFO 26984 --- [http-nio-8080-exec-1] org.example.kortex.config.JwtFilter      : JWT токен не найден в запросе
2026-01-06 22:46:03.938  INFO 26984 --- [http-nio-8080-exec-8] org.example.kortex.config.JwtFilter      : JWT токен не найден в запросе
2026-01-06 22:46:13.181  INFO 26984 --- [http-nio-8080-exec-1] o.e.kortex.users.domain.AuthService      : Смена пароля для пользователя с email: bgeheh@bk.ru
2026-01-06 22:46:13.183  INFO 26984 --- [http-nio-8080-exec-1] o.e.kortex.users.domain.UserService      : Поиск пользователя с email: bgeheh@bk.ru
2026-01-06 22:46:13.264  INFO 26984 --- [http-nio-8080-exec-1] o.e.kortex.users.domain.UserService      : Обновление пользователя с id: 2
2026-01-06 22:46:13.289  INFO 26984 --- [http-nio-8080-exec-1] o.e.kortex.users.domain.UserService      : Пользователь обновлен с id: 2
2026-01-06 22:46:13.323  INFO 26984 --- [http-nio-8080-exec-1] o.e.kortex.users.domain.AuthService      : Пароль успешно изменен для пользователя: bgeheh@bk.ru
2026-01-06 22:46:14.342  INFO 26984 --- [http-nio-8080-exec-9] org.example.kortex.config.JwtFilter      : JWT найден в cookie
2026-01-06 22:46:14.350  INFO 26984 --- [http-nio-8080-exec-9] org.example.kortex.config.JwtFilter      : JWT валиден для email: bgeheh@bk.ru, role: COURIER
2026-01-06 22:46:14.350  INFO 26984 --- [http-nio-8080-exec-9] o.e.kortex.users.domain.UserService      : Поиск пользователя с email: bgeheh@bk.ru
2026-01-06 22:46:14.358  INFO 26984 --- [http-nio-8080-exec-9] org.example.kortex.config.JwtFilter      : Аутентификация установлена для: bgeheh@bk.ru
2026-01-06 22:46:14.430  INFO 26984 --- [http-nio-8080-exec-1] org.example.kortex.config.JwtFilter      : JWT найден в cookie
2026-01-06 22:46:14.440  INFO 26984 --- [http-nio-8080-exec-1] org.example.kortex.config.JwtFilter      : JWT валиден для email: bgeheh@bk.ru, role: COURIER
2026-01-06 22:46:14.441  INFO 26984 --- [http-nio-8080-exec-1] o.e.kortex.users.domain.UserService      : Поиск пользователя с email: bgeheh@bk.ru
2026-01-06 22:46:14.448  INFO 26984 --- [http-nio-8080-exec-1] org.example.kortex.config.JwtFilter      : Аутентификация установлена для: bgeheh@bk.ru
2026-01-06 22:46:14.453  INFO 26984 --- [http-nio-8080-exec-1] o.e.k.products.api.ProductController     : Асинхронный запрос товаров: category=null, query=null, page=0, size=12
2026-01-06 22:46:14.465  INFO 26984 --- [Async-3] o.e.k.products.domain.ProductService     : Запрос на выдачу всех товаров с фильром: ProductSearchFilter[category=null, query=null, pageSize=12, pageNumber=0]
2026-01-06 22:46:14.493  INFO 26984 --- [http-nio-8080-exec-9] org.example.kortex.config.JwtFilter      : JWT найден в cookie
2026-01-06 22:46:14.496  INFO 26984 --- [http-nio-8080-exec-9] org.example.kortex.config.JwtFilter      : JWT валиден для email: bgeheh@bk.ru, role: COURIER
2026-01-06 22:46:14.496  INFO 26984 --- [http-nio-8080-exec-9] o.e.kortex.users.domain.UserService      : Поиск пользователя с email: bgeheh@bk.ru
2026-01-06 22:46:14.501  INFO 26984 --- [http-nio-8080-exec-9] org.example.kortex.config.JwtFilter      : Аутентификация установлена для: bgeheh@bk.ru
2026-01-06 22:46:14.517  INFO 26984 --- [Async-3] o.e.k.products.domain.ProductService     : Поиск завершен за 33 мс, найдено: 1 товаров
2026-01-06 22:46:14.518  INFO 26984 --- [Async-3] o.e.k.products.domain.ProductService     : Выдача всех товаров с фильтром: ProductSearchFilter[category=null, query=null, pageSize=12, pageNumber=0]
2026-01-06 22:46:14.538  INFO 26984 --- [http-nio-8080-exec-5] org.example.kortex.config.JwtFilter      : JWT найден в cookie
2026-01-06 22:46:14.546  INFO 26984 --- [http-nio-8080-exec-5] org.example.kortex.config.JwtFilter      : JWT валиден для email: bgeheh@bk.ru, role: COURIER
2026-01-06 22:46:14.547  INFO 26984 --- [http-nio-8080-exec-5] o.e.kortex.users.domain.UserService      : Поиск пользователя с email: bgeheh@bk.ru
2026-01-06 22:46:14.551  INFO 26984 --- [http-nio-8080-exec-5] org.example.kortex.config.JwtFilter      : Аутентификация установлена для: bgeheh@bk.ru
2026-01-06 22:46:15.538  INFO 26984 --- [http-nio-8080-exec-8] org.example.kortex.config.JwtFilter      : JWT найден в cookie
2026-01-06 22:46:15.566  INFO 26984 --- [http-nio-8080-exec-8] org.example.kortex.config.JwtFilter      : JWT валиден для email: bgeheh@bk.ru, role: COURIER
2026-01-06 22:46:15.566  INFO 26984 --- [http-nio-8080-exec-8] o.e.kortex.users.domain.UserService      : Поиск пользователя с email: bgeheh@bk.ru
2026-01-06 22:46:15.573  INFO 26984 --- [http-nio-8080-exec-8] org.example.kortex.config.JwtFilter      : Аутентификация установлена для: bgeheh@bk.ru
2026-01-06 22:46:15.644  INFO 26984 --- [http-nio-8080-exec-5] org.example.kortex.config.JwtFilter      : JWT найден в cookie
2026-01-06 22:46:15.652  INFO 26984 --- [http-nio-8080-exec-5] org.example.kortex.config.JwtFilter      : JWT валиден для email: bgeheh@bk.ru, role: COURIER
2026-01-06 22:46:15.653  INFO 26984 --- [http-nio-8080-exec-5] o.e.kortex.users.domain.UserService      : Поиск пользователя с email: bgeheh@bk.ru
2026-01-06 22:46:15.659  INFO 26984 --- [http-nio-8080-exec-5] org.example.kortex.config.JwtFilter      : Аутентификация установлена для: bgeheh@bk.ru
2026-01-06 22:46:20.259  WARN 26984 --- [http-nio-8080-exec-8] .w.s.m.s.DefaultHandlerExceptionResolver : Resolved [org.springframework.web.HttpMediaTypeNotSupportedException: Content type 'application/x-www-form-urlencoded;charset=UTF-8' not supported]
2026-01-06 22:46:20.288  INFO 26984 --- [http-nio-8080-exec-2] o.e.kortex.users.domain.AuthService      : Попытка входа для email=bgeheh@bk.ru
2026-01-06 22:46:20.288  INFO 26984 --- [http-nio-8080-exec-4] o.e.kortex.users.domain.AuthService      : Попытка входа для email=bgeheh@bk.ru
2026-01-06 22:46:20.359  INFO 26984 --- [http-nio-8080-exec-4] o.e.kortex.users.domain.UserService      : Поиск пользователя с email: bgeheh@bk.ru
2026-01-06 22:46:20.360  INFO 26984 --- [http-nio-8080-exec-2] o.e.kortex.users.domain.UserService      : Поиск пользователя с email: bgeheh@bk.ru
2026-01-06 22:46:20.433  INFO 26984 --- [http-nio-8080-exec-4] o.e.kortex.users.domain.UserService      : Поиск пользователя с email: bgeheh@bk.ru
2026-01-06 22:46:20.436  INFO 26984 --- [http-nio-8080-exec-4] o.e.kortex.users.domain.AuthService      : Пользователь вошел: bgeheh@bk.ru, ID=2
2026-01-06 22:46:20.436  INFO 26984 --- [http-nio-8080-exec-2] o.e.kortex.users.domain.UserService      : Поиск пользователя с email: bgeheh@bk.ru
2026-01-06 22:46:20.443  INFO 26984 --- [http-nio-8080-exec-2] o.e.kortex.users.domain.AuthService      : Пользователь вошел: bgeheh@bk.ru, ID=2
2026-01-06 22:46:21.694  INFO 26984 --- [http-nio-8080-exec-3] org.example.kortex.config.JwtFilter      : JWT найден в cookie
2026-01-06 22:46:21.700  INFO 26984 --- [http-nio-8080-exec-3] org.example.kortex.config.JwtFilter      : JWT валиден для email: bgeheh@bk.ru, role: COURIER
2026-01-06 22:46:21.700  INFO 26984 --- [http-nio-8080-exec-3] o.e.kortex.users.domain.UserService      : Поиск пользователя с email: bgeheh@bk.ru
2026-01-06 22:46:21.706  INFO 26984 --- [http-nio-8080-exec-3] org.example.kortex.config.JwtFilter      : Аутентификация установлена для: bgeheh@bk.ru
2026-01-06 22:46:21.710  INFO 26984 --- [http-nio-8080-exec-7] org.example.kortex.config.JwtFilter      : JWT найден в cookie
2026-01-06 22:46:21.718  INFO 26984 --- [http-nio-8080-exec-7] org.example.kortex.config.JwtFilter      : JWT валиден для email: bgeheh@bk.ru, role: COURIER
2026-01-06 22:46:21.718  INFO 26984 --- [http-nio-8080-exec-7] o.e.kortex.users.domain.UserService      : Поиск пользователя с email: bgeheh@bk.ru
2026-01-06 22:46:21.723  INFO 26984 --- [http-nio-8080-exec-7] org.example.kortex.config.JwtFilter      : Аутентификация установлена для: bgeheh@bk.ru
2026-01-06 22:46:21.786  INFO 26984 --- [http-nio-8080-exec-3] org.example.kortex.config.JwtFilter      : JWT найден в cookie
2026-01-06 22:46:21.794  INFO 26984 --- [http-nio-8080-exec-3] org.example.kortex.config.JwtFilter      : JWT валиден для email: bgeheh@bk.ru, role: COURIER
2026-01-06 22:46:21.795  INFO 26984 --- [http-nio-8080-exec-3] o.e.kortex.users.domain.UserService      : Поиск пользователя с email: bgeheh@bk.ru
2026-01-06 22:46:21.799  INFO 26984 --- [http-nio-8080-exec-3] org.example.kortex.config.JwtFilter      : Аутентификация установлена для: bgeheh@bk.ru
2026-01-06 22:46:21.800  INFO 26984 --- [http-nio-8080-exec-3] o.e.k.products.api.ProductController     : Асинхронный запрос товаров: category=null, query=null, page=0, size=12
2026-01-06 22:46:21.802  INFO 26984 --- [Async-4] o.e.k.products.domain.ProductService     : Запрос на выдачу всех товаров с фильром: ProductSearchFilter[category=null, query=null, pageSize=12, pageNumber=0]
2026-01-06 22:46:21.813  INFO 26984 --- [Async-4] o.e.k.products.domain.ProductService     : Поиск завершен за 11 мс, найдено: 1 товаров
2026-01-06 22:46:21.813  INFO 26984 --- [Async-4] o.e.k.products.domain.ProductService     : Выдача всех товаров с фильтром: ProductSearchFilter[category=null, query=null, pageSize=12, pageNumber=0]
2026-01-06 22:46:21.827  INFO 26984 --- [http-nio-8080-exec-10] org.example.kortex.config.JwtFilter      : JWT найден в cookie
2026-01-06 22:46:21.834  INFO 26984 --- [http-nio-8080-exec-10] org.example.kortex.config.JwtFilter      : JWT валиден для email: bgeheh@bk.ru, role: COURIER
2026-01-06 22:46:21.835  INFO 26984 --- [http-nio-8080-exec-10] o.e.kortex.users.domain.UserService      : Поиск пользователя с email: bgeheh@bk.ru
2026-01-06 22:46:21.840  INFO 26984 --- [http-nio-8080-exec-10] org.example.kortex.config.JwtFilter      : Аутентификация установлена для: bgeheh@bk.ru
2026-01-06 22:46:21.850  INFO 26984 --- [http-nio-8080-exec-6] org.example.kortex.config.JwtFilter      : JWT найден в cookie
2026-01-06 22:46:21.861  INFO 26984 --- [http-nio-8080-exec-6] org.example.kortex.config.JwtFilter      : JWT валиден для email: bgeheh@bk.ru, role: COURIER
2026-01-06 22:46:21.861  INFO 26984 --- [http-nio-8080-exec-6] o.e.kortex.users.domain.UserService      : Поиск пользователя с email: bgeheh@bk.ru
2026-01-06 22:46:21.866  INFO 26984 --- [http-nio-8080-exec-6] org.example.kortex.config.JwtFilter      : Аутентификация установлена для: bgeheh@bk.ru
2026-01-06 22:46:22.873  INFO 26984 --- [http-nio-8080-exec-5] org.example.kortex.config.JwtFilter      : JWT найден в cookie
2026-01-06 22:46:22.879  INFO 26984 --- [http-nio-8080-exec-5] org.example.kortex.config.JwtFilter      : JWT валиден для email: bgeheh@bk.ru, role: COURIER
2026-01-06 22:46:22.879  INFO 26984 --- [http-nio-8080-exec-5] o.e.kortex.users.domain.UserService      : Поиск пользователя с email: bgeheh@bk.ru
2026-01-06 22:46:22.882  INFO 26984 --- [http-nio-8080-exec-5] org.example.kortex.config.JwtFilter      : Аутентификация установлена для: bgeheh@bk.ru
2026-01-06 22:46:22.961  INFO 26984 --- [http-nio-8080-exec-6] org.example.kortex.config.JwtFilter      : JWT найден в cookie
2026-01-06 22:46:22.965  INFO 26984 --- [http-nio-8080-exec-6] org.example.kortex.config.JwtFilter      : JWT валиден для email: bgeheh@bk.ru, role: COURIER
2026-01-06 22:46:22.965  INFO 26984 --- [http-nio-8080-exec-6] o.e.kortex.users.domain.UserService      : Поиск пользователя с email: bgeheh@bk.ru
2026-01-06 22:46:22.969  INFO 26984 --- [http-nio-8080-exec-6] org.example.kortex.config.JwtFilter      : Аутентификация установлена для: bgeheh@bk.ru
2026-01-06 23:10:10.008  INFO 26984 --- [SpringApplicationShutdownHook] j.LocalContainerEntityManagerFactoryBean : Closing JPA EntityManagerFactory for persistence unit 'default'
2026-01-06 23:10:10.080  INFO 26984 --- [SpringApplicationShutdownHook] com.zaxxer.hikari.HikariDataSource       : HikariPool-1 - Shutdown initiated...
2026-01-06 23:10:10.112  INFO 26984 --- [SpringApplicationShutdownHook] com.zaxxer.hikari.HikariDataSource       : HikariPool-1 - Shutdown completed.
2026-01-06 23:10:20.055  INFO 22044 --- [main] org.example.kortex.KortexApplication     : Starting KortexApplication using Java 21.0.1 on DESKTOP-4APF200 with PID 22044 (C:\java Ultimate\Kortex\target\classes started by 7 in C:\java Ultimate\Kortex)
2026-01-06 23:10:20.059  INFO 22044 --- [main] org.example.kortex.KortexApplication     : No active profile set, falling back to 1 default profile: "default"
2026-01-06 23:10:21.360  INFO 22044 --- [main] .s.d.r.c.RepositoryConfigurationDelegate : Bootstrapping Spring Data JPA repositories in DEFAULT mode.
2026-01-06 23:10:21.462  INFO 22044 --- [main] .s.d.r.c.RepositoryConfigurationDelegate : Finished Spring Data repository scanning in 91 ms. Found 7 JPA repository interfaces.
2026-01-06 23:10:22.061  INFO 22044 --- [main] o.s.b.w.embedded.tomcat.TomcatWebServer  : Tomcat initialized with port(s): 8080 (http)
2026-01-06 23:10:22.073  INFO 22044 --- [main] o.apache.catalina.core.StandardService   : Starting service [Tomcat]
2026-01-06 23:10:22.074  INFO 22044 --- [main] org.apache.catalina.core.StandardEngine  : Starting Servlet engine: [Apache Tomcat/9.0.73]
2026-01-06 23:10:22.190  INFO 22044 --- [main] o.a.c.c.C.[Tomcat].[localhost].[/]       : Initializing Spring embedded WebApplicationContext
2026-01-06 23:10:22.191  INFO 22044 --- [main] w.s.c.ServletWebServerApplicationContext : Root WebApplicationContext: initialization completed in 2071 ms
2026-01-06 23:10:22.526  INFO 22044 --- [main] o.hibernate.jpa.internal.util.LogHelper  : HHH000204: Processing PersistenceUnitInfo [name: default]
2026-01-06 23:10:22.602  INFO 22044 --- [main] org.hibernate.Version                    : HHH000412: Hibernate ORM core version 5.6.15.Final
2026-01-06 23:10:22.815  INFO 22044 --- [main] o.hibernate.annotations.common.Version   : HCANN000001: Hibernate Commons Annotations {5.1.2.Final}
2026-01-06 23:10:22.941  INFO 22044 --- [main] com.zaxxer.hikari.HikariDataSource       : HikariPool-1 - Starting...
2026-01-06 23:10:23.177  INFO 22044 --- [main] com.zaxxer.hikari.HikariDataSource       : HikariPool-1 - Start completed.
2026-01-06 23:10:23.205  INFO 22044 --- [main] org.hibernate.dialect.Dialect            : HHH000400: Using dialect: org.hibernate.dialect.PostgreSQLDialect
2026-01-06 23:10:24.076  INFO 22044 --- [main] o.h.e.t.j.p.i.JtaPlatformInitiator       : HHH000490: Using JtaPlatform implementation: [org.hibernate.engine.transaction.jta.platform.internal.NoJtaPlatform]
2026-01-06 23:10:24.085  INFO 22044 --- [main] j.LocalContainerEntityManagerFactoryBean : Initialized JPA EntityManagerFactory for persistence unit 'default'
2026-01-06 23:10:24.442  INFO 22044 --- [main] o.s.aop.framework.CglibAopProxy          : Unable to proxy interface-implementing method [public final void org.springframework.web.filter.OncePerRequestFilter.doFilter(javax.servlet.ServletRequest,javax.servlet.ServletResponse,javax.servlet.FilterChain) throws javax.servlet.ServletException,java.io.IOException] because it is marked as final: Consider using interface-based JDK proxies instead!
2026-01-06 23:10:24.442  INFO 22044 --- [main] o.s.aop.framework.CglibAopProxy          : Unable to proxy interface-implementing method [public final void org.springframework.web.filter.GenericFilterBean.init(javax.servlet.FilterConfig) throws javax.servlet.ServletException] because it is marked as final: Consider using interface-based JDK proxies instead!
2026-01-06 23:10:25.116  INFO 22044 --- [main] o.s.s.web.DefaultSecurityFilterChain     : Will secure any request with [org.springframework.security.web.session.DisableEncodeUrlFilter@38d895e8, org.springframework.security.web.context.request.async.WebAsyncManagerIntegrationFilter@2f3d5cd, org.springframework.security.web.context.SecurityContextPersistenceFilter@49ea4b65, org.springframework.security.web.header.HeaderWriterFilter@b0c4905, org.springframework.security.web.authentication.logout.LogoutFilter@5ca10d0e, org.example.kortex.config.JwtFilter@f472245, org.springframework.security.web.savedrequest.RequestCacheAwareFilter@4f3e65f4, org.springframework.security.web.servletapi.SecurityContextHolderAwareRequestFilter@7d1cfe97, org.springframework.security.web.authentication.AnonymousAuthenticationFilter@a36ff0b, org.springframework.security.web.session.SessionManagementFilter@5feb8e9a, org.springframework.security.web.access.ExceptionTranslationFilter@62ec4146, org.springframework.security.web.access.intercept.FilterSecurityInterceptor@13552290]
2026-01-06 23:10:25.749  INFO 22044 --- [main] o.s.b.a.e.web.EndpointLinksResolver      : Exposing 1 endpoint(s) beneath base path '/actuator'
2026-01-06 23:10:25.826  INFO 22044 --- [main] o.s.b.w.embedded.tomcat.TomcatWebServer  : Tomcat started on port(s): 8080 (http) with context path ''
2026-01-06 23:10:25.841  INFO 22044 --- [main] org.example.kortex.KortexApplication     : Started KortexApplication in 6.414 seconds (JVM running for 7.769)
2026-01-06 23:10:26.037  INFO 22044 --- [RMI TCP Connection(1)-26.93.201.44] o.a.c.c.C.[Tomcat].[localhost].[/]       : Initializing Spring DispatcherServlet 'dispatcherServlet'
2026-01-06 23:10:26.038  INFO 22044 --- [RMI TCP Connection(1)-26.93.201.44] o.s.web.servlet.DispatcherServlet        : Initializing Servlet 'dispatcherServlet'
2026-01-06 23:10:26.040  INFO 22044 --- [RMI TCP Connection(1)-26.93.201.44] o.s.web.servlet.DispatcherServlet        : Completed initialization in 2 ms
2026-01-06 23:10:43.961  WARN 22044 --- [http-nio-8080-exec-2] .w.s.m.s.DefaultHandlerExceptionResolver : Resolved [org.springframework.web.HttpMediaTypeNotSupportedException: Content type 'application/x-www-form-urlencoded;charset=UTF-8' not supported]
2026-01-06 23:10:44.000  INFO 22044 --- [http-nio-8080-exec-3] o.e.kortex.users.domain.AuthService      : Попытка входа для email=s5090@inbox.ru
2026-01-06 23:10:44.000  INFO 22044 --- [http-nio-8080-exec-1] o.e.kortex.users.domain.AuthService      : Попытка входа для email=s5090@inbox.ru
2026-01-06 23:10:44.083  INFO 22044 --- [http-nio-8080-exec-1] o.e.kortex.users.domain.UserService      : Поиск пользователя с email: s5090@inbox.ru
2026-01-06 23:10:44.083  INFO 22044 --- [http-nio-8080-exec-3] o.e.kortex.users.domain.UserService      : Поиск пользователя с email: s5090@inbox.ru
2026-01-06 23:10:44.256  INFO 22044 --- [http-nio-8080-exec-3] o.e.kortex.users.domain.UserService      : Поиск пользователя с email: s5090@inbox.ru
2026-01-06 23:10:44.256  INFO 22044 --- [http-nio-8080-exec-1] o.e.kortex.users.domain.UserService      : Поиск пользователя с email: s5090@inbox.ru
2026-01-06 23:10:44.287  INFO 22044 --- [http-nio-8080-exec-3] o.e.kortex.users.domain.AuthService      : Пользователь вошел: s5090@inbox.ru, ID=1
2026-01-06 23:10:44.287  INFO 22044 --- [http-nio-8080-exec-1] o.e.kortex.users.domain.AuthService      : Пользователь вошел: s5090@inbox.ru, ID=1
2026-01-06 23:10:45.779  INFO 22044 --- [http-nio-8080-exec-5] org.example.kortex.config.JwtFilter      : JWT найден в cookie
2026-01-06 23:10:45.779  INFO 22044 --- [http-nio-8080-exec-4] org.example.kortex.config.JwtFilter      : JWT найден в cookie
2026-01-06 23:10:45.810  INFO 22044 --- [http-nio-8080-exec-5] org.example.kortex.config.JwtFilter      : JWT валиден для email: s5090@inbox.ru, role: ADMIN
2026-01-06 23:10:45.810  INFO 22044 --- [http-nio-8080-exec-4] org.example.kortex.config.JwtFilter      : JWT валиден для email: s5090@inbox.ru, role: ADMIN
2026-01-06 23:10:45.810  INFO 22044 --- [http-nio-8080-exec-5] o.e.kortex.users.domain.UserService      : Поиск пользователя с email: s5090@inbox.ru
2026-01-06 23:10:45.810  INFO 22044 --- [http-nio-8080-exec-4] o.e.kortex.users.domain.UserService      : Поиск пользователя с email: s5090@inbox.ru
2026-01-06 23:10:45.813  INFO 22044 --- [http-nio-8080-exec-5] org.example.kortex.config.JwtFilter      : Аутентификация установлена для: s5090@inbox.ru
2026-01-06 23:10:45.813  INFO 22044 --- [http-nio-8080-exec-4] org.example.kortex.config.JwtFilter      : Аутентификация установлена для: s5090@inbox.ru
2026-01-06 23:10:45.900  INFO 22044 --- [http-nio-8080-exec-7] org.example.kortex.config.JwtFilter      : JWT найден в cookie
2026-01-06 23:10:45.917  INFO 22044 --- [http-nio-8080-exec-7] org.example.kortex.config.JwtFilter      : JWT валиден для email: s5090@inbox.ru, role: ADMIN
2026-01-06 23:10:45.918  INFO 22044 --- [http-nio-8080-exec-7] o.e.kortex.users.domain.UserService      : Поиск пользователя с email: s5090@inbox.ru
2026-01-06 23:10:45.929  INFO 22044 --- [http-nio-8080-exec-7] org.example.kortex.config.JwtFilter      : Аутентификация установлена для: s5090@inbox.ru
2026-01-06 23:10:46.000  INFO 22044 --- [http-nio-8080-exec-1] org.example.kortex.config.JwtFilter      : JWT найден в cookie
2026-01-06 23:10:46.044  INFO 22044 --- [http-nio-8080-exec-1] org.example.kortex.config.JwtFilter      : JWT валиден для email: s5090@inbox.ru, role: ADMIN
2026-01-06 23:10:46.049  INFO 22044 --- [http-nio-8080-exec-1] o.e.kortex.users.domain.UserService      : Поиск пользователя с email: s5090@inbox.ru
2026-01-06 23:10:46.064  INFO 22044 --- [http-nio-8080-exec-1] org.example.kortex.config.JwtFilter      : Аутентификация установлена для: s5090@inbox.ru
2026-01-06 23:10:46.084  INFO 22044 --- [http-nio-8080-exec-1] o.e.k.products.api.ProductController     : Асинхронный запрос товаров: category=null, query=null, page=0, size=12
2026-01-06 23:10:46.110  INFO 22044 --- [Async-1] o.e.k.products.domain.ProductService     : Запрос на выдачу всех товаров с фильром: ProductSearchFilter[category=null, query=null, pageSize=12, pageNumber=0]
2026-01-06 23:10:46.155  INFO 22044 --- [Async-1] o.e.k.products.domain.ProductService     : Поиск завершен за 32 мс, найдено: 1 товаров
2026-01-06 23:10:46.155  INFO 22044 --- [Async-1] o.e.k.products.domain.ProductService     : Выдача всех товаров с фильтром: ProductSearchFilter[category=null, query=null, pageSize=12, pageNumber=0]
2026-01-06 23:10:46.180  INFO 22044 --- [http-nio-8080-exec-4] org.example.kortex.config.JwtFilter      : JWT найден в cookie
2026-01-06 23:10:46.198  INFO 22044 --- [http-nio-8080-exec-4] org.example.kortex.config.JwtFilter      : JWT валиден для email: s5090@inbox.ru, role: ADMIN
2026-01-06 23:10:46.199  INFO 22044 --- [http-nio-8080-exec-4] o.e.kortex.users.domain.UserService      : Поиск пользователя с email: s5090@inbox.ru
2026-01-06 23:10:46.209  INFO 22044 --- [http-nio-8080-exec-4] org.example.kortex.config.JwtFilter      : Аутентификация установлена для: s5090@inbox.ru
2026-01-06 23:10:46.857  INFO 22044 --- [http-nio-8080-exec-6] org.example.kortex.config.JwtFilter      : JWT найден в cookie
2026-01-06 23:10:46.867  INFO 22044 --- [http-nio-8080-exec-6] org.example.kortex.config.JwtFilter      : JWT валиден для email: s5090@inbox.ru, role: ADMIN
2026-01-06 23:10:46.867  INFO 22044 --- [http-nio-8080-exec-6] o.e.kortex.users.domain.UserService      : Поиск пользователя с email: s5090@inbox.ru
2026-01-06 23:10:46.875  INFO 22044 --- [http-nio-8080-exec-6] org.example.kortex.config.JwtFilter      : Аутентификация установлена для: s5090@inbox.ru
2026-01-06 23:10:46.968  INFO 22044 --- [http-nio-8080-exec-2] org.example.kortex.config.JwtFilter      : JWT найден в cookie
2026-01-06 23:10:46.975  INFO 22044 --- [http-nio-8080-exec-10] org.example.kortex.config.JwtFilter      : JWT найден в cookie
2026-01-06 23:10:46.983  INFO 22044 --- [http-nio-8080-exec-2] org.example.kortex.config.JwtFilter      : JWT валиден для email: s5090@inbox.ru, role: ADMIN
2026-01-06 23:10:46.984  INFO 22044 --- [http-nio-8080-exec-2] o.e.kortex.users.domain.UserService      : Поиск пользователя с email: s5090@inbox.ru
2026-01-06 23:10:46.985  INFO 22044 --- [http-nio-8080-exec-10] org.example.kortex.config.JwtFilter      : JWT валиден для email: s5090@inbox.ru, role: ADMIN
2026-01-06 23:10:46.986  INFO 22044 --- [http-nio-8080-exec-10] o.e.kortex.users.domain.UserService      : Поиск пользователя с email: s5090@inbox.ru
2026-01-06 23:10:46.992  INFO 22044 --- [http-nio-8080-exec-2] org.example.kortex.config.JwtFilter      : Аутентификация установлена для: s5090@inbox.ru
2026-01-06 23:10:46.993  INFO 22044 --- [http-nio-8080-exec-10] org.example.kortex.config.JwtFilter      : Аутентификация установлена для: s5090@inbox.ru
2026-01-06 23:10:46.998  INFO 22044 --- [http-nio-8080-exec-9] org.example.kortex.config.JwtFilter      : JWT найден в cookie
2026-01-06 23:10:47.010  INFO 22044 --- [http-nio-8080-exec-9] org.example.kortex.config.JwtFilter      : JWT валиден для email: s5090@inbox.ru, role: ADMIN
2026-01-06 23:10:47.010  INFO 22044 --- [http-nio-8080-exec-9] o.e.kortex.users.domain.UserService      : Поиск пользователя с email: s5090@inbox.ru
2026-01-06 23:10:47.017  INFO 22044 --- [http-nio-8080-exec-9] org.example.kortex.config.JwtFilter      : Аутентификация установлена для: s5090@inbox.ru
2026-01-06 23:10:47.017  INFO 22044 --- [http-nio-8080-exec-7] org.example.kortex.config.JwtFilter      : JWT найден в cookie
2026-01-06 23:10:47.028  INFO 22044 --- [http-nio-8080-exec-7] org.example.kortex.config.JwtFilter      : JWT валиден для email: s5090@inbox.ru, role: ADMIN
2026-01-06 23:10:47.029  INFO 22044 --- [http-nio-8080-exec-7] o.e.kortex.users.domain.UserService      : Поиск пользователя с email: s5090@inbox.ru
2026-01-06 23:10:47.037  INFO 22044 --- [http-nio-8080-exec-7] org.example.kortex.config.JwtFilter      : Аутентификация установлена для: s5090@inbox.ru
2026-01-06 23:10:48.347  INFO 22044 --- [http-nio-8080-exec-1] org.example.kortex.config.JwtFilter      : JWT найден в cookie
2026-01-06 23:10:48.355  INFO 22044 --- [http-nio-8080-exec-1] org.example.kortex.config.JwtFilter      : JWT валиден для email: s5090@inbox.ru, role: ADMIN
2026-01-06 23:10:48.356  INFO 22044 --- [http-nio-8080-exec-1] o.e.kortex.users.domain.UserService      : Поиск пользователя с email: s5090@inbox.ru
2026-01-06 23:10:48.361  INFO 22044 --- [http-nio-8080-exec-1] org.example.kortex.config.JwtFilter      : Аутентификация установлена для: s5090@inbox.ru
2026-01-06 23:10:48.460  INFO 22044 --- [http-nio-8080-exec-7] org.example.kortex.config.JwtFilter      : JWT найден в cookie
2026-01-06 23:10:48.464  INFO 22044 --- [http-nio-8080-exec-7] org.example.kortex.config.JwtFilter      : JWT валиден для email: s5090@inbox.ru, role: ADMIN
2026-01-06 23:10:48.464  INFO 22044 --- [http-nio-8080-exec-7] o.e.kortex.users.domain.UserService      : Поиск пользователя с email: s5090@inbox.ru
2026-01-06 23:10:48.468  INFO 22044 --- [http-nio-8080-exec-7] org.example.kortex.config.JwtFilter      : Аутентификация установлена для: s5090@inbox.ru
2026-01-06 23:10:49.729  INFO 22044 --- [http-nio-8080-exec-1] org.example.kortex.config.JwtFilter      : JWT найден в cookie
2026-01-06 23:10:49.739  INFO 22044 --- [http-nio-8080-exec-1] org.example.kortex.config.JwtFilter      : JWT валиден для email: s5090@inbox.ru, role: ADMIN
2026-01-06 23:10:49.740  INFO 22044 --- [http-nio-8080-exec-1] o.e.kortex.users.domain.UserService      : Поиск пользователя с email: s5090@inbox.ru
2026-01-06 23:10:49.743  INFO 22044 --- [http-nio-8080-exec-1] org.example.kortex.config.JwtFilter      : Аутентификация установлена для: s5090@inbox.ru
2026-01-06 23:10:49.865  INFO 22044 --- [http-nio-8080-exec-7] org.example.kortex.config.JwtFilter      : JWT найден в cookie
2026-01-06 23:10:49.874  INFO 22044 --- [http-nio-8080-exec-7] org.example.kortex.config.JwtFilter      : JWT валиден для email: s5090@inbox.ru, role: ADMIN
2026-01-06 23:10:49.875  INFO 22044 --- [http-nio-8080-exec-7] o.e.kortex.users.domain.UserService      : Поиск пользователя с email: s5090@inbox.ru
2026-01-06 23:10:49.878  INFO 22044 --- [http-nio-8080-exec-7] org.example.kortex.config.JwtFilter      : Аутентификация установлена для: s5090@inbox.ru
2026-01-06 23:10:51.763  INFO 22044 --- [http-nio-8080-exec-1] o.e.kortex.users.domain.AuthService      : Запрос на восстановление пароля для email=s5090@inbox.ru
2026-01-06 23:10:51.763  INFO 22044 --- [http-nio-8080-exec-1] o.e.kortex.users.domain.UserService      : Поиск пользователя с email: s5090@inbox.ru
2026-01-06 23:10:51.780  INFO 22044 --- [http-nio-8080-exec-1] o.e.kortex.users.domain.AuthService      : Код для сброса пароля отправлен на email: s5090@inbox.ru
2026-01-06 23:10:51.780  INFO 22044 --- [Async-2] o.e.k.users.domain.EmailSenderService    : Отпрвавка сообщение на изменения сброс на почту: s5090@inbox.ru с кодом 680696
2026-01-06 23:10:52.850  INFO 22044 --- [http-nio-8080-exec-8] org.example.kortex.config.JwtFilter      : JWT найден в cookie
2026-01-06 23:10:52.864  INFO 22044 --- [http-nio-8080-exec-8] org.example.kortex.config.JwtFilter      : JWT валиден для email: s5090@inbox.ru, role: ADMIN
2026-01-06 23:10:52.865  INFO 22044 --- [http-nio-8080-exec-8] o.e.kortex.users.domain.UserService      : Поиск пользователя с email: s5090@inbox.ru
2026-01-06 23:10:52.872  INFO 22044 --- [http-nio-8080-exec-8] org.example.kortex.config.JwtFilter      : Аутентификация установлена для: s5090@inbox.ru
2026-01-06 23:10:52.953  INFO 22044 --- [http-nio-8080-exec-8] org.example.kortex.config.JwtFilter      : JWT найден в cookie
2026-01-06 23:10:52.961  INFO 22044 --- [http-nio-8080-exec-8] org.example.kortex.config.JwtFilter      : JWT валиден для email: s5090@inbox.ru, role: ADMIN
2026-01-06 23:10:52.961  INFO 22044 --- [http-nio-8080-exec-8] o.e.kortex.users.domain.UserService      : Поиск пользователя с email: s5090@inbox.ru
2026-01-06 23:10:52.966  INFO 22044 --- [http-nio-8080-exec-8] org.example.kortex.config.JwtFilter      : Аутентификация установлена для: s5090@inbox.ru
2026-01-06 23:11:02.934  INFO 22044 --- [Async-2] o.e.k.users.domain.EmailSenderService    : Сообщение отправлено на изменения сброс на почту: s5090@inbox.ru с кодом 680696
2026-01-06 23:11:08.595  INFO 22044 --- [http-nio-8080-exec-10] o.e.kortex.users.domain.AuthService      : Проверка кода сброса пароля для resetId=a15bd662-a4b9-4b60-ad14-35c9054b3125
2026-01-06 23:11:08.595  INFO 22044 --- [http-nio-8080-exec-10] o.e.kortex.users.domain.AuthService      : Код подтвержден для resetId=a15bd662-a4b9-4b60-ad14-35c9054b3125
2026-01-06 23:11:09.610  INFO 22044 --- [http-nio-8080-exec-3] org.example.kortex.config.JwtFilter      : JWT найден в cookie
2026-01-06 23:11:09.618  INFO 22044 --- [http-nio-8080-exec-3] org.example.kortex.config.JwtFilter      : JWT валиден для email: s5090@inbox.ru, role: ADMIN
2026-01-06 23:11:09.619  INFO 22044 --- [http-nio-8080-exec-3] o.e.kortex.users.domain.UserService      : Поиск пользователя с email: s5090@inbox.ru
2026-01-06 23:11:09.623  INFO 22044 --- [http-nio-8080-exec-3] org.example.kortex.config.JwtFilter      : Аутентификация установлена для: s5090@inbox.ru
2026-01-06 23:11:09.717  INFO 22044 --- [http-nio-8080-exec-10] org.example.kortex.config.JwtFilter      : JWT найден в cookie
2026-01-06 23:11:09.723  INFO 22044 --- [http-nio-8080-exec-10] org.example.kortex.config.JwtFilter      : JWT валиден для email: s5090@inbox.ru, role: ADMIN
2026-01-06 23:11:09.724  INFO 22044 --- [http-nio-8080-exec-10] o.e.kortex.users.domain.UserService      : Поиск пользователя с email: s5090@inbox.ru
2026-01-06 23:11:09.729  INFO 22044 --- [http-nio-8080-exec-10] org.example.kortex.config.JwtFilter      : Аутентификация установлена для: s5090@inbox.ru
2026-01-06 23:11:13.692  INFO 22044 --- [http-nio-8080-exec-3] org.example.kortex.config.JwtFilter      : JWT найден в cookie
2026-01-06 23:11:13.698  INFO 22044 --- [http-nio-8080-exec-3] org.example.kortex.config.JwtFilter      : JWT валиден для email: s5090@inbox.ru, role: ADMIN
2026-01-06 23:11:13.698  INFO 22044 --- [http-nio-8080-exec-3] o.e.kortex.users.domain.UserService      : Поиск пользователя с email: s5090@inbox.ru
2026-01-06 23:11:13.703  INFO 22044 --- [http-nio-8080-exec-3] org.example.kortex.config.JwtFilter      : Аутентификация установлена для: s5090@inbox.ru
2026-01-06 23:11:13.772  INFO 22044 --- [http-nio-8080-exec-10] org.example.kortex.config.JwtFilter      : JWT найден в cookie
2026-01-06 23:11:13.777  INFO 22044 --- [http-nio-8080-exec-10] org.example.kortex.config.JwtFilter      : JWT валиден для email: s5090@inbox.ru, role: ADMIN
2026-01-06 23:11:13.777  INFO 22044 --- [http-nio-8080-exec-10] o.e.kortex.users.domain.UserService      : Поиск пользователя с email: s5090@inbox.ru
2026-01-06 23:11:13.782  INFO 22044 --- [http-nio-8080-exec-10] org.example.kortex.config.JwtFilter      : Аутентификация установлена для: s5090@inbox.ru
2026-01-06 23:11:13.784  INFO 22044 --- [http-nio-8080-exec-10] o.e.k.products.api.ProductController     : Асинхронный запрос товаров: category=null, query=null, page=0, size=12
2026-01-06 23:11:13.786  INFO 22044 --- [Async-3] o.e.k.products.domain.ProductService     : Запрос на выдачу всех товаров с фильром: ProductSearchFilter[category=null, query=null, pageSize=12, pageNumber=0]
2026-01-06 23:11:13.797  INFO 22044 --- [Async-3] o.e.k.products.domain.ProductService     : Поиск завершен за 8 мс, найдено: 1 товаров
2026-01-06 23:11:13.798  INFO 22044 --- [Async-3] o.e.k.products.domain.ProductService     : Выдача всех товаров с фильтром: ProductSearchFilter[category=null, query=null, pageSize=12, pageNumber=0]
2026-01-06 23:11:13.807  INFO 22044 --- [http-nio-8080-exec-7] org.example.kortex.config.JwtFilter      : JWT найден в cookie
2026-01-06 23:11:13.811  INFO 22044 --- [http-nio-8080-exec-4] org.example.kortex.config.JwtFilter      : JWT найден в cookie
2026-01-06 23:11:13.820  INFO 22044 --- [http-nio-8080-exec-7] org.example.kortex.config.JwtFilter      : JWT валиден для email: s5090@inbox.ru, role: ADMIN
2026-01-06 23:11:13.820  INFO 22044 --- [http-nio-8080-exec-7] o.e.kortex.users.domain.UserService      : Поиск пользователя с email: s5090@inbox.ru
2026-01-06 23:11:13.824  INFO 22044 --- [http-nio-8080-exec-4] org.example.kortex.config.JwtFilter      : JWT валиден для email: s5090@inbox.ru, role: ADMIN
2026-01-06 23:11:13.824  INFO 22044 --- [http-nio-8080-exec-4] o.e.kortex.users.domain.UserService      : Поиск пользователя с email: s5090@inbox.ru
2026-01-06 23:11:13.825  INFO 22044 --- [http-nio-8080-exec-7] org.example.kortex.config.JwtFilter      : Аутентификация установлена для: s5090@inbox.ru
2026-01-06 23:11:13.831  INFO 22044 --- [http-nio-8080-exec-4] org.example.kortex.config.JwtFilter      : Аутентификация установлена для: s5090@inbox.ru
2026-01-06 23:11:15.097  INFO 22044 --- [http-nio-8080-exec-9] org.example.kortex.config.JwtFilter      : JWT найден в cookie
2026-01-06 23:11:15.104  INFO 22044 --- [http-nio-8080-exec-9] org.example.kortex.config.JwtFilter      : JWT валиден для email: s5090@inbox.ru, role: ADMIN
2026-01-06 23:11:15.105  INFO 22044 --- [http-nio-8080-exec-9] o.e.kortex.users.domain.UserService      : Поиск пользователя с email: s5090@inbox.ru
2026-01-06 23:11:15.112  INFO 22044 --- [http-nio-8080-exec-9] org.example.kortex.config.JwtFilter      : Аутентификация установлена для: s5090@inbox.ru
2026-01-06 23:11:15.187  INFO 22044 --- [http-nio-8080-exec-4] org.example.kortex.config.JwtFilter      : JWT найден в cookie
2026-01-06 23:11:15.193  INFO 22044 --- [http-nio-8080-exec-4] org.example.kortex.config.JwtFilter      : JWT валиден для email: s5090@inbox.ru, role: ADMIN
2026-01-06 23:11:15.193  INFO 22044 --- [http-nio-8080-exec-4] o.e.kortex.users.domain.UserService      : Поиск пользователя с email: s5090@inbox.ru
2026-01-06 23:11:15.197  INFO 22044 --- [http-nio-8080-exec-4] org.example.kortex.config.JwtFilter      : Аутентификация установлена для: s5090@inbox.ru
2026-01-06 23:11:18.529  INFO 22044 --- [http-nio-8080-exec-9] org.example.kortex.config.JwtFilter      : JWT найден в cookie
2026-01-06 23:11:18.535  INFO 22044 --- [http-nio-8080-exec-9] org.example.kortex.config.JwtFilter      : JWT валиден для email: s5090@inbox.ru, role: ADMIN
2026-01-06 23:11:18.538  INFO 22044 --- [http-nio-8080-exec-9] o.e.kortex.users.domain.UserService      : Поиск пользователя с email: s5090@inbox.ru
2026-01-06 23:11:18.548  INFO 22044 --- [http-nio-8080-exec-9] org.example.kortex.config.JwtFilter      : Аутентификация установлена для: s5090@inbox.ru
2026-01-06 23:11:18.659  INFO 22044 --- [http-nio-8080-exec-4] org.example.kortex.config.JwtFilter      : JWT найден в cookie
2026-01-06 23:11:18.662  INFO 22044 --- [http-nio-8080-exec-4] org.example.kortex.config.JwtFilter      : JWT валиден для email: s5090@inbox.ru, role: ADMIN
2026-01-06 23:11:18.662  INFO 22044 --- [http-nio-8080-exec-4] o.e.kortex.users.domain.UserService      : Поиск пользователя с email: s5090@inbox.ru
2026-01-06 23:11:18.667  INFO 22044 --- [http-nio-8080-exec-4] org.example.kortex.config.JwtFilter      : Аутентификация установлена для: s5090@inbox.ru
2026-01-06 23:11:32.685  INFO 22044 --- [http-nio-8080-exec-9] o.e.kortex.users.domain.AuthService      : Попытка входа для email=1123@bk.ru
2026-01-06 23:11:32.686  INFO 22044 --- [http-nio-8080-exec-9] o.e.kortex.users.domain.UserService      : Поиск пользователя с email: 1123@bk.ru
2026-01-06 23:11:32.690  INFO 22044 --- [http-nio-8080-exec-6] o.e.kortex.users.domain.AuthService      : Отправка кода регистрации на email=1123@bk.ru
2026-01-06 23:11:32.690  INFO 22044 --- [http-nio-8080-exec-6] o.e.kortex.users.domain.UserService      : Поиск пользователя с email: 1123@bk.ru
2026-01-06 23:11:32.758  INFO 22044 --- [Async-4] o.e.k.users.domain.EmailSenderService    : Отпрвавка сообщение на регистрацию на почту: 1123@bk.ru с кодом 903214
2026-01-06 23:11:32.758  INFO 22044 --- [http-nio-8080-exec-6] o.e.kortex.users.domain.AuthService      : Код подтверждения отправлен на email=1123@bk.ru
2026-01-06 23:11:32.759 ERROR 22044 --- [http-nio-8080-exec-9] o.e.kortex.users.domain.AuthService      : Ошибка входа для 1123@bk.ru: Неверные учетные данные пользователя
2026-01-06 23:11:35.158  INFO 22044 --- [http-nio-8080-exec-1] org.example.kortex.config.JwtFilter      : JWT найден в cookie
2026-01-06 23:11:35.162  INFO 22044 --- [http-nio-8080-exec-1] org.example.kortex.config.JwtFilter      : JWT валиден для email: s5090@inbox.ru, role: ADMIN
2026-01-06 23:11:35.162  INFO 22044 --- [http-nio-8080-exec-1] o.e.kortex.users.domain.UserService      : Поиск пользователя с email: s5090@inbox.ru
2026-01-06 23:11:35.168  INFO 22044 --- [http-nio-8080-exec-1] org.example.kortex.config.JwtFilter      : Аутентификация установлена для: s5090@inbox.ru
2026-01-06 23:11:35.288  INFO 22044 --- [http-nio-8080-exec-1] org.example.kortex.config.JwtFilter      : JWT найден в cookie
2026-01-06 23:11:35.294  INFO 22044 --- [http-nio-8080-exec-1] org.example.kortex.config.JwtFilter      : JWT валиден для email: s5090@inbox.ru, role: ADMIN
2026-01-06 23:11:35.294  INFO 22044 --- [http-nio-8080-exec-1] o.e.kortex.users.domain.UserService      : Поиск пользователя с email: s5090@inbox.ru
2026-01-06 23:11:35.298  INFO 22044 --- [http-nio-8080-exec-1] org.example.kortex.config.JwtFilter      : Аутентификация установлена для: s5090@inbox.ru
2026-01-06 23:11:43.778  INFO 22044 --- [Async-4] o.e.k.users.domain.EmailSenderService    : Сообщение отправлено на регистрацию на почту: 1123@bk.ru с кодом 903214
2026-01-06 23:11:57.435  INFO 22044 --- [http-nio-8080-exec-8] o.e.kortex.users.domain.AuthService      : Подтверждение регистрации для ID=fa6474a9-9546-4d0d-9318-cba2137ed33c
2026-01-06 23:11:57.446  INFO 22044 --- [http-nio-8080-exec-8] o.e.kortex.users.domain.UserService      : Создания пользователя
2026-01-06 23:11:57.493  INFO 22044 --- [http-nio-8080-exec-8] o.e.kortex.users.domain.UserService      : Пользователь создан его id: 13
2026-01-06 23:11:57.496  INFO 22044 --- [http-nio-8080-exec-8] o.e.kortex.carts.domain.CartService      : Создания корзины у пользователя 13
2026-01-06 23:11:57.503  INFO 22044 --- [http-nio-8080-exec-8] o.e.kortex.carts.domain.CartService      : Корзина создана id корзины: 13
2026-01-06 23:11:57.504  INFO 22044 --- [http-nio-8080-exec-8] o.e.kortex.users.domain.AuthService      : Пользователь создан id=13, email=1123@bk.ru
2026-01-06 23:11:58.526  INFO 22044 --- [http-nio-8080-exec-5] org.example.kortex.config.JwtFilter      : JWT найден в cookie
2026-01-06 23:11:58.535  INFO 22044 --- [http-nio-8080-exec-5] org.example.kortex.config.JwtFilter      : JWT валиден для email: 1123@bk.ru, role: USER
2026-01-06 23:11:58.538  INFO 22044 --- [http-nio-8080-exec-5] o.e.kortex.users.domain.UserService      : Поиск пользователя с email: 1123@bk.ru
2026-01-06 23:11:58.543  INFO 22044 --- [http-nio-8080-exec-5] org.example.kortex.config.JwtFilter      : Аутентификация установлена для: 1123@bk.ru
2026-01-06 23:11:58.630  INFO 22044 --- [http-nio-8080-exec-10] org.example.kortex.config.JwtFilter      : JWT найден в cookie
2026-01-06 23:11:58.635  INFO 22044 --- [http-nio-8080-exec-10] org.example.kortex.config.JwtFilter      : JWT валиден для email: 1123@bk.ru, role: USER
2026-01-06 23:11:58.636  INFO 22044 --- [http-nio-8080-exec-10] o.e.kortex.users.domain.UserService      : Поиск пользователя с email: 1123@bk.ru
2026-01-06 23:11:58.639  INFO 22044 --- [http-nio-8080-exec-10] org.example.kortex.config.JwtFilter      : Аутентификация установлена для: 1123@bk.ru
2026-01-06 23:11:58.642  INFO 22044 --- [http-nio-8080-exec-10] o.e.k.products.api.ProductController     : Асинхронный запрос товаров: category=null, query=null, page=0, size=12
2026-01-06 23:11:58.644  INFO 22044 --- [Async-5] o.e.k.products.domain.ProductService     : Запрос на выдачу всех товаров с фильром: ProductSearchFilter[category=null, query=null, pageSize=12, pageNumber=0]
2026-01-06 23:11:58.653  INFO 22044 --- [Async-5] o.e.k.products.domain.ProductService     : Поиск завершен за 8 мс, найдено: 1 товаров
2026-01-06 23:11:58.654  INFO 22044 --- [Async-5] o.e.k.products.domain.ProductService     : Выдача всех товаров с фильтром: ProductSearchFilter[category=null, query=null, pageSize=12, pageNumber=0]
2026-01-06 23:11:58.660  INFO 22044 --- [http-nio-8080-exec-5] org.example.kortex.config.JwtFilter      : JWT найден в cookie
2026-01-06 23:11:58.666  INFO 22044 --- [http-nio-8080-exec-3] org.example.kortex.config.JwtFilter      : JWT найден в cookie
2026-01-06 23:11:58.668  INFO 22044 --- [http-nio-8080-exec-5] org.example.kortex.config.JwtFilter      : JWT валиден для email: 1123@bk.ru, role: USER
2026-01-06 23:11:58.669  INFO 22044 --- [http-nio-8080-exec-5] o.e.kortex.users.domain.UserService      : Поиск пользователя с email: 1123@bk.ru
2026-01-06 23:11:58.677  INFO 22044 --- [http-nio-8080-exec-3] org.example.kortex.config.JwtFilter      : JWT валиден для email: 1123@bk.ru, role: USER
2026-01-06 23:11:58.677  INFO 22044 --- [http-nio-8080-exec-3] o.e.kortex.users.domain.UserService      : Поиск пользователя с email: 1123@bk.ru
2026-01-06 23:11:58.677  INFO 22044 --- [http-nio-8080-exec-5] org.example.kortex.config.JwtFilter      : Аутентификация установлена для: 1123@bk.ru
2026-01-06 23:11:58.681  INFO 22044 --- [http-nio-8080-exec-3] org.example.kortex.config.JwtFilter      : Аутентификация установлена для: 1123@bk.ru
2026-01-06 23:11:59.502  INFO 22044 --- [http-nio-8080-exec-4] org.example.kortex.config.JwtFilter      : JWT найден в cookie
2026-01-06 23:11:59.510  INFO 22044 --- [http-nio-8080-exec-4] org.example.kortex.config.JwtFilter      : JWT валиден для email: 1123@bk.ru, role: USER
2026-01-06 23:11:59.510  INFO 22044 --- [http-nio-8080-exec-4] o.e.kortex.users.domain.UserService      : Поиск пользователя с email: 1123@bk.ru
2026-01-06 23:11:59.513  INFO 22044 --- [http-nio-8080-exec-4] org.example.kortex.config.JwtFilter      : Аутентификация установлена для: 1123@bk.ru
2026-01-06 23:11:59.598  INFO 22044 --- [http-nio-8080-exec-7] org.example.kortex.config.JwtFilter      : JWT найден в cookie
2026-01-06 23:11:59.613  INFO 22044 --- [http-nio-8080-exec-1] org.example.kortex.config.JwtFilter      : JWT найден в cookie
2026-01-06 23:11:59.632  INFO 22044 --- [http-nio-8080-exec-7] org.example.kortex.config.JwtFilter      : JWT валиден для email: 1123@bk.ru, role: USER
2026-01-06 23:11:59.632  INFO 22044 --- [http-nio-8080-exec-7] o.e.kortex.users.domain.UserService      : Поиск пользователя с email: 1123@bk.ru
2026-01-06 23:11:59.636  INFO 22044 --- [http-nio-8080-exec-1] org.example.kortex.config.JwtFilter      : JWT валиден для email: 1123@bk.ru, role: USER
2026-01-06 23:11:59.637  INFO 22044 --- [http-nio-8080-exec-1] o.e.kortex.users.domain.UserService      : Поиск пользователя с email: 1123@bk.ru
2026-01-06 23:11:59.639  INFO 22044 --- [http-nio-8080-exec-7] org.example.kortex.config.JwtFilter      : Аутентификация установлена для: 1123@bk.ru
2026-01-06 23:11:59.639  INFO 22044 --- [http-nio-8080-exec-1] org.example.kortex.config.JwtFilter      : Аутентификация установлена для: 1123@bk.ru
2026-01-06 23:11:59.641  INFO 22044 --- [http-nio-8080-exec-9] org.example.kortex.config.JwtFilter      : JWT найден в cookie
2026-01-06 23:11:59.660  INFO 22044 --- [http-nio-8080-exec-6] org.example.kortex.config.JwtFilter      : JWT найден в cookie
2026-01-06 23:11:59.660  INFO 22044 --- [http-nio-8080-exec-9] org.example.kortex.config.JwtFilter      : JWT валиден для email: 1123@bk.ru, role: USER
2026-01-06 23:11:59.660  INFO 22044 --- [http-nio-8080-exec-9] o.e.kortex.users.domain.UserService      : Поиск пользователя с email: 1123@bk.ru
2026-01-06 23:11:59.665  INFO 22044 --- [http-nio-8080-exec-9] org.example.kortex.config.JwtFilter      : Аутентификация установлена для: 1123@bk.ru
2026-01-06 23:11:59.667  INFO 22044 --- [http-nio-8080-exec-6] org.example.kortex.config.JwtFilter      : JWT валиден для email: 1123@bk.ru, role: USER
2026-01-06 23:11:59.668  INFO 22044 --- [http-nio-8080-exec-6] o.e.kortex.users.domain.UserService      : Поиск пользователя с email: 1123@bk.ru
2026-01-06 23:11:59.677  INFO 22044 --- [http-nio-8080-exec-6] org.example.kortex.config.JwtFilter      : Аутентификация установлена для: 1123@bk.ru
2026-01-06 23:17:19.593  INFO 22044 --- [SpringApplicationShutdownHook] j.LocalContainerEntityManagerFactoryBean : Closing JPA EntityManagerFactory for persistence unit 'default'
2026-01-06 23:17:19.604  INFO 22044 --- [SpringApplicationShutdownHook] com.zaxxer.hikari.HikariDataSource       : HikariPool-1 - Shutdown initiated...
2026-01-06 23:17:19.616  INFO 22044 --- [SpringApplicationShutdownHook] com.zaxxer.hikari.HikariDataSource       : HikariPool-1 - Shutdown completed.
2026-01-06 23:17:24.992  INFO 14004 --- [main] org.example.kortex.KortexApplication     : Starting KortexApplication using Java 21.0.1 on DESKTOP-4APF200 with PID 14004 (C:\java Ultimate\Kortex\target\classes started by 7 in C:\java Ultimate\Kortex)
2026-01-06 23:17:24.996  INFO 14004 --- [main] org.example.kortex.KortexApplication     : No active profile set, falling back to 1 default profile: "default"
2026-01-06 23:17:26.552  INFO 14004 --- [main] .s.d.r.c.RepositoryConfigurationDelegate : Bootstrapping Spring Data JPA repositories in DEFAULT mode.
2026-01-06 23:17:26.637  INFO 14004 --- [main] .s.d.r.c.RepositoryConfigurationDelegate : Finished Spring Data repository scanning in 78 ms. Found 7 JPA repository interfaces.
2026-01-06 23:17:27.254  INFO 14004 --- [main] o.s.b.w.embedded.tomcat.TomcatWebServer  : Tomcat initialized with port(s): 8080 (http)
2026-01-06 23:17:27.265  INFO 14004 --- [main] o.apache.catalina.core.StandardService   : Starting service [Tomcat]
2026-01-06 23:17:27.265  INFO 14004 --- [main] org.apache.catalina.core.StandardEngine  : Starting Servlet engine: [Apache Tomcat/9.0.73]
2026-01-06 23:17:27.424  INFO 14004 --- [main] o.a.c.c.C.[Tomcat].[localhost].[/]       : Initializing Spring embedded WebApplicationContext
2026-01-06 23:17:27.425  INFO 14004 --- [main] w.s.c.ServletWebServerApplicationContext : Root WebApplicationContext: initialization completed in 2352 ms
2026-01-06 23:17:27.770  INFO 14004 --- [main] o.hibernate.jpa.internal.util.LogHelper  : HHH000204: Processing PersistenceUnitInfo [name: default]
2026-01-06 23:17:27.858  INFO 14004 --- [main] org.hibernate.Version                    : HHH000412: Hibernate ORM core version 5.6.15.Final
2026-01-06 23:17:28.052  INFO 14004 --- [main] o.hibernate.annotations.common.Version   : HCANN000001: Hibernate Commons Annotations {5.1.2.Final}
2026-01-06 23:17:28.144  INFO 14004 --- [main] com.zaxxer.hikari.HikariDataSource       : HikariPool-1 - Starting...
2026-01-06 23:17:28.331  INFO 14004 --- [main] com.zaxxer.hikari.HikariDataSource       : HikariPool-1 - Start completed.
2026-01-06 23:17:28.349  INFO 14004 --- [main] org.hibernate.dialect.Dialect            : HHH000400: Using dialect: org.hibernate.dialect.PostgreSQLDialect
2026-01-06 23:17:29.289  INFO 14004 --- [main] o.h.e.t.j.p.i.JtaPlatformInitiator       : HHH000490: Using JtaPlatform implementation: [org.hibernate.engine.transaction.jta.platform.internal.NoJtaPlatform]
2026-01-06 23:17:29.298  INFO 14004 --- [main] j.LocalContainerEntityManagerFactoryBean : Initialized JPA EntityManagerFactory for persistence unit 'default'
2026-01-06 23:17:29.640  INFO 14004 --- [main] o.s.aop.framework.CglibAopProxy          : Unable to proxy interface-implementing method [public final void org.springframework.web.filter.OncePerRequestFilter.doFilter(javax.servlet.ServletRequest,javax.servlet.ServletResponse,javax.servlet.FilterChain) throws javax.servlet.ServletException,java.io.IOException] because it is marked as final: Consider using interface-based JDK proxies instead!
2026-01-06 23:17:29.640  INFO 14004 --- [main] o.s.aop.framework.CglibAopProxy          : Unable to proxy interface-implementing method [public final void org.springframework.web.filter.GenericFilterBean.init(javax.servlet.FilterConfig) throws javax.servlet.ServletException] because it is marked as final: Consider using interface-based JDK proxies instead!
2026-01-06 23:17:30.164  INFO 14004 --- [main] o.s.s.web.DefaultSecurityFilterChain     : Will secure any request with [org.springframework.security.web.session.DisableEncodeUrlFilter@242ebd3b, org.springframework.security.web.context.request.async.WebAsyncManagerIntegrationFilter@5d2bc446, org.springframework.security.web.context.SecurityContextPersistenceFilter@638341b0, org.springframework.security.web.header.HeaderWriterFilter@556ae220, org.springframework.security.web.authentication.logout.LogoutFilter@786cc1df, org.example.kortex.config.JwtFilter@acb1c9c, org.springframework.security.web.savedrequest.RequestCacheAwareFilter@56226064, org.springframework.security.web.servletapi.SecurityContextHolderAwareRequestFilter@646c872a, org.springframework.security.web.authentication.AnonymousAuthenticationFilter@6a9ac8b, org.springframework.security.web.session.SessionManagementFilter@19c06762, org.springframework.security.web.access.ExceptionTranslationFilter@c4455b4, org.springframework.security.web.access.intercept.FilterSecurityInterceptor@5c0f508b]
2026-01-06 23:17:30.787  INFO 14004 --- [main] o.s.b.a.e.web.EndpointLinksResolver      : Exposing 1 endpoint(s) beneath base path '/actuator'
2026-01-06 23:17:30.830  INFO 14004 --- [main] o.s.b.w.embedded.tomcat.TomcatWebServer  : Tomcat started on port(s): 8080 (http) with context path ''
2026-01-06 23:17:30.842  INFO 14004 --- [main] org.example.kortex.KortexApplication     : Started KortexApplication in 6.315 seconds (JVM running for 7.462)
2026-01-06 23:17:31.048  INFO 14004 --- [RMI TCP Connection(4)-26.93.201.44] o.a.c.c.C.[Tomcat].[localhost].[/]       : Initializing Spring DispatcherServlet 'dispatcherServlet'
2026-01-06 23:17:31.049  INFO 14004 --- [RMI TCP Connection(4)-26.93.201.44] o.s.web.servlet.DispatcherServlet        : Initializing Servlet 'dispatcherServlet'
2026-01-06 23:17:31.050  INFO 14004 --- [RMI TCP Connection(4)-26.93.201.44] o.s.web.servlet.DispatcherServlet        : Completed initialization in 1 ms
2026-01-06 23:17:33.284  INFO 14004 --- [http-nio-8080-exec-1] org.example.kortex.config.JwtFilter      : JWT найден в cookie
2026-01-06 23:17:33.333  INFO 14004 --- [http-nio-8080-exec-1] org.example.kortex.config.JwtFilter      : JWT валиден для email: 1123@bk.ru, role: USER
2026-01-06 23:17:33.342  INFO 14004 --- [http-nio-8080-exec-1] o.e.kortex.users.domain.UserService      : Поиск пользователя с email: 1123@bk.ru
2026-01-06 23:17:33.418  INFO 14004 --- [http-nio-8080-exec-1] org.example.kortex.config.JwtFilter      : Аутентификация установлена для: 1123@bk.ru
2026-01-06 23:17:33.640  INFO 14004 --- [http-nio-8080-exec-3] org.example.kortex.config.JwtFilter      : JWT найден в cookie
2026-01-06 23:17:33.645  INFO 14004 --- [http-nio-8080-exec-3] org.example.kortex.config.JwtFilter      : JWT валиден для email: 1123@bk.ru, role: USER
2026-01-06 23:17:33.645  INFO 14004 --- [http-nio-8080-exec-3] o.e.kortex.users.domain.UserService      : Поиск пользователя с email: 1123@bk.ru
2026-01-06 23:17:33.652  INFO 14004 --- [http-nio-8080-exec-3] org.example.kortex.config.JwtFilter      : Аутентификация установлена для: 1123@bk.ru
2026-01-06 23:17:33.670  INFO 14004 --- [http-nio-8080-exec-2] org.example.kortex.config.JwtFilter      : JWT найден в cookie
2026-01-06 23:17:33.680  INFO 14004 --- [http-nio-8080-exec-2] org.example.kortex.config.JwtFilter      : JWT валиден для email: 1123@bk.ru, role: USER
2026-01-06 23:17:33.681  INFO 14004 --- [http-nio-8080-exec-2] o.e.kortex.users.domain.UserService      : Поиск пользователя с email: 1123@bk.ru
2026-01-06 23:17:33.685  INFO 14004 --- [http-nio-8080-exec-4] org.example.kortex.config.JwtFilter      : JWT найден в cookie
2026-01-06 23:17:33.687  INFO 14004 --- [http-nio-8080-exec-2] org.example.kortex.config.JwtFilter      : Аутентификация установлена для: 1123@bk.ru
2026-01-06 23:17:33.699  INFO 14004 --- [http-nio-8080-exec-4] org.example.kortex.config.JwtFilter      : JWT валиден для email: 1123@bk.ru, role: USER
2026-01-06 23:17:33.700  INFO 14004 --- [http-nio-8080-exec-4] o.e.kortex.users.domain.UserService      : Поиск пользователя с email: 1123@bk.ru
2026-01-06 23:17:33.708  INFO 14004 --- [http-nio-8080-exec-4] org.example.kortex.config.JwtFilter      : Аутентификация установлена для: 1123@bk.ru
2026-01-06 23:17:33.764  INFO 14004 --- [http-nio-8080-exec-7] org.example.kortex.config.JwtFilter      : JWT найден в cookie
2026-01-06 23:17:33.774  INFO 14004 --- [http-nio-8080-exec-7] org.example.kortex.config.JwtFilter      : JWT валиден для email: 1123@bk.ru, role: USER
2026-01-06 23:17:33.774  INFO 14004 --- [http-nio-8080-exec-7] o.e.kortex.users.domain.UserService      : Поиск пользователя с email: 1123@bk.ru
2026-01-06 23:17:33.779  INFO 14004 --- [http-nio-8080-exec-7] org.example.kortex.config.JwtFilter      : Аутентификация установлена для: 1123@bk.ru
2026-01-06 23:17:36.781  INFO 14004 --- [http-nio-8080-exec-6] org.example.kortex.config.JwtFilter      : JWT токен не найден в запросе
2026-01-06 23:17:36.853  INFO 14004 --- [http-nio-8080-exec-7] org.example.kortex.config.JwtFilter      : JWT токен не найден в запросе
2026-01-06 23:17:38.822  INFO 14004 --- [http-nio-8080-exec-6] org.example.kortex.config.JwtFilter      : JWT токен не найден в запросе
2026-01-06 23:17:38.940  INFO 14004 --- [http-nio-8080-exec-2] org.example.kortex.config.JwtFilter      : JWT токен не найден в запросе
2026-01-06 23:17:55.023  INFO 14004 --- [http-nio-8080-exec-8] o.e.kortex.users.domain.AuthService      : Отправка кода регистрации на email=bgehedsdh@bk.ru
2026-01-06 23:17:55.023  INFO 14004 --- [http-nio-8080-exec-6] o.e.kortex.users.domain.AuthService      : Попытка входа для email=bgehedsdh@bk.ru
2026-01-06 23:17:55.023  INFO 14004 --- [http-nio-8080-exec-8] o.e.kortex.users.domain.UserService      : Поиск пользователя с email: bgehedsdh@bk.ru
2026-01-06 23:17:55.219  INFO 14004 --- [http-nio-8080-exec-6] o.e.kortex.users.domain.UserService      : Поиск пользователя с email: bgehedsdh@bk.ru
2026-01-06 23:17:55.250  INFO 14004 --- [http-nio-8080-exec-8] o.e.kortex.users.domain.AuthService      : Код подтверждения отправлен на email=bgehedsdh@bk.ru
2026-01-06 23:17:55.262  INFO 14004 --- [Async-1] o.e.k.users.domain.EmailSenderService    : Отпрвавка сообщение на регистрацию на почту: bgehedsdh@bk.ru с кодом 455254
2026-01-06 23:17:55.322 ERROR 14004 --- [http-nio-8080-exec-6] o.e.kortex.users.domain.AuthService      : Ошибка входа для bgehedsdh@bk.ru: Неверные учетные данные пользователя
2026-01-06 23:17:56.914  INFO 14004 --- [http-nio-8080-exec-3] org.example.kortex.config.JwtFilter      : JWT токен не найден в запросе
2026-01-06 23:17:57.042  INFO 14004 --- [http-nio-8080-exec-3] org.example.kortex.config.JwtFilter      : JWT токен не найден в запросе
2026-01-06 23:18:06.322  INFO 14004 --- [Async-1] o.e.k.users.domain.EmailSenderService    : Сообщение отправлено на регистрацию на почту: bgehedsdh@bk.ru с кодом 455254
2026-01-06 23:18:23.988  INFO 14004 --- [http-nio-8080-exec-10] o.e.kortex.users.domain.AuthService      : Подтверждение регистрации для ID=81080ce8-7a5d-4316-b56b-63165f0eb35e
2026-01-06 23:18:23.989  INFO 14004 --- [http-nio-8080-exec-10] o.e.kortex.users.domain.UserService      : Создания пользователя
2026-01-06 23:18:24.044  INFO 14004 --- [http-nio-8080-exec-10] o.e.kortex.users.domain.UserService      : Пользователь создан его id: 14
2026-01-06 23:18:24.047  INFO 14004 --- [http-nio-8080-exec-10] o.e.kortex.carts.domain.CartService      : Создания корзины у пользователя 14
2026-01-06 23:18:24.056  INFO 14004 --- [http-nio-8080-exec-10] o.e.kortex.carts.domain.CartService      : Корзина создана id корзины: 14
2026-01-06 23:18:24.064  INFO 14004 --- [http-nio-8080-exec-10] o.e.kortex.users.domain.AuthService      : Пользователь создан id=14, email=bgehedsdh@bk.ru
2026-01-06 23:18:25.088  INFO 14004 --- [http-nio-8080-exec-4] org.example.kortex.config.JwtFilter      : JWT найден в cookie
2026-01-06 23:18:25.094  INFO 14004 --- [http-nio-8080-exec-4] org.example.kortex.config.JwtFilter      : JWT валиден для email: bgehedsdh@bk.ru, role: USER
2026-01-06 23:18:25.094  INFO 14004 --- [http-nio-8080-exec-4] o.e.kortex.users.domain.UserService      : Поиск пользователя с email: bgehedsdh@bk.ru
2026-01-06 23:18:25.098  INFO 14004 --- [http-nio-8080-exec-4] org.example.kortex.config.JwtFilter      : Аутентификация установлена для: bgehedsdh@bk.ru
2026-01-06 23:18:25.177  INFO 14004 --- [http-nio-8080-exec-10] org.example.kortex.config.JwtFilter      : JWT найден в cookie
2026-01-06 23:18:25.184  INFO 14004 --- [http-nio-8080-exec-4] org.example.kortex.config.JwtFilter      : JWT найден в cookie
2026-01-06 23:18:25.193  INFO 14004 --- [http-nio-8080-exec-10] org.example.kortex.config.JwtFilter      : JWT валиден для email: bgehedsdh@bk.ru, role: USER
2026-01-06 23:18:25.193  INFO 14004 --- [http-nio-8080-exec-10] o.e.kortex.users.domain.UserService      : Поиск пользователя с email: bgehedsdh@bk.ru
2026-01-06 23:18:25.195  INFO 14004 --- [http-nio-8080-exec-4] org.example.kortex.config.JwtFilter      : JWT валиден для email: bgehedsdh@bk.ru, role: USER
2026-01-06 23:18:25.195  INFO 14004 --- [http-nio-8080-exec-4] o.e.kortex.users.domain.UserService      : Поиск пользователя с email: bgehedsdh@bk.ru
2026-01-06 23:18:25.198  INFO 14004 --- [http-nio-8080-exec-10] org.example.kortex.config.JwtFilter      : Аутентификация установлена для: bgehedsdh@bk.ru
2026-01-06 23:18:25.212  INFO 14004 --- [http-nio-8080-exec-4] org.example.kortex.config.JwtFilter      : Аутентификация установлена для: bgehedsdh@bk.ru
2026-01-06 23:18:25.216  INFO 14004 --- [http-nio-8080-exec-4] o.e.k.products.api.ProductController     : Асинхронный запрос товаров: category=null, query=null, page=0, size=12
2026-01-06 23:18:25.245  INFO 14004 --- [Async-2] o.e.k.products.domain.ProductService     : Запрос на выдачу всех товаров с фильром: ProductSearchFilter[category=null, query=null, pageSize=12, pageNumber=0]
2026-01-06 23:18:25.273  INFO 14004 --- [Async-2] o.e.k.products.domain.ProductService     : Поиск завершен за 19 мс, найдено: 1 товаров
2026-01-06 23:18:25.274  INFO 14004 --- [Async-2] o.e.k.products.domain.ProductService     : Выдача всех товаров с фильтром: ProductSearchFilter[category=null, query=null, pageSize=12, pageNumber=0]
2026-01-06 23:18:25.293  INFO 14004 --- [http-nio-8080-exec-8] org.example.kortex.config.JwtFilter      : JWT найден в cookie
2026-01-06 23:18:25.299  INFO 14004 --- [http-nio-8080-exec-8] org.example.kortex.config.JwtFilter      : JWT валиден для email: bgehedsdh@bk.ru, role: USER
2026-01-06 23:18:25.299  INFO 14004 --- [http-nio-8080-exec-8] o.e.kortex.users.domain.UserService      : Поиск пользователя с email: bgehedsdh@bk.ru
2026-01-06 23:18:25.308  INFO 14004 --- [http-nio-8080-exec-8] org.example.kortex.config.JwtFilter      : Аутентификация установлена для: bgehedsdh@bk.ru
2026-01-06 23:18:31.832  INFO 14004 --- [http-nio-8080-exec-6] org.example.kortex.config.JwtFilter      : JWT найден в cookie
2026-01-06 23:18:31.845  INFO 14004 --- [http-nio-8080-exec-6] org.example.kortex.config.JwtFilter      : JWT валиден для email: bgehedsdh@bk.ru, role: USER
2026-01-06 23:18:31.845  INFO 14004 --- [http-nio-8080-exec-6] o.e.kortex.users.domain.UserService      : Поиск пользователя с email: bgehedsdh@bk.ru
2026-01-06 23:18:31.850  INFO 14004 --- [http-nio-8080-exec-6] org.example.kortex.config.JwtFilter      : Аутентификация установлена для: bgehedsdh@bk.ru
2026-01-06 23:18:31.914  INFO 14004 --- [http-nio-8080-exec-8] org.example.kortex.config.JwtFilter      : JWT найден в cookie
2026-01-06 23:18:31.922  INFO 14004 --- [http-nio-8080-exec-8] org.example.kortex.config.JwtFilter      : JWT валиден для email: bgehedsdh@bk.ru, role: USER
2026-01-06 23:18:31.922  INFO 14004 --- [http-nio-8080-exec-8] o.e.kortex.users.domain.UserService      : Поиск пользователя с email: bgehedsdh@bk.ru
2026-01-06 23:18:31.925  INFO 14004 --- [http-nio-8080-exec-8] org.example.kortex.config.JwtFilter      : Аутентификация установлена для: bgehedsdh@bk.ru
2026-01-06 23:18:35.873  INFO 14004 --- [http-nio-8080-exec-1] o.e.kortex.users.domain.AuthService      : Попытка входа для email=s5090@inbox.ru
2026-01-06 23:18:35.874  INFO 14004 --- [http-nio-8080-exec-5] o.e.kortex.users.domain.AuthService      : Попытка входа для email=s5090@inbox.ru
2026-01-06 23:18:35.874  INFO 14004 --- [http-nio-8080-exec-1] o.e.kortex.users.domain.UserService      : Поиск пользователя с email: s5090@inbox.ru
2026-01-06 23:18:35.874  INFO 14004 --- [http-nio-8080-exec-5] o.e.kortex.users.domain.UserService      : Поиск пользователя с email: s5090@inbox.ru
2026-01-06 23:18:35.879  WARN 14004 --- [http-nio-8080-exec-6] .w.s.m.s.DefaultHandlerExceptionResolver : Resolved [org.springframework.web.HttpMediaTypeNotSupportedException: Content type 'application/x-www-form-urlencoded;charset=UTF-8' not supported]
2026-01-06 23:18:35.944  INFO 14004 --- [http-nio-8080-exec-5] o.e.kortex.users.domain.UserService      : Поиск пользователя с email: s5090@inbox.ru
2026-01-06 23:18:35.946  INFO 14004 --- [http-nio-8080-exec-1] o.e.kortex.users.domain.UserService      : Поиск пользователя с email: s5090@inbox.ru
2026-01-06 23:18:35.948  INFO 14004 --- [http-nio-8080-exec-5] o.e.kortex.users.domain.AuthService      : Пользователь вошел: s5090@inbox.ru, ID=1
2026-01-06 23:18:35.948  INFO 14004 --- [http-nio-8080-exec-1] o.e.kortex.users.domain.AuthService      : Пользователь вошел: s5090@inbox.ru, ID=1
2026-01-06 23:18:37.109  INFO 14004 --- [http-nio-8080-exec-2] org.example.kortex.config.JwtFilter      : JWT найден в cookie
2026-01-06 23:18:37.117  INFO 14004 --- [http-nio-8080-exec-2] org.example.kortex.config.JwtFilter      : JWT валиден для email: s5090@inbox.ru, role: ADMIN
2026-01-06 23:18:37.118  INFO 14004 --- [http-nio-8080-exec-2] o.e.kortex.users.domain.UserService      : Поиск пользователя с email: s5090@inbox.ru
2026-01-06 23:18:37.125  INFO 14004 --- [http-nio-8080-exec-2] org.example.kortex.config.JwtFilter      : Аутентификация установлена для: s5090@inbox.ru
2026-01-06 23:18:37.231  INFO 14004 --- [http-nio-8080-exec-1] org.example.kortex.config.JwtFilter      : JWT найден в cookie
2026-01-06 23:18:37.249  INFO 14004 --- [http-nio-8080-exec-1] org.example.kortex.config.JwtFilter      : JWT валиден для email: s5090@inbox.ru, role: ADMIN
2026-01-06 23:18:37.250  INFO 14004 --- [http-nio-8080-exec-1] o.e.kortex.users.domain.UserService      : Поиск пользователя с email: s5090@inbox.ru
2026-01-06 23:18:37.257  INFO 14004 --- [http-nio-8080-exec-1] org.example.kortex.config.JwtFilter      : Аутентификация установлена для: s5090@inbox.ru
2026-01-06 23:18:37.259  INFO 14004 --- [http-nio-8080-exec-1] o.e.k.products.api.ProductController     : Асинхронный запрос товаров: category=null, query=null, page=0, size=12
2026-01-06 23:18:37.260  INFO 14004 --- [Async-3] o.e.k.products.domain.ProductService     : Запрос на выдачу всех товаров с фильром: ProductSearchFilter[category=null, query=null, pageSize=12, pageNumber=0]
2026-01-06 23:18:37.264  INFO 14004 --- [http-nio-8080-exec-5] org.example.kortex.config.JwtFilter      : JWT найден в cookie
2026-01-06 23:18:37.269  INFO 14004 --- [Async-3] o.e.k.products.domain.ProductService     : Поиск завершен за 8 мс, найдено: 1 товаров
2026-01-06 23:18:37.269  INFO 14004 --- [Async-3] o.e.k.products.domain.ProductService     : Выдача всех товаров с фильтром: ProductSearchFilter[category=null, query=null, pageSize=12, pageNumber=0]
2026-01-06 23:18:37.271  INFO 14004 --- [http-nio-8080-exec-5] org.example.kortex.config.JwtFilter      : JWT валиден для email: s5090@inbox.ru, role: ADMIN
2026-01-06 23:18:37.271  INFO 14004 --- [http-nio-8080-exec-5] o.e.kortex.users.domain.UserService      : Поиск пользователя с email: s5090@inbox.ru
2026-01-06 23:18:37.278  INFO 14004 --- [http-nio-8080-exec-5] org.example.kortex.config.JwtFilter      : Аутентификация установлена для: s5090@inbox.ru
2026-01-06 23:18:37.282  INFO 14004 --- [http-nio-8080-exec-7] org.example.kortex.config.JwtFilter      : JWT найден в cookie
2026-01-06 23:18:37.299  INFO 14004 --- [http-nio-8080-exec-7] org.example.kortex.config.JwtFilter      : JWT валиден для email: s5090@inbox.ru, role: ADMIN
2026-01-06 23:18:37.299  INFO 14004 --- [http-nio-8080-exec-7] o.e.kortex.users.domain.UserService      : Поиск пользователя с email: s5090@inbox.ru
2026-01-06 23:18:37.309  INFO 14004 --- [http-nio-8080-exec-7] org.example.kortex.config.JwtFilter      : Аутентификация установлена для: s5090@inbox.ru
2026-01-06 23:18:40.885  INFO 14004 --- [http-nio-8080-exec-8] org.example.kortex.config.JwtFilter      : JWT найден в cookie
2026-01-06 23:18:40.898  INFO 14004 --- [http-nio-8080-exec-8] org.example.kortex.config.JwtFilter      : JWT валиден для email: s5090@inbox.ru, role: ADMIN
2026-01-06 23:18:40.898  INFO 14004 --- [http-nio-8080-exec-8] o.e.kortex.users.domain.UserService      : Поиск пользователя с email: s5090@inbox.ru
2026-01-06 23:18:40.903  INFO 14004 --- [http-nio-8080-exec-8] org.example.kortex.config.JwtFilter      : Аутентификация установлена для: s5090@inbox.ru
2026-01-06 23:18:41.176  INFO 14004 --- [http-nio-8080-exec-3] org.example.kortex.config.JwtFilter      : JWT найден в cookie
2026-01-06 23:18:41.182  INFO 14004 --- [http-nio-8080-exec-4] org.example.kortex.config.JwtFilter      : JWT найден в cookie
2026-01-06 23:18:41.192  INFO 14004 --- [http-nio-8080-exec-3] org.example.kortex.config.JwtFilter      : JWT валиден для email: s5090@inbox.ru, role: ADMIN
2026-01-06 23:18:41.193  INFO 14004 --- [http-nio-8080-exec-3] o.e.kortex.users.domain.UserService      : Поиск пользователя с email: s5090@inbox.ru
2026-01-06 23:18:41.195  INFO 14004 --- [http-nio-8080-exec-4] org.example.kortex.config.JwtFilter      : JWT валиден для email: s5090@inbox.ru, role: ADMIN
2026-01-06 23:18:41.199  INFO 14004 --- [http-nio-8080-exec-4] o.e.kortex.users.domain.UserService      : Поиск пользователя с email: s5090@inbox.ru
2026-01-06 23:18:41.200  INFO 14004 --- [http-nio-8080-exec-3] org.example.kortex.config.JwtFilter      : Аутентификация установлена для: s5090@inbox.ru
2026-01-06 23:18:41.215  INFO 14004 --- [http-nio-8080-exec-4] org.example.kortex.config.JwtFilter      : Аутентификация установлена для: s5090@inbox.ru
2026-01-06 23:18:41.227  INFO 14004 --- [http-nio-8080-exec-9] org.example.kortex.config.JwtFilter      : JWT найден в cookie
2026-01-06 23:18:41.246  INFO 14004 --- [http-nio-8080-exec-9] org.example.kortex.config.JwtFilter      : JWT валиден для email: s5090@inbox.ru, role: ADMIN
2026-01-06 23:18:41.246  INFO 14004 --- [http-nio-8080-exec-9] o.e.kortex.users.domain.UserService      : Поиск пользователя с email: s5090@inbox.ru
2026-01-06 23:18:41.248  INFO 14004 --- [http-nio-8080-exec-6] org.example.kortex.config.JwtFilter      : JWT найден в cookie
2026-01-06 23:18:41.255  INFO 14004 --- [http-nio-8080-exec-9] org.example.kortex.config.JwtFilter      : Аутентификация установлена для: s5090@inbox.ru
2026-01-06 23:18:41.264  INFO 14004 --- [http-nio-8080-exec-6] org.example.kortex.config.JwtFilter      : JWT валиден для email: s5090@inbox.ru, role: ADMIN
2026-01-06 23:18:41.265  INFO 14004 --- [http-nio-8080-exec-6] o.e.kortex.users.domain.UserService      : Поиск пользователя с email: s5090@inbox.ru
2026-01-06 23:18:41.274  INFO 14004 --- [http-nio-8080-exec-6] org.example.kortex.config.JwtFilter      : Аутентификация установлена для: s5090@inbox.ru
2026-01-06 23:18:42.562  INFO 14004 --- [http-nio-8080-exec-10] org.example.kortex.config.JwtFilter      : JWT найден в cookie
2026-01-06 23:18:42.568  INFO 14004 --- [http-nio-8080-exec-10] org.example.kortex.config.JwtFilter      : JWT валиден для email: s5090@inbox.ru, role: ADMIN
2026-01-06 23:18:42.569  INFO 14004 --- [http-nio-8080-exec-10] o.e.kortex.users.domain.UserService      : Поиск пользователя с email: s5090@inbox.ru
2026-01-06 23:18:42.575  INFO 14004 --- [http-nio-8080-exec-10] org.example.kortex.config.JwtFilter      : Аутентификация установлена для: s5090@inbox.ru
2026-01-06 23:18:42.661  INFO 14004 --- [http-nio-8080-exec-9] org.example.kortex.config.JwtFilter      : JWT найден в cookie
2026-01-06 23:18:42.666  INFO 14004 --- [http-nio-8080-exec-9] org.example.kortex.config.JwtFilter      : JWT валиден для email: s5090@inbox.ru, role: ADMIN
2026-01-06 23:18:42.666  INFO 14004 --- [http-nio-8080-exec-9] o.e.kortex.users.domain.UserService      : Поиск пользователя с email: s5090@inbox.ru
2026-01-06 23:18:42.671  INFO 14004 --- [http-nio-8080-exec-9] org.example.kortex.config.JwtFilter      : Аутентификация установлена для: s5090@inbox.ru
2026-01-06 23:18:44.064  INFO 14004 --- [http-nio-8080-exec-6] org.example.kortex.config.JwtFilter      : JWT найден в cookie
2026-01-06 23:18:44.074  INFO 14004 --- [http-nio-8080-exec-6] org.example.kortex.config.JwtFilter      : JWT валиден для email: s5090@inbox.ru, role: ADMIN
2026-01-06 23:18:44.075  INFO 14004 --- [http-nio-8080-exec-6] o.e.kortex.users.domain.UserService      : Поиск пользователя с email: s5090@inbox.ru
2026-01-06 23:18:44.079  INFO 14004 --- [http-nio-8080-exec-6] org.example.kortex.config.JwtFilter      : Аутентификация установлена для: s5090@inbox.ru
2026-01-06 23:18:44.191  INFO 14004 --- [http-nio-8080-exec-9] org.example.kortex.config.JwtFilter      : JWT найден в cookie
2026-01-06 23:18:44.194  INFO 14004 --- [http-nio-8080-exec-9] org.example.kortex.config.JwtFilter      : JWT валиден для email: s5090@inbox.ru, role: ADMIN
2026-01-06 23:18:44.195  INFO 14004 --- [http-nio-8080-exec-9] o.e.kortex.users.domain.UserService      : Поиск пользователя с email: s5090@inbox.ru
2026-01-06 23:18:44.197  INFO 14004 --- [http-nio-8080-exec-9] org.example.kortex.config.JwtFilter      : Аутентификация установлена для: s5090@inbox.ru
2026-01-06 23:18:47.092  INFO 14004 --- [http-nio-8080-exec-6] o.e.kortex.users.domain.AuthService      : Запрос на восстановление пароля для email=bgeheh@bk.ru
2026-01-06 23:18:47.092  INFO 14004 --- [http-nio-8080-exec-6] o.e.kortex.users.domain.UserService      : Поиск пользователя с email: bgeheh@bk.ru
2026-01-06 23:18:47.096  INFO 14004 --- [http-nio-8080-exec-6] o.e.kortex.users.domain.AuthService      : Код для сброса пароля отправлен на email: bgeheh@bk.ru
2026-01-06 23:18:47.097  INFO 14004 --- [Async-4] o.e.k.users.domain.EmailSenderService    : Отпрвавка сообщение на изменения сброс на почту: bgeheh@bk.ru с кодом 300534
2026-01-06 23:18:48.119  INFO 14004 --- [http-nio-8080-exec-10] org.example.kortex.config.JwtFilter      : JWT найден в cookie
2026-01-06 23:18:48.124  INFO 14004 --- [http-nio-8080-exec-10] org.example.kortex.config.JwtFilter      : JWT валиден для email: s5090@inbox.ru, role: ADMIN
2026-01-06 23:18:48.125  INFO 14004 --- [http-nio-8080-exec-10] o.e.kortex.users.domain.UserService      : Поиск пользователя с email: s5090@inbox.ru
2026-01-06 23:18:48.129  INFO 14004 --- [http-nio-8080-exec-10] org.example.kortex.config.JwtFilter      : Аутентификация установлена для: s5090@inbox.ru
2026-01-06 23:18:48.231  INFO 14004 --- [http-nio-8080-exec-10] org.example.kortex.config.JwtFilter      : JWT найден в cookie
2026-01-06 23:18:48.238  INFO 14004 --- [http-nio-8080-exec-10] org.example.kortex.config.JwtFilter      : JWT валиден для email: s5090@inbox.ru, role: ADMIN
2026-01-06 23:18:48.239  INFO 14004 --- [http-nio-8080-exec-10] o.e.kortex.users.domain.UserService      : Поиск пользователя с email: s5090@inbox.ru
2026-01-06 23:18:48.241  INFO 14004 --- [http-nio-8080-exec-10] org.example.kortex.config.JwtFilter      : Аутентификация установлена для: s5090@inbox.ru
2026-01-06 23:18:58.244  INFO 14004 --- [Async-4] o.e.k.users.domain.EmailSenderService    : Сообщение отправлено на изменения сброс на почту: bgeheh@bk.ru с кодом 300534
2026-01-06 23:19:14.627  INFO 14004 --- [http-nio-8080-exec-7] o.e.kortex.users.domain.AuthService      : Проверка кода сброса пароля для resetId=ee5accff-11db-4c15-a215-d4f61b4630d3
2026-01-06 23:19:14.627  INFO 14004 --- [http-nio-8080-exec-7] o.e.kortex.users.domain.AuthService      : Код подтвержден для resetId=ee5accff-11db-4c15-a215-d4f61b4630d3
2026-01-06 23:19:15.647  INFO 14004 --- [http-nio-8080-exec-5] org.example.kortex.config.JwtFilter      : JWT найден в cookie
2026-01-06 23:19:15.653  INFO 14004 --- [http-nio-8080-exec-5] org.example.kortex.config.JwtFilter      : JWT валиден для email: s5090@inbox.ru, role: ADMIN
2026-01-06 23:19:15.653  INFO 14004 --- [http-nio-8080-exec-5] o.e.kortex.users.domain.UserService      : Поиск пользователя с email: s5090@inbox.ru
2026-01-06 23:19:15.657  INFO 14004 --- [http-nio-8080-exec-5] org.example.kortex.config.JwtFilter      : Аутентификация установлена для: s5090@inbox.ru
2026-01-06 23:19:15.755  INFO 14004 --- [http-nio-8080-exec-7] org.example.kortex.config.JwtFilter      : JWT найден в cookie
2026-01-06 23:19:15.758  INFO 14004 --- [http-nio-8080-exec-7] org.example.kortex.config.JwtFilter      : JWT валиден для email: s5090@inbox.ru, role: ADMIN
2026-01-06 23:19:15.759  INFO 14004 --- [http-nio-8080-exec-7] o.e.kortex.users.domain.UserService      : Поиск пользователя с email: s5090@inbox.ru
2026-01-06 23:19:15.761  INFO 14004 --- [http-nio-8080-exec-7] org.example.kortex.config.JwtFilter      : Аутентификация установлена для: s5090@inbox.ru
2026-01-06 23:19:21.156  INFO 14004 --- [http-nio-8080-exec-5] o.e.kortex.users.domain.AuthService      : Смена пароля для пользователя с email: bgeheh@bk.ru
2026-01-06 23:19:21.157  INFO 14004 --- [http-nio-8080-exec-5] o.e.kortex.users.domain.UserService      : Поиск пользователя с email: bgeheh@bk.ru
2026-01-06 23:19:21.224  INFO 14004 --- [http-nio-8080-exec-5] o.e.kortex.users.domain.UserService      : Обновление пользователя с id: 2
2026-01-06 23:19:21.233  INFO 14004 --- [http-nio-8080-exec-5] o.e.kortex.users.domain.UserService      : Пользователь обновлен с id: 2
2026-01-06 23:19:21.247  INFO 14004 --- [http-nio-8080-exec-5] o.e.kortex.users.domain.AuthService      : Пароль успешно изменен для пользователя: bgeheh@bk.ru
2026-01-06 23:19:22.282  INFO 14004 --- [http-nio-8080-exec-4] org.example.kortex.config.JwtFilter      : JWT найден в cookie
2026-01-06 23:19:22.333  INFO 14004 --- [http-nio-8080-exec-4] org.example.kortex.config.JwtFilter      : JWT валиден для email: bgeheh@bk.ru, role: COURIER
2026-01-06 23:19:22.333  INFO 14004 --- [http-nio-8080-exec-4] o.e.kortex.users.domain.UserService      : Поиск пользователя с email: bgeheh@bk.ru
2026-01-06 23:19:22.340  INFO 14004 --- [http-nio-8080-exec-4] org.example.kortex.config.JwtFilter      : Аутентификация установлена для: bgeheh@bk.ru
2026-01-06 23:19:22.395  INFO 14004 --- [http-nio-8080-exec-5] org.example.kortex.config.JwtFilter      : JWT найден в cookie
2026-01-06 23:19:22.410  INFO 14004 --- [http-nio-8080-exec-5] org.example.kortex.config.JwtFilter      : JWT валиден для email: bgeheh@bk.ru, role: COURIER
2026-01-06 23:19:22.410  INFO 14004 --- [http-nio-8080-exec-5] o.e.kortex.users.domain.UserService      : Поиск пользователя с email: bgeheh@bk.ru
2026-01-06 23:19:22.415  INFO 14004 --- [http-nio-8080-exec-5] org.example.kortex.config.JwtFilter      : Аутентификация установлена для: bgeheh@bk.ru
2026-01-06 23:19:22.416  INFO 14004 --- [http-nio-8080-exec-5] o.e.k.products.api.ProductController     : Асинхронный запрос товаров: category=null, query=null, page=0, size=12
2026-01-06 23:19:22.441  INFO 14004 --- [Async-5] o.e.k.products.domain.ProductService     : Запрос на выдачу всех товаров с фильром: ProductSearchFilter[category=null, query=null, pageSize=12, pageNumber=0]
2026-01-06 23:19:22.446  INFO 14004 --- [http-nio-8080-exec-4] org.example.kortex.config.JwtFilter      : JWT найден в cookie
2026-01-06 23:19:22.447  INFO 14004 --- [Async-5] o.e.k.products.domain.ProductService     : Поиск завершен за 6 мс, найдено: 1 товаров
2026-01-06 23:19:22.447  INFO 14004 --- [Async-5] o.e.k.products.domain.ProductService     : Выдача всех товаров с фильтром: ProductSearchFilter[category=null, query=null, pageSize=12, pageNumber=0]
2026-01-06 23:19:22.450  INFO 14004 --- [http-nio-8080-exec-4] org.example.kortex.config.JwtFilter      : JWT валиден для email: bgeheh@bk.ru, role: COURIER
2026-01-06 23:19:22.451  INFO 14004 --- [http-nio-8080-exec-4] o.e.kortex.users.domain.UserService      : Поиск пользователя с email: bgeheh@bk.ru
2026-01-06 23:19:22.457  INFO 14004 --- [http-nio-8080-exec-4] org.example.kortex.config.JwtFilter      : Аутентификация установлена для: bgeheh@bk.ru
2026-01-06 23:19:22.458  INFO 14004 --- [http-nio-8080-exec-2] org.example.kortex.config.JwtFilter      : JWT найден в cookie
2026-01-06 23:19:22.464  INFO 14004 --- [http-nio-8080-exec-2] org.example.kortex.config.JwtFilter      : JWT валиден для email: bgeheh@bk.ru, role: COURIER
2026-01-06 23:19:22.464  INFO 14004 --- [http-nio-8080-exec-2] o.e.kortex.users.domain.UserService      : Поиск пользователя с email: bgeheh@bk.ru
2026-01-06 23:19:22.470  INFO 14004 --- [http-nio-8080-exec-2] org.example.kortex.config.JwtFilter      : Аутентификация установлена для: bgeheh@bk.ru
2026-01-06 23:19:24.190  INFO 14004 --- [http-nio-8080-exec-1] org.example.kortex.config.JwtFilter      : JWT найден в cookie
2026-01-06 23:19:24.196  INFO 14004 --- [http-nio-8080-exec-1] org.example.kortex.config.JwtFilter      : JWT валиден для email: bgeheh@bk.ru, role: COURIER
2026-01-06 23:19:24.196  INFO 14004 --- [http-nio-8080-exec-1] o.e.kortex.users.domain.UserService      : Поиск пользователя с email: bgeheh@bk.ru
2026-01-06 23:19:24.201  INFO 14004 --- [http-nio-8080-exec-1] org.example.kortex.config.JwtFilter      : Аутентификация установлена для: bgeheh@bk.ru
2026-01-06 23:19:24.254  INFO 14004 --- [http-nio-8080-exec-9] org.example.kortex.config.JwtFilter      : JWT найден в cookie
2026-01-06 23:19:24.259  INFO 14004 --- [http-nio-8080-exec-9] org.example.kortex.config.JwtFilter      : JWT валиден для email: bgeheh@bk.ru, role: COURIER
2026-01-06 23:19:24.259  INFO 14004 --- [http-nio-8080-exec-9] o.e.kortex.users.domain.UserService      : Поиск пользователя с email: bgeheh@bk.ru
2026-01-06 23:19:24.263  INFO 14004 --- [http-nio-8080-exec-9] org.example.kortex.config.JwtFilter      : Аутентификация установлена для: bgeheh@bk.ru
2026-01-06 23:19:24.272  INFO 14004 --- [http-nio-8080-exec-3] org.example.kortex.config.JwtFilter      : JWT найден в cookie
2026-01-06 23:19:24.277  INFO 14004 --- [http-nio-8080-exec-3] org.example.kortex.config.JwtFilter      : JWT валиден для email: bgeheh@bk.ru, role: COURIER
2026-01-06 23:19:24.278  INFO 14004 --- [http-nio-8080-exec-3] o.e.kortex.users.domain.UserService      : Поиск пользователя с email: bgeheh@bk.ru
2026-01-06 23:19:24.285  INFO 14004 --- [http-nio-8080-exec-3] org.example.kortex.config.JwtFilter      : Аутентификация установлена для: bgeheh@bk.ru
2026-01-06 23:19:24.295  INFO 14004 --- [http-nio-8080-exec-7] org.example.kortex.config.JwtFilter      : JWT найден в cookie
2026-01-06 23:19:24.295  INFO 14004 --- [http-nio-8080-exec-10] org.example.kortex.config.JwtFilter      : JWT найден в cookie
2026-01-06 23:19:24.298  INFO 14004 --- [http-nio-8080-exec-7] org.example.kortex.config.JwtFilter      : JWT валиден для email: bgeheh@bk.ru, role: COURIER
2026-01-06 23:19:24.298  INFO 14004 --- [http-nio-8080-exec-10] org.example.kortex.config.JwtFilter      : JWT валиден для email: bgeheh@bk.ru, role: COURIER
2026-01-06 23:19:24.298  INFO 14004 --- [http-nio-8080-exec-7] o.e.kortex.users.domain.UserService      : Поиск пользователя с email: bgeheh@bk.ru
2026-01-06 23:19:24.298  INFO 14004 --- [http-nio-8080-exec-10] o.e.kortex.users.domain.UserService      : Поиск пользователя с email: bgeheh@bk.ru
2026-01-06 23:19:24.303  INFO 14004 --- [http-nio-8080-exec-10] org.example.kortex.config.JwtFilter      : Аутентификация установлена для: bgeheh@bk.ru
2026-01-06 23:19:24.303  INFO 14004 --- [http-nio-8080-exec-7] org.example.kortex.config.JwtFilter      : Аутентификация установлена для: bgeheh@bk.ru
2026-01-06 23:19:26.999  INFO 14004 --- [http-nio-8080-exec-1] org.example.kortex.config.JwtFilter      : JWT найден в cookie
2026-01-06 23:19:27.005  INFO 14004 --- [http-nio-8080-exec-1] org.example.kortex.config.JwtFilter      : JWT валиден для email: bgeheh@bk.ru, role: COURIER
2026-01-06 23:19:27.005  INFO 14004 --- [http-nio-8080-exec-1] o.e.kortex.users.domain.UserService      : Поиск пользователя с email: bgeheh@bk.ru
2026-01-06 23:19:27.009  INFO 14004 --- [http-nio-8080-exec-1] org.example.kortex.config.JwtFilter      : Аутентификация установлена для: bgeheh@bk.ru
2026-01-06 23:19:27.078  INFO 14004 --- [http-nio-8080-exec-10] org.example.kortex.config.JwtFilter      : JWT найден в cookie
2026-01-06 23:19:27.081  INFO 14004 --- [http-nio-8080-exec-10] org.example.kortex.config.JwtFilter      : JWT валиден для email: bgeheh@bk.ru, role: COURIER
2026-01-06 23:19:27.082  INFO 14004 --- [http-nio-8080-exec-10] o.e.kortex.users.domain.UserService      : Поиск пользователя с email: bgeheh@bk.ru
2026-01-06 23:19:27.088  INFO 14004 --- [http-nio-8080-exec-10] org.example.kortex.config.JwtFilter      : Аутентификация установлена для: bgeheh@bk.ru
2026-01-06 23:19:30.811  WARN 14004 --- [http-nio-8080-exec-1] .w.s.m.s.DefaultHandlerExceptionResolver : Resolved [org.springframework.web.HttpMediaTypeNotSupportedException: Content type 'application/x-www-form-urlencoded;charset=UTF-8' not supported]
2026-01-06 23:19:30.814  INFO 14004 --- [http-nio-8080-exec-6] o.e.kortex.users.domain.AuthService      : Попытка входа для email=bgeheh@bk.ru
2026-01-06 23:19:30.814  INFO 14004 --- [http-nio-8080-exec-4] o.e.kortex.users.domain.AuthService      : Попытка входа для email=bgeheh@bk.ru
2026-01-06 23:19:30.814  INFO 14004 --- [http-nio-8080-exec-6] o.e.kortex.users.domain.UserService      : Поиск пользователя с email: bgeheh@bk.ru
2026-01-06 23:19:30.814  INFO 14004 --- [http-nio-8080-exec-4] o.e.kortex.users.domain.UserService      : Поиск пользователя с email: bgeheh@bk.ru
2026-01-06 23:19:30.891  INFO 14004 --- [http-nio-8080-exec-4] o.e.kortex.users.domain.UserService      : Поиск пользователя с email: bgeheh@bk.ru
2026-01-06 23:19:30.891  INFO 14004 --- [http-nio-8080-exec-6] o.e.kortex.users.domain.UserService      : Поиск пользователя с email: bgeheh@bk.ru
2026-01-06 23:19:30.894  INFO 14004 --- [http-nio-8080-exec-6] o.e.kortex.users.domain.AuthService      : Пользователь вошел: bgeheh@bk.ru, ID=2
2026-01-06 23:19:30.894  INFO 14004 --- [http-nio-8080-exec-4] o.e.kortex.users.domain.AuthService      : Пользователь вошел: bgeheh@bk.ru, ID=2
2026-01-06 23:19:32.034  INFO 14004 --- [http-nio-8080-exec-2] org.example.kortex.config.JwtFilter      : JWT найден в cookie
2026-01-06 23:19:32.045  INFO 14004 --- [http-nio-8080-exec-2] org.example.kortex.config.JwtFilter      : JWT валиден для email: bgeheh@bk.ru, role: COURIER
2026-01-06 23:19:32.054  INFO 14004 --- [http-nio-8080-exec-2] o.e.kortex.users.domain.UserService      : Поиск пользователя с email: bgeheh@bk.ru
2026-01-06 23:19:32.060  INFO 14004 --- [http-nio-8080-exec-2] org.example.kortex.config.JwtFilter      : Аутентификация установлена для: bgeheh@bk.ru
2026-01-06 23:19:32.079  INFO 14004 --- [http-nio-8080-exec-5] org.example.kortex.config.JwtFilter      : JWT найден в cookie
2026-01-06 23:19:32.083  INFO 14004 --- [http-nio-8080-exec-5] org.example.kortex.config.JwtFilter      : JWT валиден для email: bgeheh@bk.ru, role: COURIER
2026-01-06 23:19:32.083  INFO 14004 --- [http-nio-8080-exec-5] o.e.kortex.users.domain.UserService      : Поиск пользователя с email: bgeheh@bk.ru
2026-01-06 23:19:32.088  INFO 14004 --- [http-nio-8080-exec-5] org.example.kortex.config.JwtFilter      : Аутентификация установлена для: bgeheh@bk.ru
2026-01-06 23:19:32.138  INFO 14004 --- [http-nio-8080-exec-2] org.example.kortex.config.JwtFilter      : JWT найден в cookie
2026-01-06 23:19:32.144  INFO 14004 --- [http-nio-8080-exec-2] org.example.kortex.config.JwtFilter      : JWT валиден для email: bgeheh@bk.ru, role: COURIER
2026-01-06 23:19:32.144  INFO 14004 --- [http-nio-8080-exec-2] o.e.kortex.users.domain.UserService      : Поиск пользователя с email: bgeheh@bk.ru
2026-01-06 23:19:32.153  INFO 14004 --- [http-nio-8080-exec-2] org.example.kortex.config.JwtFilter      : Аутентификация установлена для: bgeheh@bk.ru
2026-01-06 23:19:32.157  INFO 14004 --- [http-nio-8080-exec-2] o.e.k.products.api.ProductController     : Асинхронный запрос товаров: category=null, query=null, page=0, size=12
2026-01-06 23:19:32.159  INFO 14004 --- [Async-6] o.e.k.products.domain.ProductService     : Запрос на выдачу всех товаров с фильром: ProductSearchFilter[category=null, query=null, pageSize=12, pageNumber=0]
2026-01-06 23:19:32.167  INFO 14004 --- [Async-6] o.e.k.products.domain.ProductService     : Поиск завершен за 8 мс, найдено: 1 товаров
2026-01-06 23:19:32.167  INFO 14004 --- [Async-6] o.e.k.products.domain.ProductService     : Выдача всех товаров с фильтром: ProductSearchFilter[category=null, query=null, pageSize=12, pageNumber=0]
2026-01-06 23:19:32.178  INFO 14004 --- [http-nio-8080-exec-7] org.example.kortex.config.JwtFilter      : JWT найден в cookie
2026-01-06 23:19:32.191  INFO 14004 --- [http-nio-8080-exec-7] org.example.kortex.config.JwtFilter      : JWT валиден для email: bgeheh@bk.ru, role: COURIER
2026-01-06 23:19:32.191  INFO 14004 --- [http-nio-8080-exec-7] o.e.kortex.users.domain.UserService      : Поиск пользователя с email: bgeheh@bk.ru
2026-01-06 23:19:32.195  INFO 14004 --- [http-nio-8080-exec-7] org.example.kortex.config.JwtFilter      : Аутентификация установлена для: bgeheh@bk.ru
2026-01-06 23:19:32.201  INFO 14004 --- [http-nio-8080-exec-7] org.example.kortex.config.JwtFilter      : JWT найден в cookie
2026-01-06 23:19:32.208  INFO 14004 --- [http-nio-8080-exec-7] org.example.kortex.config.JwtFilter      : JWT валиден для email: bgeheh@bk.ru, role: COURIER
2026-01-06 23:19:32.208  INFO 14004 --- [http-nio-8080-exec-7] o.e.kortex.users.domain.UserService      : Поиск пользователя с email: bgeheh@bk.ru
2026-01-06 23:19:32.212  INFO 14004 --- [http-nio-8080-exec-7] org.example.kortex.config.JwtFilter      : Аутентификация установлена для: bgeheh@bk.ru
2026-01-06 23:19:32.872  INFO 14004 --- [http-nio-8080-exec-3] org.example.kortex.config.JwtFilter      : JWT найден в cookie
2026-01-06 23:19:32.879  INFO 14004 --- [http-nio-8080-exec-3] org.example.kortex.config.JwtFilter      : JWT валиден для email: bgeheh@bk.ru, role: COURIER
2026-01-06 23:19:32.879  INFO 14004 --- [http-nio-8080-exec-3] o.e.kortex.users.domain.UserService      : Поиск пользователя с email: bgeheh@bk.ru
2026-01-06 23:19:32.885  INFO 14004 --- [http-nio-8080-exec-3] org.example.kortex.config.JwtFilter      : Аутентификация установлена для: bgeheh@bk.ru
2026-01-06 23:19:32.966  INFO 14004 --- [http-nio-8080-exec-8] org.example.kortex.config.JwtFilter      : JWT найден в cookie
2026-01-06 23:19:32.966  INFO 14004 --- [http-nio-8080-exec-3] org.example.kortex.config.JwtFilter      : JWT найден в cookie
2026-01-06 23:19:32.973  INFO 14004 --- [http-nio-8080-exec-8] org.example.kortex.config.JwtFilter      : JWT валиден для email: bgeheh@bk.ru, role: COURIER
2026-01-06 23:19:32.973  INFO 14004 --- [http-nio-8080-exec-8] o.e.kortex.users.domain.UserService      : Поиск пользователя с email: bgeheh@bk.ru
2026-01-06 23:19:32.974  INFO 14004 --- [http-nio-8080-exec-3] org.example.kortex.config.JwtFilter      : JWT валиден для email: bgeheh@bk.ru, role: COURIER
2026-01-06 23:19:32.974  INFO 14004 --- [http-nio-8080-exec-3] o.e.kortex.users.domain.UserService      : Поиск пользователя с email: bgeheh@bk.ru
2026-01-06 23:19:32.977  INFO 14004 --- [http-nio-8080-exec-8] org.example.kortex.config.JwtFilter      : Аутентификация установлена для: bgeheh@bk.ru
2026-01-06 23:19:32.977  INFO 14004 --- [http-nio-8080-exec-3] org.example.kortex.config.JwtFilter      : Аутентификация установлена для: bgeheh@bk.ru
2026-01-06 23:19:32.995  INFO 14004 --- [http-nio-8080-exec-4] org.example.kortex.config.JwtFilter      : JWT найден в cookie
2026-01-06 23:19:33.000  INFO 14004 --- [http-nio-8080-exec-4] org.example.kortex.config.JwtFilter      : JWT валиден для email: bgeheh@bk.ru, role: COURIER
2026-01-06 23:19:33.000  INFO 14004 --- [http-nio-8080-exec-4] o.e.kortex.users.domain.UserService      : Поиск пользователя с email: bgeheh@bk.ru
2026-01-06 23:19:33.006  INFO 14004 --- [http-nio-8080-exec-4] org.example.kortex.config.JwtFilter      : Аутентификация установлена для: bgeheh@bk.ru
2026-01-06 23:19:33.014  INFO 14004 --- [http-nio-8080-exec-6] org.example.kortex.config.JwtFilter      : JWT найден в cookie
2026-01-06 23:19:33.018  INFO 14004 --- [http-nio-8080-exec-6] org.example.kortex.config.JwtFilter      : JWT валиден для email: bgeheh@bk.ru, role: COURIER
2026-01-06 23:19:33.018  INFO 14004 --- [http-nio-8080-exec-6] o.e.kortex.users.domain.UserService      : Поиск пользователя с email: bgeheh@bk.ru
2026-01-06 23:19:33.023  INFO 14004 --- [http-nio-8080-exec-6] org.example.kortex.config.JwtFilter      : Аутентификация установлена для: bgeheh@bk.ru
2026-01-06 23:24:14.824  INFO 14004 --- [SpringApplicationShutdownHook] j.LocalContainerEntityManagerFactoryBean : Closing JPA EntityManagerFactory for persistence unit 'default'
2026-01-06 23:24:14.874  INFO 14004 --- [SpringApplicationShutdownHook] com.zaxxer.hikari.HikariDataSource       : HikariPool-1 - Shutdown initiated...
2026-01-06 23:24:14.892  INFO 14004 --- [SpringApplicationShutdownHook] com.zaxxer.hikari.HikariDataSource       : HikariPool-1 - Shutdown completed.
2026-01-06 23:24:19.911  INFO 14112 --- [main] org.example.kortex.KortexApplication     : Starting KortexApplication using Java 21.0.1 on DESKTOP-4APF200 with PID 14112 (C:\java Ultimate\Kortex\target\classes started by 7 in C:\java Ultimate\Kortex)
2026-01-06 23:24:19.913  INFO 14112 --- [main] org.example.kortex.KortexApplication     : No active profile set, falling back to 1 default profile: "default"
2026-01-06 23:24:20.785  INFO 14112 --- [main] .s.d.r.c.RepositoryConfigurationDelegate : Bootstrapping Spring Data JPA repositories in DEFAULT mode.
2026-01-06 23:24:20.867  INFO 14112 --- [main] .s.d.r.c.RepositoryConfigurationDelegate : Finished Spring Data repository scanning in 76 ms. Found 7 JPA repository interfaces.
2026-01-06 23:24:21.384  INFO 14112 --- [main] o.s.b.w.embedded.tomcat.TomcatWebServer  : Tomcat initialized with port(s): 8080 (http)
2026-01-06 23:24:21.392  INFO 14112 --- [main] o.apache.catalina.core.StandardService   : Starting service [Tomcat]
2026-01-06 23:24:21.392  INFO 14112 --- [main] org.apache.catalina.core.StandardEngine  : Starting Servlet engine: [Apache Tomcat/9.0.73]
2026-01-06 23:24:21.495  INFO 14112 --- [main] o.a.c.c.C.[Tomcat].[localhost].[/]       : Initializing Spring embedded WebApplicationContext
2026-01-06 23:24:21.496  INFO 14112 --- [main] w.s.c.ServletWebServerApplicationContext : Root WebApplicationContext: initialization completed in 1531 ms
2026-01-06 23:24:21.745  INFO 14112 --- [main] o.hibernate.jpa.internal.util.LogHelper  : HHH000204: Processing PersistenceUnitInfo [name: default]
2026-01-06 23:24:21.805  INFO 14112 --- [main] org.hibernate.Version                    : HHH000412: Hibernate ORM core version 5.6.15.Final
2026-01-06 23:24:21.981  INFO 14112 --- [main] o.hibernate.annotations.common.Version   : HCANN000001: Hibernate Commons Annotations {5.1.2.Final}
2026-01-06 23:24:22.069  INFO 14112 --- [main] com.zaxxer.hikari.HikariDataSource       : HikariPool-1 - Starting...
2026-01-06 23:24:22.297  INFO 14112 --- [main] com.zaxxer.hikari.HikariDataSource       : HikariPool-1 - Start completed.
2026-01-06 23:24:22.314  INFO 14112 --- [main] org.hibernate.dialect.Dialect            : HHH000400: Using dialect: org.hibernate.dialect.PostgreSQLDialect
2026-01-06 23:24:23.118  INFO 14112 --- [main] o.h.e.t.j.p.i.JtaPlatformInitiator       : HHH000490: Using JtaPlatform implementation: [org.hibernate.engine.transaction.jta.platform.internal.NoJtaPlatform]
2026-01-06 23:24:23.127  INFO 14112 --- [main] j.LocalContainerEntityManagerFactoryBean : Initialized JPA EntityManagerFactory for persistence unit 'default'
2026-01-06 23:24:23.428  INFO 14112 --- [main] o.s.aop.framework.CglibAopProxy          : Unable to proxy interface-implementing method [public final void org.springframework.web.filter.OncePerRequestFilter.doFilter(javax.servlet.ServletRequest,javax.servlet.ServletResponse,javax.servlet.FilterChain) throws javax.servlet.ServletException,java.io.IOException] because it is marked as final: Consider using interface-based JDK proxies instead!
2026-01-06 23:24:23.428  INFO 14112 --- [main] o.s.aop.framework.CglibAopProxy          : Unable to proxy interface-implementing method [public final void org.springframework.web.filter.GenericFilterBean.init(javax.servlet.FilterConfig) throws javax.servlet.ServletException] because it is marked as final: Consider using interface-based JDK proxies instead!
2026-01-06 23:24:23.910  INFO 14112 --- [main] o.s.s.web.DefaultSecurityFilterChain     : Will secure any request with [org.springframework.security.web.session.DisableEncodeUrlFilter@820b78a, org.springframework.security.web.context.request.async.WebAsyncManagerIntegrationFilter@6a9ac8b, org.springframework.security.web.context.SecurityContextPersistenceFilter@c3ca482, org.springframework.security.web.header.HeaderWriterFilter@22e1a1dc, org.springframework.security.web.authentication.logout.LogoutFilter@1cf4d454, org.example.kortex.config.JwtFilter@6be2b567, org.springframework.security.web.savedrequest.RequestCacheAwareFilter@277474fc, org.springframework.security.web.servletapi.SecurityContextHolderAwareRequestFilter@5ab3f611, org.springframework.security.web.authentication.AnonymousAuthenticationFilter@4cd9ee2c, org.springframework.security.web.session.SessionManagementFilter@122ea8dc, org.springframework.security.web.access.ExceptionTranslationFilter@6c537267, org.springframework.security.web.access.intercept.FilterSecurityInterceptor@7c751692]
2026-01-06 23:24:24.393  INFO 14112 --- [main] o.s.b.a.e.web.EndpointLinksResolver      : Exposing 1 endpoint(s) beneath base path '/actuator'
2026-01-06 23:24:24.440  INFO 14112 --- [main] o.s.b.w.embedded.tomcat.TomcatWebServer  : Tomcat started on port(s): 8080 (http) with context path ''
2026-01-06 23:24:24.452  INFO 14112 --- [main] org.example.kortex.KortexApplication     : Started KortexApplication in 5.503 seconds (JVM running for 6.475)
2026-01-06 23:24:24.866  INFO 14112 --- [RMI TCP Connection(3)-26.93.201.44] o.a.c.c.C.[Tomcat].[localhost].[/]       : Initializing Spring DispatcherServlet 'dispatcherServlet'
2026-01-06 23:24:24.867  INFO 14112 --- [RMI TCP Connection(3)-26.93.201.44] o.s.web.servlet.DispatcherServlet        : Initializing Servlet 'dispatcherServlet'
2026-01-06 23:24:24.870  INFO 14112 --- [RMI TCP Connection(3)-26.93.201.44] o.s.web.servlet.DispatcherServlet        : Completed initialization in 3 ms
2026-01-06 23:25:12.878  INFO 14112 --- [http-nio-8080-exec-1] org.example.kortex.config.JwtFilter      : JWT найден в cookie
2026-01-06 23:25:12.961  INFO 14112 --- [http-nio-8080-exec-1] org.example.kortex.config.JwtFilter      : JWT валиден для email: bgeheh@bk.ru, role: COURIER
2026-01-06 23:25:12.967  INFO 14112 --- [http-nio-8080-exec-1] o.e.kortex.users.domain.UserService      : Поиск пользователя с email: bgeheh@bk.ru
2026-01-06 23:25:13.061  INFO 14112 --- [http-nio-8080-exec-1] org.example.kortex.config.JwtFilter      : Аутентификация установлена для: bgeheh@bk.ru
2026-01-06 23:25:13.357  INFO 14112 --- [http-nio-8080-exec-7] org.example.kortex.config.JwtFilter      : JWT найден в cookie
2026-01-06 23:25:13.366  INFO 14112 --- [http-nio-8080-exec-3] org.example.kortex.config.JwtFilter      : JWT найден в cookie
2026-01-06 23:25:13.370  INFO 14112 --- [http-nio-8080-exec-7] org.example.kortex.config.JwtFilter      : JWT валиден для email: bgeheh@bk.ru, role: COURIER
2026-01-06 23:25:13.371  INFO 14112 --- [http-nio-8080-exec-7] o.e.kortex.users.domain.UserService      : Поиск пользователя с email: bgeheh@bk.ru
2026-01-06 23:25:13.381  INFO 14112 --- [http-nio-8080-exec-5] org.example.kortex.config.JwtFilter      : JWT найден в cookie
2026-01-06 23:25:13.381  INFO 14112 --- [http-nio-8080-exec-7] org.example.kortex.config.JwtFilter      : Аутентификация установлена для: bgeheh@bk.ru
2026-01-06 23:25:13.381  INFO 14112 --- [http-nio-8080-exec-3] org.example.kortex.config.JwtFilter      : JWT валиден для email: bgeheh@bk.ru, role: COURIER
2026-01-06 23:25:13.382  INFO 14112 --- [http-nio-8080-exec-3] o.e.kortex.users.domain.UserService      : Поиск пользователя с email: bgeheh@bk.ru
2026-01-06 23:25:13.395  INFO 14112 --- [http-nio-8080-exec-3] org.example.kortex.config.JwtFilter      : Аутентификация установлена для: bgeheh@bk.ru
2026-01-06 23:25:13.399  INFO 14112 --- [http-nio-8080-exec-5] org.example.kortex.config.JwtFilter      : JWT валиден для email: bgeheh@bk.ru, role: COURIER
2026-01-06 23:25:13.400  INFO 14112 --- [http-nio-8080-exec-5] o.e.kortex.users.domain.UserService      : Поиск пользователя с email: bgeheh@bk.ru
2026-01-06 23:25:13.409  INFO 14112 --- [http-nio-8080-exec-5] org.example.kortex.config.JwtFilter      : Аутентификация установлена для: bgeheh@bk.ru
2026-01-06 23:25:13.446  INFO 14112 --- [http-nio-8080-exec-2] org.example.kortex.config.JwtFilter      : JWT найден в cookie
2026-01-06 23:25:13.457  INFO 14112 --- [http-nio-8080-exec-2] org.example.kortex.config.JwtFilter      : JWT валиден для email: bgeheh@bk.ru, role: COURIER
2026-01-06 23:25:13.458  INFO 14112 --- [http-nio-8080-exec-2] o.e.kortex.users.domain.UserService      : Поиск пользователя с email: bgeheh@bk.ru
2026-01-06 23:25:13.466  INFO 14112 --- [http-nio-8080-exec-2] org.example.kortex.config.JwtFilter      : Аутентификация установлена для: bgeheh@bk.ru
2026-01-06 23:25:14.380  INFO 14112 --- [http-nio-8080-exec-4] org.example.kortex.config.JwtFilter      : JWT найден в cookie
2026-01-06 23:25:14.383  INFO 14112 --- [http-nio-8080-exec-4] org.example.kortex.config.JwtFilter      : JWT валиден для email: bgeheh@bk.ru, role: COURIER
2026-01-06 23:25:14.384  INFO 14112 --- [http-nio-8080-exec-4] o.e.kortex.users.domain.UserService      : Поиск пользователя с email: bgeheh@bk.ru
2026-01-06 23:25:14.387  INFO 14112 --- [http-nio-8080-exec-4] org.example.kortex.config.JwtFilter      : Аутентификация установлена для: bgeheh@bk.ru
2026-01-06 23:25:14.495  INFO 14112 --- [http-nio-8080-exec-2] org.example.kortex.config.JwtFilter      : JWT найден в cookie
2026-01-06 23:25:14.502  INFO 14112 --- [http-nio-8080-exec-2] org.example.kortex.config.JwtFilter      : JWT валиден для email: bgeheh@bk.ru, role: COURIER
2026-01-06 23:25:14.503  INFO 14112 --- [http-nio-8080-exec-2] o.e.kortex.users.domain.UserService      : Поиск пользователя с email: bgeheh@bk.ru
2026-01-06 23:25:14.510  INFO 14112 --- [http-nio-8080-exec-2] org.example.kortex.config.JwtFilter      : Аутентификация установлена для: bgeheh@bk.ru
2026-01-06 23:25:32.582  INFO 14112 --- [http-nio-8080-exec-4] org.example.kortex.config.JwtFilter      : JWT найден в cookie
2026-01-06 23:25:32.590  INFO 14112 --- [http-nio-8080-exec-4] org.example.kortex.config.JwtFilter      : JWT валиден для email: bgeheh@bk.ru, role: COURIER
2026-01-06 23:25:32.593  INFO 14112 --- [http-nio-8080-exec-4] o.e.kortex.users.domain.UserService      : Поиск пользователя с email: bgeheh@bk.ru
2026-01-06 23:25:32.599  INFO 14112 --- [http-nio-8080-exec-4] org.example.kortex.config.JwtFilter      : Аутентификация установлена для: bgeheh@bk.ru
2026-01-06 23:25:32.705  INFO 14112 --- [http-nio-8080-exec-2] org.example.kortex.config.JwtFilter      : JWT найден в cookie
2026-01-06 23:25:32.711  INFO 14112 --- [http-nio-8080-exec-2] org.example.kortex.config.JwtFilter      : JWT валиден для email: bgeheh@bk.ru, role: COURIER
2026-01-06 23:25:32.712  INFO 14112 --- [http-nio-8080-exec-2] o.e.kortex.users.domain.UserService      : Поиск пользователя с email: bgeheh@bk.ru
2026-01-06 23:25:32.718  INFO 14112 --- [http-nio-8080-exec-2] org.example.kortex.config.JwtFilter      : Аутентификация установлена для: bgeheh@bk.ru
2026-01-06 23:25:34.162  INFO 14112 --- [http-nio-8080-exec-4] org.example.kortex.config.JwtFilter      : JWT найден в cookie
2026-01-06 23:25:34.166  INFO 14112 --- [http-nio-8080-exec-4] org.example.kortex.config.JwtFilter      : JWT валиден для email: bgeheh@bk.ru, role: COURIER
2026-01-06 23:25:34.167  INFO 14112 --- [http-nio-8080-exec-4] o.e.kortex.users.domain.UserService      : Поиск пользователя с email: bgeheh@bk.ru
2026-01-06 23:25:34.171  INFO 14112 --- [http-nio-8080-exec-4] org.example.kortex.config.JwtFilter      : Аутентификация установлена для: bgeheh@bk.ru
2026-01-06 23:25:34.264  INFO 14112 --- [http-nio-8080-exec-2] org.example.kortex.config.JwtFilter      : JWT найден в cookie
2026-01-06 23:25:34.273  INFO 14112 --- [http-nio-8080-exec-2] org.example.kortex.config.JwtFilter      : JWT валиден для email: bgeheh@bk.ru, role: COURIER
2026-01-06 23:25:34.273  INFO 14112 --- [http-nio-8080-exec-2] o.e.kortex.users.domain.UserService      : Поиск пользователя с email: bgeheh@bk.ru
2026-01-06 23:25:34.275  INFO 14112 --- [http-nio-8080-exec-2] org.example.kortex.config.JwtFilter      : Аутентификация установлена для: bgeheh@bk.ru
2026-01-06 23:25:51.939  INFO 14112 --- [http-nio-8080-exec-4] o.e.kortex.users.domain.AuthService      : Отправка кода регистрации на email=bgehasdasdaeh@bk.ru
2026-01-06 23:25:51.940  INFO 14112 --- [http-nio-8080-exec-4] o.e.kortex.users.domain.UserService      : Поиск пользователя с email: bgehasdasdaeh@bk.ru
2026-01-06 23:25:52.014  INFO 14112 --- [http-nio-8080-exec-4] o.e.kortex.users.domain.AuthService      : Код подтверждения отправлен на email=bgehasdasdaeh@bk.ru
2026-01-06 23:25:52.014  INFO 14112 --- [Async-1] o.e.k.users.domain.EmailSenderService    : Отпрвавка сообщение на регистрацию на почту: bgehasdasdaeh@bk.ru с кодом 926903
2026-01-06 23:25:53.035  INFO 14112 --- [http-nio-8080-exec-1] org.example.kortex.config.JwtFilter      : JWT токен не найден в запросе
2026-01-06 23:25:53.140  INFO 14112 --- [http-nio-8080-exec-1] org.example.kortex.config.JwtFilter      : JWT токен не найден в запросе
2026-01-06 23:26:02.738  INFO 14112 --- [Async-1] o.e.k.users.domain.EmailSenderService    : Сообщение отправлено на регистрацию на почту: bgehasdasdaeh@bk.ru с кодом 926903
2026-01-06 23:26:10.332  INFO 14112 --- [http-nio-8080-exec-3] o.e.kortex.users.domain.AuthService      : Подтверждение регистрации для ID=748f4d77-b0b0-461d-a04a-403e73820a79
2026-01-06 23:26:10.333  INFO 14112 --- [http-nio-8080-exec-3] o.e.kortex.users.domain.UserService      : Создания пользователя
2026-01-06 23:26:10.399  INFO 14112 --- [http-nio-8080-exec-3] o.e.kortex.users.domain.UserService      : Пользователь создан его id: 15
2026-01-06 23:26:10.402  INFO 14112 --- [http-nio-8080-exec-3] o.e.kortex.carts.domain.CartService      : Создания корзины у пользователя 15
2026-01-06 23:26:10.412  INFO 14112 --- [http-nio-8080-exec-3] o.e.kortex.carts.domain.CartService      : Корзина создана id корзины: 15
2026-01-06 23:26:10.428  INFO 14112 --- [http-nio-8080-exec-3] o.e.kortex.users.domain.AuthService      : Пользователь создан id=15, email=bgehasdasdaeh@bk.ru
2026-01-06 23:26:11.455  INFO 14112 --- [http-nio-8080-exec-10] org.example.kortex.config.JwtFilter      : JWT найден в cookie
2026-01-06 23:26:11.460  INFO 14112 --- [http-nio-8080-exec-10] org.example.kortex.config.JwtFilter      : JWT валиден для email: bgehasdasdaeh@bk.ru, role: USER
2026-01-06 23:26:11.460  INFO 14112 --- [http-nio-8080-exec-10] o.e.kortex.users.domain.UserService      : Поиск пользователя с email: bgehasdasdaeh@bk.ru
2026-01-06 23:26:11.464  INFO 14112 --- [http-nio-8080-exec-10] org.example.kortex.config.JwtFilter      : Аутентификация установлена для: bgehasdasdaeh@bk.ru
2026-01-06 23:26:11.530  INFO 14112 --- [http-nio-8080-exec-3] org.example.kortex.config.JwtFilter      : JWT найден в cookie
2026-01-06 23:26:11.540  INFO 14112 --- [http-nio-8080-exec-3] org.example.kortex.config.JwtFilter      : JWT валиден для email: bgehasdasdaeh@bk.ru, role: USER
2026-01-06 23:26:11.541  INFO 14112 --- [http-nio-8080-exec-3] o.e.kortex.users.domain.UserService      : Поиск пользователя с email: bgehasdasdaeh@bk.ru
2026-01-06 23:26:11.547  INFO 14112 --- [http-nio-8080-exec-3] org.example.kortex.config.JwtFilter      : Аутентификация установлена для: bgehasdasdaeh@bk.ru
2026-01-06 23:26:11.553  INFO 14112 --- [http-nio-8080-exec-3] o.e.k.products.api.ProductController     : Асинхронный запрос товаров: category=null, query=null, page=0, size=12
2026-01-06 23:26:11.562  INFO 14112 --- [http-nio-8080-exec-10] org.example.kortex.config.JwtFilter      : JWT найден в cookie
2026-01-06 23:26:11.568  INFO 14112 --- [http-nio-8080-exec-10] org.example.kortex.config.JwtFilter      : JWT валиден для email: bgehasdasdaeh@bk.ru, role: USER
2026-01-06 23:26:11.568  INFO 14112 --- [http-nio-8080-exec-10] o.e.kortex.users.domain.UserService      : Поиск пользователя с email: bgehasdasdaeh@bk.ru
2026-01-06 23:26:11.574  INFO 14112 --- [http-nio-8080-exec-10] org.example.kortex.config.JwtFilter      : Аутентификация установлена для: bgehasdasdaeh@bk.ru
2026-01-06 23:26:11.562  INFO 14112 --- [Async-2] o.e.k.products.domain.ProductService     : Запрос на выдачу всех товаров с фильром: ProductSearchFilter[category=null, query=null, pageSize=12, pageNumber=0]
2026-01-06 23:26:11.604  INFO 14112 --- [Async-2] o.e.k.products.domain.ProductService     : Поиск завершен за 28 мс, найдено: 1 товаров
2026-01-06 23:26:11.604  INFO 14112 --- [Async-2] o.e.k.products.domain.ProductService     : Выдача всех товаров с фильтром: ProductSearchFilter[category=null, query=null, pageSize=12, pageNumber=0]
2026-01-06 23:26:11.629  INFO 14112 --- [http-nio-8080-exec-2] org.example.kortex.config.JwtFilter      : JWT найден в cookie
2026-01-06 23:26:11.635  INFO 14112 --- [http-nio-8080-exec-2] org.example.kortex.config.JwtFilter      : JWT валиден для email: bgehasdasdaeh@bk.ru, role: USER
2026-01-06 23:26:11.635  INFO 14112 --- [http-nio-8080-exec-2] o.e.kortex.users.domain.UserService      : Поиск пользователя с email: bgehasdasdaeh@bk.ru
2026-01-06 23:26:11.639  INFO 14112 --- [http-nio-8080-exec-2] org.example.kortex.config.JwtFilter      : Аутентификация установлена для: bgehasdasdaeh@bk.ru
2026-01-06 23:26:53.522  INFO 14112 --- [http-nio-8080-exec-6] org.example.kortex.config.JwtFilter      : JWT найден в cookie
2026-01-06 23:26:53.529  INFO 14112 --- [http-nio-8080-exec-6] org.example.kortex.config.JwtFilter      : JWT валиден для email: bgehasdasdaeh@bk.ru, role: USER
2026-01-06 23:26:53.529  INFO 14112 --- [http-nio-8080-exec-6] o.e.kortex.users.domain.UserService      : Поиск пользователя с email: bgehasdasdaeh@bk.ru
2026-01-06 23:26:53.534  INFO 14112 --- [http-nio-8080-exec-6] org.example.kortex.config.JwtFilter      : Аутентификация установлена для: bgehasdasdaeh@bk.ru
2026-01-06 23:26:53.645  INFO 14112 --- [http-nio-8080-exec-2] org.example.kortex.config.JwtFilter      : JWT найден в cookie
2026-01-06 23:26:53.652  INFO 14112 --- [http-nio-8080-exec-2] org.example.kortex.config.JwtFilter      : JWT валиден для email: bgehasdasdaeh@bk.ru, role: USER
2026-01-06 23:26:53.653  INFO 14112 --- [http-nio-8080-exec-2] o.e.kortex.users.domain.UserService      : Поиск пользователя с email: bgehasdasdaeh@bk.ru
2026-01-06 23:26:53.658  INFO 14112 --- [http-nio-8080-exec-2] org.example.kortex.config.JwtFilter      : Аутентификация установлена для: bgehasdasdaeh@bk.ru
2026-01-06 23:26:57.537  INFO 14112 --- [http-nio-8080-exec-5] o.e.kortex.users.domain.AuthService      : Попытка входа для email=s5090@inbox.ru
2026-01-06 23:26:57.537  INFO 14112 --- [http-nio-8080-exec-7] o.e.kortex.users.domain.AuthService      : Попытка входа для email=s5090@inbox.ru
2026-01-06 23:26:57.542  WARN 14112 --- [http-nio-8080-exec-6] .w.s.m.s.DefaultHandlerExceptionResolver : Resolved [org.springframework.web.HttpMediaTypeNotSupportedException: Content type 'application/x-www-form-urlencoded;charset=UTF-8' not supported]
2026-01-06 23:26:57.609  INFO 14112 --- [http-nio-8080-exec-5] o.e.kortex.users.domain.UserService      : Поиск пользователя с email: s5090@inbox.ru
2026-01-06 23:26:57.610  INFO 14112 --- [http-nio-8080-exec-7] o.e.kortex.users.domain.UserService      : Поиск пользователя с email: s5090@inbox.ru
2026-01-06 23:26:57.687  INFO 14112 --- [http-nio-8080-exec-5] o.e.kortex.users.domain.UserService      : Поиск пользователя с email: s5090@inbox.ru
2026-01-06 23:26:57.691  INFO 14112 --- [http-nio-8080-exec-7] o.e.kortex.users.domain.UserService      : Поиск пользователя с email: s5090@inbox.ru
2026-01-06 23:26:57.693  INFO 14112 --- [http-nio-8080-exec-5] o.e.kortex.users.domain.AuthService      : Пользователь вошел: s5090@inbox.ru, ID=1
2026-01-06 23:26:57.694  INFO 14112 --- [http-nio-8080-exec-7] o.e.kortex.users.domain.AuthService      : Пользователь вошел: s5090@inbox.ru, ID=1
2026-01-06 23:27:00.533  INFO 14112 --- [http-nio-8080-exec-9] org.example.kortex.config.JwtFilter      : JWT найден в cookie
2026-01-06 23:27:00.537  INFO 14112 --- [http-nio-8080-exec-9] org.example.kortex.config.JwtFilter      : JWT валиден для email: s5090@inbox.ru, role: ADMIN
2026-01-06 23:27:00.537  INFO 14112 --- [http-nio-8080-exec-9] o.e.kortex.users.domain.UserService      : Поиск пользователя с email: s5090@inbox.ru
2026-01-06 23:27:00.541  INFO 14112 --- [http-nio-8080-exec-9] org.example.kortex.config.JwtFilter      : Аутентификация установлена для: s5090@inbox.ru
2026-01-06 23:27:00.597  INFO 14112 --- [http-nio-8080-exec-5] org.example.kortex.config.JwtFilter      : JWT найден в cookie
2026-01-06 23:27:00.602  INFO 14112 --- [http-nio-8080-exec-5] org.example.kortex.config.JwtFilter      : JWT валиден для email: s5090@inbox.ru, role: ADMIN
2026-01-06 23:27:00.603  INFO 14112 --- [http-nio-8080-exec-5] o.e.kortex.users.domain.UserService      : Поиск пользователя с email: s5090@inbox.ru
2026-01-06 23:27:00.608  INFO 14112 --- [http-nio-8080-exec-5] org.example.kortex.config.JwtFilter      : Аутентификация установлена для: s5090@inbox.ru
2026-01-06 23:27:00.610  INFO 14112 --- [http-nio-8080-exec-5] o.e.k.products.api.ProductController     : Асинхронный запрос товаров: category=null, query=null, page=0, size=12
2026-01-06 23:27:00.612  INFO 14112 --- [Async-3] o.e.k.products.domain.ProductService     : Запрос на выдачу всех товаров с фильром: ProductSearchFilter[category=null, query=null, pageSize=12, pageNumber=0]
2026-01-06 23:27:00.623  INFO 14112 --- [Async-3] o.e.k.products.domain.ProductService     : Поиск завершен за 10 мс, найдено: 1 товаров
2026-01-06 23:27:00.623  INFO 14112 --- [Async-3] o.e.k.products.domain.ProductService     : Выдача всех товаров с фильтром: ProductSearchFilter[category=null, query=null, pageSize=12, pageNumber=0]
2026-01-06 23:27:00.632  INFO 14112 --- [http-nio-8080-exec-9] org.example.kortex.config.JwtFilter      : JWT найден в cookie
2026-01-06 23:27:00.635  INFO 14112 --- [http-nio-8080-exec-9] org.example.kortex.config.JwtFilter      : JWT валиден для email: s5090@inbox.ru, role: ADMIN
2026-01-06 23:27:00.636  INFO 14112 --- [http-nio-8080-exec-9] o.e.kortex.users.domain.UserService      : Поиск пользователя с email: s5090@inbox.ru
2026-01-06 23:27:00.640  INFO 14112 --- [http-nio-8080-exec-9] org.example.kortex.config.JwtFilter      : Аутентификация установлена для: s5090@inbox.ru
2026-01-06 23:27:00.662  INFO 14112 --- [http-nio-8080-exec-1] org.example.kortex.config.JwtFilter      : JWT найден в cookie
2026-01-06 23:27:00.670  INFO 14112 --- [http-nio-8080-exec-1] org.example.kortex.config.JwtFilter      : JWT валиден для email: s5090@inbox.ru, role: ADMIN
2026-01-06 23:27:00.670  INFO 14112 --- [http-nio-8080-exec-1] o.e.kortex.users.domain.UserService      : Поиск пользователя с email: s5090@inbox.ru
2026-01-06 23:27:00.675  INFO 14112 --- [http-nio-8080-exec-1] org.example.kortex.config.JwtFilter      : Аутентификация установлена для: s5090@inbox.ru
2026-01-06 23:27:03.502  INFO 14112 --- [http-nio-8080-exec-3] org.example.kortex.config.JwtFilter      : JWT найден в cookie
2026-01-06 23:27:03.516  INFO 14112 --- [http-nio-8080-exec-3] org.example.kortex.config.JwtFilter      : JWT валиден для email: s5090@inbox.ru, role: ADMIN
2026-01-06 23:27:03.516  INFO 14112 --- [http-nio-8080-exec-3] o.e.kortex.users.domain.UserService      : Поиск пользователя с email: s5090@inbox.ru
2026-01-06 23:27:03.520  INFO 14112 --- [http-nio-8080-exec-3] org.example.kortex.config.JwtFilter      : Аутентификация установлена для: s5090@inbox.ru
2026-01-06 23:27:03.593  INFO 14112 --- [http-nio-8080-exec-2] org.example.kortex.config.JwtFilter      : JWT найден в cookie
2026-01-06 23:27:03.601  INFO 14112 --- [http-nio-8080-exec-2] org.example.kortex.config.JwtFilter      : JWT валиден для email: s5090@inbox.ru, role: ADMIN
2026-01-06 23:27:03.601  INFO 14112 --- [http-nio-8080-exec-2] o.e.kortex.users.domain.UserService      : Поиск пользователя с email: s5090@inbox.ru
2026-01-06 23:27:03.609  INFO 14112 --- [http-nio-8080-exec-2] org.example.kortex.config.JwtFilter      : Аутентификация установлена для: s5090@inbox.ru
2026-01-06 23:27:03.611  INFO 14112 --- [http-nio-8080-exec-10] org.example.kortex.config.JwtFilter      : JWT найден в cookie
2026-01-06 23:27:03.625  INFO 14112 --- [http-nio-8080-exec-10] org.example.kortex.config.JwtFilter      : JWT валиден для email: s5090@inbox.ru, role: ADMIN
2026-01-06 23:27:03.625  INFO 14112 --- [http-nio-8080-exec-10] o.e.kortex.users.domain.UserService      : Поиск пользователя с email: s5090@inbox.ru
2026-01-06 23:27:03.629  INFO 14112 --- [http-nio-8080-exec-10] org.example.kortex.config.JwtFilter      : Аутентификация установлена для: s5090@inbox.ru
2026-01-06 23:27:03.651  INFO 14112 --- [http-nio-8080-exec-7] org.example.kortex.config.JwtFilter      : JWT найден в cookie
2026-01-06 23:27:03.651  INFO 14112 --- [http-nio-8080-exec-8] org.example.kortex.config.JwtFilter      : JWT найден в cookie
2026-01-06 23:27:03.658  INFO 14112 --- [http-nio-8080-exec-7] org.example.kortex.config.JwtFilter      : JWT валиден для email: s5090@inbox.ru, role: ADMIN
2026-01-06 23:27:03.658  INFO 14112 --- [http-nio-8080-exec-8] org.example.kortex.config.JwtFilter      : JWT валиден для email: s5090@inbox.ru, role: ADMIN
2026-01-06 23:27:03.659  INFO 14112 --- [http-nio-8080-exec-8] o.e.kortex.users.domain.UserService      : Поиск пользователя с email: s5090@inbox.ru
2026-01-06 23:27:03.659  INFO 14112 --- [http-nio-8080-exec-7] o.e.kortex.users.domain.UserService      : Поиск пользователя с email: s5090@inbox.ru
2026-01-06 23:27:03.661  INFO 14112 --- [http-nio-8080-exec-8] org.example.kortex.config.JwtFilter      : Аутентификация установлена для: s5090@inbox.ru
2026-01-06 23:27:03.662  INFO 14112 --- [http-nio-8080-exec-7] org.example.kortex.config.JwtFilter      : Аутентификация установлена для: s5090@inbox.ru
2026-01-06 23:27:22.350  INFO 14112 --- [http-nio-8080-exec-9] org.example.kortex.config.JwtFilter      : JWT найден в cookie
2026-01-06 23:27:22.356  INFO 14112 --- [http-nio-8080-exec-9] org.example.kortex.config.JwtFilter      : JWT валиден для email: s5090@inbox.ru, role: ADMIN
2026-01-06 23:27:22.356  INFO 14112 --- [http-nio-8080-exec-9] o.e.kortex.users.domain.UserService      : Поиск пользователя с email: s5090@inbox.ru
2026-01-06 23:27:22.361  INFO 14112 --- [http-nio-8080-exec-9] org.example.kortex.config.JwtFilter      : Аутентификация установлена для: s5090@inbox.ru
2026-01-06 23:27:22.478  INFO 14112 --- [http-nio-8080-exec-8] org.example.kortex.config.JwtFilter      : JWT найден в cookie
2026-01-06 23:27:22.485  INFO 14112 --- [http-nio-8080-exec-8] org.example.kortex.config.JwtFilter      : JWT валиден для email: s5090@inbox.ru, role: ADMIN
2026-01-06 23:27:22.485  INFO 14112 --- [http-nio-8080-exec-8] o.e.kortex.users.domain.UserService      : Поиск пользователя с email: s5090@inbox.ru
2026-01-06 23:27:22.491  INFO 14112 --- [http-nio-8080-exec-8] org.example.kortex.config.JwtFilter      : Аутентификация установлена для: s5090@inbox.ru
2026-01-06 23:27:24.865  INFO 14112 --- [http-nio-8080-exec-7] org.example.kortex.config.JwtFilter      : JWT найден в cookie
2026-01-06 23:27:24.874  INFO 14112 --- [http-nio-8080-exec-7] org.example.kortex.config.JwtFilter      : JWT валиден для email: s5090@inbox.ru, role: ADMIN
2026-01-06 23:27:24.874  INFO 14112 --- [http-nio-8080-exec-7] o.e.kortex.users.domain.UserService      : Поиск пользователя с email: s5090@inbox.ru
2026-01-06 23:27:24.880  INFO 14112 --- [http-nio-8080-exec-7] org.example.kortex.config.JwtFilter      : Аутентификация установлена для: s5090@inbox.ru
2026-01-06 23:27:24.997  INFO 14112 --- [http-nio-8080-exec-6] org.example.kortex.config.JwtFilter      : JWT найден в cookie
2026-01-06 23:27:25.005  INFO 14112 --- [http-nio-8080-exec-6] org.example.kortex.config.JwtFilter      : JWT валиден для email: s5090@inbox.ru, role: ADMIN
2026-01-06 23:27:25.005  INFO 14112 --- [http-nio-8080-exec-6] o.e.kortex.users.domain.UserService      : Поиск пользователя с email: s5090@inbox.ru
2026-01-06 23:27:25.009  INFO 14112 --- [http-nio-8080-exec-6] org.example.kortex.config.JwtFilter      : Аутентификация установлена для: s5090@inbox.ru
2026-01-06 23:27:27.015  INFO 14112 --- [http-nio-8080-exec-8] o.e.kortex.users.domain.AuthService      : Запрос на восстановление пароля для email=bgeheh@bk.ru
2026-01-06 23:27:27.015  INFO 14112 --- [http-nio-8080-exec-8] o.e.kortex.users.domain.UserService      : Поиск пользователя с email: bgeheh@bk.ru
2026-01-06 23:27:27.023  INFO 14112 --- [http-nio-8080-exec-8] o.e.kortex.users.domain.AuthService      : Код для сброса пароля отправлен на email: bgeheh@bk.ru
2026-01-06 23:27:27.038  INFO 14112 --- [Async-4] o.e.k.users.domain.EmailSenderService    : Отпрвавка сообщение на изменения сброс на почту: bgeheh@bk.ru с кодом 960537
2026-01-06 23:27:28.058  INFO 14112 --- [http-nio-8080-exec-7] org.example.kortex.config.JwtFilter      : JWT найден в cookie
2026-01-06 23:27:28.071  INFO 14112 --- [http-nio-8080-exec-7] org.example.kortex.config.JwtFilter      : JWT валиден для email: s5090@inbox.ru, role: ADMIN
2026-01-06 23:27:28.072  INFO 14112 --- [http-nio-8080-exec-7] o.e.kortex.users.domain.UserService      : Поиск пользователя с email: s5090@inbox.ru
2026-01-06 23:27:28.077  INFO 14112 --- [http-nio-8080-exec-7] org.example.kortex.config.JwtFilter      : Аутентификация установлена для: s5090@inbox.ru
2026-01-06 23:27:28.183  INFO 14112 --- [http-nio-8080-exec-7] org.example.kortex.config.JwtFilter      : JWT найден в cookie
2026-01-06 23:27:28.191  INFO 14112 --- [http-nio-8080-exec-7] org.example.kortex.config.JwtFilter      : JWT валиден для email: s5090@inbox.ru, role: ADMIN
2026-01-06 23:27:28.191  INFO 14112 --- [http-nio-8080-exec-7] o.e.kortex.users.domain.UserService      : Поиск пользователя с email: s5090@inbox.ru
2026-01-06 23:27:28.194  INFO 14112 --- [http-nio-8080-exec-7] org.example.kortex.config.JwtFilter      : Аутентификация установлена для: s5090@inbox.ru
2026-01-06 23:27:38.433  INFO 14112 --- [Async-4] o.e.k.users.domain.EmailSenderService    : Сообщение отправлено на изменения сброс на почту: bgeheh@bk.ru с кодом 960537
2026-01-06 23:27:44.356  INFO 14112 --- [http-nio-8080-exec-10] o.e.kortex.users.domain.AuthService      : Проверка кода сброса пароля для resetId=6573dc3a-bba9-46bf-8f34-f36209d92b41
2026-01-06 23:27:44.365  INFO 14112 --- [http-nio-8080-exec-10] o.e.kortex.users.domain.AuthService      : Код подтвержден для resetId=6573dc3a-bba9-46bf-8f34-f36209d92b41
2026-01-06 23:27:45.382  INFO 14112 --- [http-nio-8080-exec-1] org.example.kortex.config.JwtFilter      : JWT найден в cookie
2026-01-06 23:27:45.387  INFO 14112 --- [http-nio-8080-exec-1] org.example.kortex.config.JwtFilter      : JWT валиден для email: s5090@inbox.ru, role: ADMIN
2026-01-06 23:27:45.387  INFO 14112 --- [http-nio-8080-exec-1] o.e.kortex.users.domain.UserService      : Поиск пользователя с email: s5090@inbox.ru
2026-01-06 23:27:45.393  INFO 14112 --- [http-nio-8080-exec-1] org.example.kortex.config.JwtFilter      : Аутентификация установлена для: s5090@inbox.ru
2026-01-06 23:27:45.495  INFO 14112 --- [http-nio-8080-exec-10] org.example.kortex.config.JwtFilter      : JWT найден в cookie
2026-01-06 23:27:45.501  INFO 14112 --- [http-nio-8080-exec-10] org.example.kortex.config.JwtFilter      : JWT валиден для email: s5090@inbox.ru, role: ADMIN
2026-01-06 23:27:45.501  INFO 14112 --- [http-nio-8080-exec-10] o.e.kortex.users.domain.UserService      : Поиск пользователя с email: s5090@inbox.ru
2026-01-06 23:27:45.507  INFO 14112 --- [http-nio-8080-exec-10] org.example.kortex.config.JwtFilter      : Аутентификация установлена для: s5090@inbox.ru
2026-01-06 23:27:52.094  INFO 14112 --- [http-nio-8080-exec-1] o.e.kortex.users.domain.AuthService      : Смена пароля для пользователя с email: bgeheh@bk.ru
2026-01-06 23:27:52.094  INFO 14112 --- [http-nio-8080-exec-1] o.e.kortex.users.domain.UserService      : Поиск пользователя с email: bgeheh@bk.ru
2026-01-06 23:27:52.170  INFO 14112 --- [http-nio-8080-exec-1] o.e.kortex.users.domain.UserService      : Обновление пользователя с id: 2
2026-01-06 23:27:52.185  INFO 14112 --- [http-nio-8080-exec-1] o.e.kortex.users.domain.UserService      : Пользователь обновлен с id: 2
2026-01-06 23:27:52.203  INFO 14112 --- [http-nio-8080-exec-1] o.e.kortex.users.domain.AuthService      : Пароль успешно изменен для пользователя: bgeheh@bk.ru
2026-01-06 23:27:53.220  INFO 14112 --- [http-nio-8080-exec-3] org.example.kortex.config.JwtFilter      : JWT найден в cookie
2026-01-06 23:27:53.225  INFO 14112 --- [http-nio-8080-exec-3] org.example.kortex.config.JwtFilter      : JWT валиден для email: bgeheh@bk.ru, role: COURIER
2026-01-06 23:27:53.251  INFO 14112 --- [http-nio-8080-exec-3] o.e.kortex.users.domain.UserService      : Поиск пользователя с email: bgeheh@bk.ru
2026-01-06 23:27:53.256  INFO 14112 --- [http-nio-8080-exec-3] org.example.kortex.config.JwtFilter      : Аутентификация установлена для: bgeheh@bk.ru
2026-01-06 23:27:53.327  INFO 14112 --- [http-nio-8080-exec-1] org.example.kortex.config.JwtFilter      : JWT найден в cookie
2026-01-06 23:27:53.334  INFO 14112 --- [http-nio-8080-exec-1] org.example.kortex.config.JwtFilter      : JWT валиден для email: bgeheh@bk.ru, role: COURIER
2026-01-06 23:27:53.334  INFO 14112 --- [http-nio-8080-exec-1] o.e.kortex.users.domain.UserService      : Поиск пользователя с email: bgeheh@bk.ru
2026-01-06 23:27:53.344  INFO 14112 --- [http-nio-8080-exec-1] org.example.kortex.config.JwtFilter      : Аутентификация установлена для: bgeheh@bk.ru
2026-01-06 23:27:53.346  INFO 14112 --- [http-nio-8080-exec-1] o.e.k.products.api.ProductController     : Асинхронный запрос товаров: category=null, query=null, page=0, size=12
2026-01-06 23:27:53.349  INFO 14112 --- [Async-5] o.e.k.products.domain.ProductService     : Запрос на выдачу всех товаров с фильром: ProductSearchFilter[category=null, query=null, pageSize=12, pageNumber=0]
2026-01-06 23:27:53.377  INFO 14112 --- [Async-5] o.e.k.products.domain.ProductService     : Поиск завершен за 27 мс, найдено: 1 товаров
2026-01-06 23:27:53.377  INFO 14112 --- [Async-5] o.e.k.products.domain.ProductService     : Выдача всех товаров с фильтром: ProductSearchFilter[category=null, query=null, pageSize=12, pageNumber=0]
2026-01-06 23:27:53.399  INFO 14112 --- [http-nio-8080-exec-5] org.example.kortex.config.JwtFilter      : JWT найден в cookie
2026-01-06 23:27:53.403  INFO 14112 --- [http-nio-8080-exec-7] org.example.kortex.config.JwtFilter      : JWT найден в cookie
2026-01-06 23:27:53.406  INFO 14112 --- [http-nio-8080-exec-5] org.example.kortex.config.JwtFilter      : JWT валиден для email: bgeheh@bk.ru, role: COURIER
2026-01-06 23:27:53.406  INFO 14112 --- [http-nio-8080-exec-5] o.e.kortex.users.domain.UserService      : Поиск пользователя с email: bgeheh@bk.ru
2026-01-06 23:27:53.406  INFO 14112 --- [http-nio-8080-exec-7] org.example.kortex.config.JwtFilter      : JWT валиден для email: bgeheh@bk.ru, role: COURIER
2026-01-06 23:27:53.406  INFO 14112 --- [http-nio-8080-exec-7] o.e.kortex.users.domain.UserService      : Поиск пользователя с email: bgeheh@bk.ru
2026-01-06 23:27:53.409  INFO 14112 --- [http-nio-8080-exec-7] org.example.kortex.config.JwtFilter      : Аутентификация установлена для: bgeheh@bk.ru
2026-01-06 23:27:53.409  INFO 14112 --- [http-nio-8080-exec-5] org.example.kortex.config.JwtFilter      : Аутентификация установлена для: bgeheh@bk.ru
2026-01-06 23:27:54.871  INFO 14112 --- [http-nio-8080-exec-9] org.example.kortex.config.JwtFilter      : JWT найден в cookie
2026-01-06 23:27:54.888  INFO 14112 --- [http-nio-8080-exec-9] org.example.kortex.config.JwtFilter      : JWT валиден для email: bgeheh@bk.ru, role: COURIER
2026-01-06 23:27:54.889  INFO 14112 --- [http-nio-8080-exec-9] o.e.kortex.users.domain.UserService      : Поиск пользователя с email: bgeheh@bk.ru
2026-01-06 23:27:54.891  INFO 14112 --- [http-nio-8080-exec-9] org.example.kortex.config.JwtFilter      : Аутентификация установлена для: bgeheh@bk.ru
2026-01-06 23:27:54.946  INFO 14112 --- [http-nio-8080-exec-5] org.example.kortex.config.JwtFilter      : JWT найден в cookie
2026-01-06 23:27:54.953  INFO 14112 --- [http-nio-8080-exec-5] org.example.kortex.config.JwtFilter      : JWT валиден для email: bgeheh@bk.ru, role: COURIER
2026-01-06 23:27:54.954  INFO 14112 --- [http-nio-8080-exec-5] o.e.kortex.users.domain.UserService      : Поиск пользователя с email: bgeheh@bk.ru
2026-01-06 23:27:54.957  INFO 14112 --- [http-nio-8080-exec-5] org.example.kortex.config.JwtFilter      : Аутентификация установлена для: bgeheh@bk.ru
2026-01-06 23:27:59.023  INFO 14112 --- [http-nio-8080-exec-6] o.e.kortex.users.domain.AuthService      : Попытка входа для email=s5090@inbox.ru
2026-01-06 23:27:59.023  WARN 14112 --- [http-nio-8080-exec-9] .w.s.m.s.DefaultHandlerExceptionResolver : Resolved [org.springframework.web.HttpMediaTypeNotSupportedException: Content type 'application/x-www-form-urlencoded;charset=UTF-8' not supported]
2026-01-06 23:27:59.024  INFO 14112 --- [http-nio-8080-exec-6] o.e.kortex.users.domain.UserService      : Поиск пользователя с email: s5090@inbox.ru
2026-01-06 23:27:59.029  INFO 14112 --- [http-nio-8080-exec-8] o.e.kortex.users.domain.AuthService      : Попытка входа для email=s5090@inbox.ru
2026-01-06 23:27:59.030  INFO 14112 --- [http-nio-8080-exec-8] o.e.kortex.users.domain.UserService      : Поиск пользователя с email: s5090@inbox.ru
2026-01-06 23:27:59.112  INFO 14112 --- [http-nio-8080-exec-6] o.e.kortex.users.domain.UserService      : Поиск пользователя с email: s5090@inbox.ru
2026-01-06 23:27:59.119  INFO 14112 --- [http-nio-8080-exec-6] o.e.kortex.users.domain.AuthService      : Пользователь вошел: s5090@inbox.ru, ID=1
2026-01-06 23:27:59.125  INFO 14112 --- [http-nio-8080-exec-8] o.e.kortex.users.domain.UserService      : Поиск пользователя с email: s5090@inbox.ru
2026-01-06 23:27:59.139  INFO 14112 --- [http-nio-8080-exec-8] o.e.kortex.users.domain.AuthService      : Пользователь вошел: s5090@inbox.ru, ID=1
2026-01-06 23:28:00.215  INFO 14112 --- [http-nio-8080-exec-2] org.example.kortex.config.JwtFilter      : JWT найден в cookie
2026-01-06 23:28:00.220  INFO 14112 --- [http-nio-8080-exec-2] org.example.kortex.config.JwtFilter      : JWT валиден для email: s5090@inbox.ru, role: ADMIN
2026-01-06 23:28:00.220  INFO 14112 --- [http-nio-8080-exec-2] o.e.kortex.users.domain.UserService      : Поиск пользователя с email: s5090@inbox.ru
2026-01-06 23:28:00.226  INFO 14112 --- [http-nio-8080-exec-2] org.example.kortex.config.JwtFilter      : Аутентификация установлена для: s5090@inbox.ru
2026-01-06 23:28:00.316  INFO 14112 --- [http-nio-8080-exec-8] org.example.kortex.config.JwtFilter      : JWT найден в cookie
2026-01-06 23:28:00.339  INFO 14112 --- [http-nio-8080-exec-8] org.example.kortex.config.JwtFilter      : JWT валиден для email: s5090@inbox.ru, role: ADMIN
2026-01-06 23:28:00.340  INFO 14112 --- [http-nio-8080-exec-8] o.e.kortex.users.domain.UserService      : Поиск пользователя с email: s5090@inbox.ru
2026-01-06 23:28:00.358  INFO 14112 --- [http-nio-8080-exec-8] org.example.kortex.config.JwtFilter      : Аутентификация установлена для: s5090@inbox.ru
2026-01-06 23:28:00.360  INFO 14112 --- [http-nio-8080-exec-8] o.e.k.products.api.ProductController     : Асинхронный запрос товаров: category=null, query=null, page=0, size=12
2026-01-06 23:28:00.361  INFO 14112 --- [Async-6] o.e.k.products.domain.ProductService     : Запрос на выдачу всех товаров с фильром: ProductSearchFilter[category=null, query=null, pageSize=12, pageNumber=0]
2026-01-06 23:28:00.374  INFO 14112 --- [Async-6] o.e.k.products.domain.ProductService     : Поиск завершен за 13 мс, найдено: 1 товаров
2026-01-06 23:28:00.374  INFO 14112 --- [Async-6] o.e.k.products.domain.ProductService     : Выдача всех товаров с фильтром: ProductSearchFilter[category=null, query=null, pageSize=12, pageNumber=0]
2026-01-06 23:28:00.380  INFO 14112 --- [http-nio-8080-exec-10] org.example.kortex.config.JwtFilter      : JWT найден в cookie
2026-01-06 23:28:00.384  INFO 14112 --- [http-nio-8080-exec-4] org.example.kortex.config.JwtFilter      : JWT найден в cookie
2026-01-06 23:28:00.390  INFO 14112 --- [http-nio-8080-exec-10] org.example.kortex.config.JwtFilter      : JWT валиден для email: s5090@inbox.ru, role: ADMIN
2026-01-06 23:28:00.390  INFO 14112 --- [http-nio-8080-exec-10] o.e.kortex.users.domain.UserService      : Поиск пользователя с email: s5090@inbox.ru
2026-01-06 23:28:00.392  INFO 14112 --- [http-nio-8080-exec-4] org.example.kortex.config.JwtFilter      : JWT валиден для email: s5090@inbox.ru, role: ADMIN
2026-01-06 23:28:00.392  INFO 14112 --- [http-nio-8080-exec-4] o.e.kortex.users.domain.UserService      : Поиск пользователя с email: s5090@inbox.ru
2026-01-06 23:28:00.395  INFO 14112 --- [http-nio-8080-exec-10] org.example.kortex.config.JwtFilter      : Аутентификация установлена для: s5090@inbox.ru
2026-01-06 23:28:00.396  INFO 14112 --- [http-nio-8080-exec-4] org.example.kortex.config.JwtFilter      : Аутентификация установлена для: s5090@inbox.ru
2026-01-06 23:28:11.380  INFO 14112 --- [http-nio-8080-exec-7] org.example.kortex.config.JwtFilter      : JWT найден в cookie
2026-01-06 23:28:11.385  INFO 14112 --- [http-nio-8080-exec-7] org.example.kortex.config.JwtFilter      : JWT валиден для email: s5090@inbox.ru, role: ADMIN
2026-01-06 23:28:11.385  INFO 14112 --- [http-nio-8080-exec-7] o.e.kortex.users.domain.UserService      : Поиск пользователя с email: s5090@inbox.ru
2026-01-06 23:28:11.390  INFO 14112 --- [http-nio-8080-exec-7] org.example.kortex.config.JwtFilter      : Аутентификация установлена для: s5090@inbox.ru
2026-01-06 23:28:11.460  INFO 14112 --- [http-nio-8080-exec-1] org.example.kortex.config.JwtFilter      : JWT найден в cookie
2026-01-06 23:28:11.463  INFO 14112 --- [http-nio-8080-exec-5] org.example.kortex.config.JwtFilter      : JWT найден в cookie
2026-01-06 23:28:11.465  INFO 14112 --- [http-nio-8080-exec-1] org.example.kortex.config.JwtFilter      : JWT валиден для email: s5090@inbox.ru, role: ADMIN
2026-01-06 23:28:11.465  INFO 14112 --- [http-nio-8080-exec-1] o.e.kortex.users.domain.UserService      : Поиск пользователя с email: s5090@inbox.ru
2026-01-06 23:28:11.467  INFO 14112 --- [http-nio-8080-exec-5] org.example.kortex.config.JwtFilter      : JWT валиден для email: s5090@inbox.ru, role: ADMIN
2026-01-06 23:28:11.468  INFO 14112 --- [http-nio-8080-exec-5] o.e.kortex.users.domain.UserService      : Поиск пользователя с email: s5090@inbox.ru
2026-01-06 23:28:11.472  INFO 14112 --- [http-nio-8080-exec-1] org.example.kortex.config.JwtFilter      : Аутентификация установлена для: s5090@inbox.ru
2026-01-06 23:28:11.472  INFO 14112 --- [http-nio-8080-exec-5] org.example.kortex.config.JwtFilter      : Аутентификация установлена для: s5090@inbox.ru
2026-01-06 23:28:11.496  INFO 14112 --- [http-nio-8080-exec-6] org.example.kortex.config.JwtFilter      : JWT найден в cookie
2026-01-06 23:28:11.508  INFO 14112 --- [http-nio-8080-exec-6] org.example.kortex.config.JwtFilter      : JWT валиден для email: s5090@inbox.ru, role: ADMIN
2026-01-06 23:28:11.508  INFO 14112 --- [http-nio-8080-exec-6] o.e.kortex.users.domain.UserService      : Поиск пользователя с email: s5090@inbox.ru
2026-01-06 23:28:11.512  INFO 14112 --- [http-nio-8080-exec-6] org.example.kortex.config.JwtFilter      : Аутентификация установлена для: s5090@inbox.ru
2026-01-06 23:28:11.521  INFO 14112 --- [http-nio-8080-exec-8] org.example.kortex.config.JwtFilter      : JWT найден в cookie
2026-01-06 23:28:11.527  INFO 14112 --- [http-nio-8080-exec-8] org.example.kortex.config.JwtFilter      : JWT валиден для email: s5090@inbox.ru, role: ADMIN
2026-01-06 23:28:11.527  INFO 14112 --- [http-nio-8080-exec-8] o.e.kortex.users.domain.UserService      : Поиск пользователя с email: s5090@inbox.ru
2026-01-06 23:28:11.531  INFO 14112 --- [http-nio-8080-exec-8] org.example.kortex.config.JwtFilter      : Аутентификация установлена для: s5090@inbox.ru
2026-01-06 23:28:12.740  INFO 14112 --- [http-nio-8080-exec-9] org.example.kortex.config.JwtFilter      : JWT найден в cookie
2026-01-06 23:28:12.743  INFO 14112 --- [http-nio-8080-exec-9] org.example.kortex.config.JwtFilter      : JWT валиден для email: s5090@inbox.ru, role: ADMIN
2026-01-06 23:28:12.744  INFO 14112 --- [http-nio-8080-exec-9] o.e.kortex.users.domain.UserService      : Поиск пользователя с email: s5090@inbox.ru
2026-01-06 23:28:12.747  INFO 14112 --- [http-nio-8080-exec-9] org.example.kortex.config.JwtFilter      : Аутентификация установлена для: s5090@inbox.ru
2026-01-06 23:28:12.822  INFO 14112 --- [http-nio-8080-exec-9] org.example.kortex.config.JwtFilter      : JWT найден в cookie
2026-01-06 23:28:12.825  INFO 14112 --- [http-nio-8080-exec-9] org.example.kortex.config.JwtFilter      : JWT валиден для email: s5090@inbox.ru, role: ADMIN
2026-01-06 23:28:12.826  INFO 14112 --- [http-nio-8080-exec-9] o.e.kortex.users.domain.UserService      : Поиск пользователя с email: s5090@inbox.ru
2026-01-06 23:28:12.830  INFO 14112 --- [http-nio-8080-exec-9] org.example.kortex.config.JwtFilter      : Аутентификация установлена для: s5090@inbox.ru
2026-01-06 23:28:12.858  INFO 14112 --- [http-nio-8080-exec-3] org.example.kortex.config.JwtFilter      : JWT найден в cookie
2026-01-06 23:28:12.861  INFO 14112 --- [http-nio-8080-exec-3] org.example.kortex.config.JwtFilter      : JWT валиден для email: s5090@inbox.ru, role: ADMIN
2026-01-06 23:28:12.861  INFO 14112 --- [http-nio-8080-exec-3] o.e.kortex.users.domain.UserService      : Поиск пользователя с email: s5090@inbox.ru
2026-01-06 23:28:12.870  INFO 14112 --- [http-nio-8080-exec-3] org.example.kortex.config.JwtFilter      : Аутентификация установлена для: s5090@inbox.ru
2026-01-06 23:28:12.908  INFO 14112 --- [http-nio-8080-exec-5] org.example.kortex.config.JwtFilter      : JWT найден в cookie
2026-01-06 23:28:12.913  INFO 14112 --- [http-nio-8080-exec-5] org.example.kortex.config.JwtFilter      : JWT валиден для email: s5090@inbox.ru, role: ADMIN
2026-01-06 23:28:12.913  INFO 14112 --- [http-nio-8080-exec-5] o.e.kortex.users.domain.UserService      : Поиск пользователя с email: s5090@inbox.ru
2026-01-06 23:28:12.919  INFO 14112 --- [http-nio-8080-exec-5] org.example.kortex.config.JwtFilter      : Аутентификация установлена для: s5090@inbox.ru
2026-01-06 23:28:18.033  INFO 14112 --- [http-nio-8080-exec-10] org.example.kortex.config.JwtFilter      : JWT найден в cookie
2026-01-06 23:28:18.043  INFO 14112 --- [http-nio-8080-exec-10] org.example.kortex.config.JwtFilter      : JWT валиден для email: s5090@inbox.ru, role: ADMIN
2026-01-06 23:28:18.044  INFO 14112 --- [http-nio-8080-exec-10] o.e.kortex.users.domain.UserService      : Поиск пользователя с email: s5090@inbox.ru
2026-01-06 23:28:18.050  INFO 14112 --- [http-nio-8080-exec-10] org.example.kortex.config.JwtFilter      : Аутентификация установлена для: s5090@inbox.ru
2026-01-06 23:28:18.134  INFO 14112 --- [http-nio-8080-exec-2] org.example.kortex.config.JwtFilter      : JWT найден в cookie
2026-01-06 23:28:18.143  INFO 14112 --- [http-nio-8080-exec-8] org.example.kortex.config.JwtFilter      : JWT найден в cookie
2026-01-06 23:28:18.145  INFO 14112 --- [http-nio-8080-exec-2] org.example.kortex.config.JwtFilter      : JWT валиден для email: s5090@inbox.ru, role: ADMIN
2026-01-06 23:28:18.146  INFO 14112 --- [http-nio-8080-exec-8] org.example.kortex.config.JwtFilter      : JWT валиден для email: s5090@inbox.ru, role: ADMIN
2026-01-06 23:28:18.152  INFO 14112 --- [http-nio-8080-exec-2] o.e.kortex.users.domain.UserService      : Поиск пользователя с email: s5090@inbox.ru
2026-01-06 23:28:18.152  INFO 14112 --- [http-nio-8080-exec-8] o.e.kortex.users.domain.UserService      : Поиск пользователя с email: s5090@inbox.ru
2026-01-06 23:28:18.155  INFO 14112 --- [http-nio-8080-exec-8] org.example.kortex.config.JwtFilter      : Аутентификация установлена для: s5090@inbox.ru
2026-01-06 23:28:18.155  INFO 14112 --- [http-nio-8080-exec-2] org.example.kortex.config.JwtFilter      : Аутентификация установлена для: s5090@inbox.ru
2026-01-06 23:28:18.182  INFO 14112 --- [http-nio-8080-exec-4] org.example.kortex.config.JwtFilter      : JWT найден в cookie
2026-01-06 23:28:18.191  INFO 14112 --- [http-nio-8080-exec-4] org.example.kortex.config.JwtFilter      : JWT валиден для email: s5090@inbox.ru, role: ADMIN
2026-01-06 23:28:18.191  INFO 14112 --- [http-nio-8080-exec-4] o.e.kortex.users.domain.UserService      : Поиск пользователя с email: s5090@inbox.ru
2026-01-06 23:28:18.192  INFO 14112 --- [http-nio-8080-exec-7] org.example.kortex.config.JwtFilter      : JWT найден в cookie
2026-01-06 23:28:18.203  INFO 14112 --- [http-nio-8080-exec-4] org.example.kortex.config.JwtFilter      : Аутентификация установлена для: s5090@inbox.ru
2026-01-06 23:28:18.205  INFO 14112 --- [http-nio-8080-exec-7] org.example.kortex.config.JwtFilter      : JWT валиден для email: s5090@inbox.ru, role: ADMIN
2026-01-06 23:28:18.213  INFO 14112 --- [http-nio-8080-exec-7] o.e.kortex.users.domain.UserService      : Поиск пользователя с email: s5090@inbox.ru
2026-01-06 23:28:18.223  INFO 14112 --- [http-nio-8080-exec-7] org.example.kortex.config.JwtFilter      : Аутентификация установлена для: s5090@inbox.ru
2026-01-06 23:28:18.981  INFO 14112 --- [http-nio-8080-exec-9] org.example.kortex.config.JwtFilter      : JWT найден в cookie
2026-01-06 23:28:18.987  INFO 14112 --- [http-nio-8080-exec-9] org.example.kortex.config.JwtFilter      : JWT валиден для email: s5090@inbox.ru, role: ADMIN
2026-01-06 23:28:18.988  INFO 14112 --- [http-nio-8080-exec-9] o.e.kortex.users.domain.UserService      : Поиск пользователя с email: s5090@inbox.ru
2026-01-06 23:28:18.993  INFO 14112 --- [http-nio-8080-exec-9] org.example.kortex.config.JwtFilter      : Аутентификация установлена для: s5090@inbox.ru
2026-01-06 23:28:19.094  INFO 14112 --- [http-nio-8080-exec-7] org.example.kortex.config.JwtFilter      : JWT найден в cookie
2026-01-06 23:28:19.097  INFO 14112 --- [http-nio-8080-exec-7] org.example.kortex.config.JwtFilter      : JWT валиден для email: s5090@inbox.ru, role: ADMIN
2026-01-06 23:28:19.097  INFO 14112 --- [http-nio-8080-exec-7] o.e.kortex.users.domain.UserService      : Поиск пользователя с email: s5090@inbox.ru
2026-01-06 23:28:19.102  INFO 14112 --- [http-nio-8080-exec-7] org.example.kortex.config.JwtFilter      : Аутентификация установлена для: s5090@inbox.ru
